id_atendimento;data_atendimento;hora_atendimento;cliente;telefone;cidade;uf;profissional;servico;categoria;valor;forma_pagamento;status;canal_agendamento
100001;2025-08-01;09:00;Débora Ribeiro;11980000318;São Caetano do Sul;SP;Camila Rodrigues;Hidratação;Cabelos;95.0;Cartão de crédito;Concluído;Presencial
100002;2025-08-01;09:00;Isabela Silva;11980000238;São Caetano do Sul;SP;Patrícia Alves;Manicure + Pedicure;Unhas;70.0;Cartão de débito;Concluído;WhatsApp
100003;2025-08-01;10:00;Elaine Santos;11980000231;São Bernardo do Campo;SP;Fernanda Costa;Manicure + Pedicure;Unhas;70.0;PIX;Concluído;Instagram
100004;2025-08-01;10:30;Juliana Mendes;11980000188;São Caetano do Sul;SP;Mariana Silva;Pedicure;Unhas;40.0;Dinheiro;Concluído;Telefone
100005;2025-08-01;10:30;Patrícia Souza;11980000306;São Paulo;SP;Bruna Oliveira;Design de sobrancelhas;Sobrancelhas;45.0;Dinheiro;Concluído;Telefone
100006;2025-08-01;11:30;Monique Almeida;11980000059;Santo André;SP;Renata Souza;Design de sobrancelhas;Sobrancelhas;40.5;PIX;Concluído;Presencial
100007;2025-08-01;11:30;Amanda Ribeiro;11980000012;Diadema;SP;Mariana Silva;Design + Henna;Sobrancelhas;0.0;Cartão de crédito;Cancelado;Instagram
100008;2025-08-01;13:00;Fernanda Martins;11980000200;Diadema;SP;Camila Rodrigues;Extensão de cílios;Cílios;180.0;PIX;Concluído;Instagram
100009;2025-08-01;14:00;Juliana Ribeiro;11980000282;Diadema;SP;Juliana Martins;Design de sobrancelhas;Sobrancelhas;45.0;Cartão de débito;Concluído;WhatsApp
100010;2025-08-01;14:30;Fernanda Almeida;11980000363;Diadema;SP;Renata Souza;Manutenção de alongamento;Unhas;100.0;PIX;Concluído;Presencial
100011;2025-08-01;14:30;Priscila Barbosa;11980000150;Santo André;SP;Camila Rodrigues;Manicure + Pedicure;Unhas;70.0;Dinheiro;Concluído;Presencial
100012;2025-08-01;14:30;Letícia Oliveira;11980000345;Mauá;SP;Larissa Santos;Manicure;Unhas;35.0;Cartão de crédito;Concluído;Presencial
100013;2025-08-01;15:00;Carla Santos;11980000060;São Paulo;SP;Patrícia Alves;Manicure + Pedicure;Unhas;70.0;Cartão de crédito;Concluído;Telefone
100014;2025-08-01;15:00;Tatiane Silva;11980000289;Santo André;SP;Bruna Oliveira;Spa dos pés;Estética;0.0;Dinheiro;Cancelado;WhatsApp
100015;2025-08-01;16:30;Rafaela Gomes;11980000356;Diadema;SP;Patrícia Alves;Esmaltação em gel;Unhas;80.0;Dinheiro;Concluído;Presencial
100016;2025-08-01;16:30;Simone Ferreira;11980000390;Mauá;SP;Larissa Santos;Esmaltação em gel;Unhas;80.0;Cartão de crédito;Concluído;WhatsApp
100017;2025-08-01;16:30;Paula Martins;11980000323;São Paulo;SP;Patrícia Alves;Pedicure;Unhas;40.0;Cartão de crédito;Concluído;Presencial
100018;2025-08-01;16:30;Daniela Ferreira;11980000108;Mauá;SP;Mariana Silva;Hidratação;Cabelos;95.0;Cartão de crédito;Concluído;Instagram
100019;2025-08-01;16:30;Paula Souza;11980000283;São Paulo;SP;Patrícia Alves;Manicure + Pedicure;Unhas;0.0;Cartão de crédito;Cancelado;Presencial
100020;2025-08-01;17:00;Camila Carvalho;11980000210;São Bernardo do Campo;SP;Larissa Santos;Alongamento de unhas;Unhas;150.0;PIX;Concluído;Instagram
100021;2025-08-01;17:00;Beatriz Ribeiro;11980000244;Diadema;SP;Juliana Martins;Manutenção de alongamento;Unhas;100.0;Cartão de débito;Concluído;WhatsApp
100022;2025-08-01;17:30;Larissa Lima;11980000326;São Paulo;SP;Patrícia Alves;Design de sobrancelhas;Sobrancelhas;45.0;Cartão de crédito;Concluído;Presencial
100023;2025-08-01;17:30;Sabrina Souza;11980000038;Mauá;SP;Larissa Santos;Spa dos pés;Estética;65.0;Dinheiro;Concluído;Telefone
100024;2025-08-01;18:00;Rafaela Gomes;11980000006;São Paulo;SP;Juliana Martins;Pedicure;Unhas;40.0;Cartão de crédito;Concluído;Presencial
100025;2025-08-02;09:00;Sabrina Lima;11980000062;São Caetano do Sul;SP;Camila Rodrigues;Extensão de cílios;Cílios;180.0;Cartão de débito;Concluído;Telefone
100026;2025-08-02;09:00;Isabela Barbosa;11980000117;São Paulo;SP;Camila Rodrigues;Manicure;Unhas;35.0;Dinheiro;Concluído;Instagram
100027;2025-08-02;09:00;Beatriz Oliveira;11980000329;São Caetano do Sul;SP;Patrícia Alves;Manicure;Unhas;35.0;Cartão de crédito;Concluído;Instagram
100028;2025-08-02;09:30;Amanda Barbosa;11980000290;São Paulo;SP;Larissa Santos;Escova;Cabelos;70.0;Dinheiro;Concluído;Instagram
100029;2025-08-02;10:00;Raquel Silva;11980000275;Diadema;SP;Mariana Silva;Alongamento de unhas;Unhas;150.0;Dinheiro;Concluído;Instagram
100030;2025-08-02;10:00;Aline Pereira;11980000322;Mauá;SP;Bruna Oliveira;Alongamento de unhas;Unhas;150.0;PIX;Concluído;Telefone
100031;2025-08-02;10:00;Daniela Rocha;11980000172;São Paulo;SP;Bruna Oliveira;Manicure + Pedicure;Unhas;70.0;PIX;Concluído;Telefone
100032;2025-08-02;10:30;Viviane Silva;11980000402;Diadema;SP;Renata Souza;Esmaltação em gel;Unhas;80.0;PIX;Concluído;WhatsApp
100033;2025-08-02;11:30;Fernanda Pereira;11980000292;Santo André;SP;Mariana Silva;Esmaltação em gel;Unhas;80.0;Cartão de débito;Concluído;Telefone
100034;2025-08-02;11:30;Luciana Ramos;11980000029;Santo André;SP;Larissa Santos;Hidratação;Cabelos;95.0;Cartão de débito;Concluído;WhatsApp
100035;2025-08-02;13:00;Camila Rodrigues;11980000009;São Bernardo do Campo;SP;Juliana Martins;Manicure;Unhas;31.5;PIX;Concluído;Presencial
100036;2025-08-02;13:30;Elaine Almeida;11980000110;Diadema;SP;Larissa Santos;Manicure;Unhas;35.0;Dinheiro;Concluído;Telefone
100037;2025-08-02;13:30;Amanda Mendes;11980000127;São Bernardo do Campo;SP;Fernanda Costa;Design + Henna;Sobrancelhas;60.0;Cartão de débito;Concluído;WhatsApp
100038;2025-08-02;13:30;Flávia Cardoso;11980000027;Diadema;SP;Bruna Oliveira;Design de sobrancelhas;Sobrancelhas;45.0;PIX;Concluído;WhatsApp
100039;2025-08-02;14:00;Jéssica Souza;11980000086;Mauá;SP;Mariana Silva;Manicure;Unhas;35.0;PIX;Concluído;WhatsApp
100040;2025-08-02;14:30;Natália Barbosa;11980000328;Santo André;SP;Patrícia Alves;Manicure + Pedicure;Unhas;63.0;Cartão de crédito;Concluído;Instagram
100041;2025-08-02;15:00;Renata Rocha;11980000423;Santo André;SP;Renata Souza;Esmaltação em gel;Unhas;80.0;Cartão de débito;Concluído;Instagram
100042;2025-08-02;15:00;Camila Souza;11980000360;Mauá;SP;Patrícia Alves;Pedicure;Unhas;40.0;Dinheiro;Concluído;Telefone
100043;2025-08-02;15:30;Letícia Ribeiro;11980000375;São Bernardo do Campo;SP;Larissa Santos;Design de sobrancelhas;Sobrancelhas;45.0;Dinheiro;Concluído;Presencial
100044;2025-08-02;15:30;Juliana Ribeiro;11980000046;Santo André;SP;Juliana Martins;Manicure;Unhas;35.0;Cartão de crédito;Concluído;Instagram
100045;2025-08-02;15:30;Bianca Rocha;11980000082;São Paulo;SP;Fernanda Costa;Manicure;Unhas;35.0;Cartão de débito;Concluído;Instagram
100046;2025-08-02;16:00;Camila Ferreira;11980000386;São Caetano do Sul;SP;Juliana Martins;Design de sobrancelhas;Sobrancelhas;45.0;Dinheiro;Concluído;Instagram
100047;2025-08-02;16:30;Marcela Vieira;11980000030;São Paulo;SP;Renata Souza;Manicure;Unhas;35.0;PIX;Concluído;Instagram
100048;2025-08-02;16:30;Débora Barbosa;11980000092;Diadema;SP;Camila Rodrigues;Design de sobrancelhas;Sobrancelhas;45.0;Cartão de crédito;Concluído;Telefone
100049;2025-08-02;16:30;Viviane Ferreira;11980000440;Santo André;SP;Juliana Martins;Manicure;Unhas;33.25;Cartão de débito;Concluído;Instagram
100050;2025-08-02;16:30;Monique Mendes;11980000419;Santo André;SP;Juliana Martins;Spa dos pés;Estética;65.0;Dinheiro;Concluído;Presencial
100051;2025-08-02;16:30;Jéssica Carvalho;11980000185;Diadema;SP;Mariana Silva;Manicure;Unhas;35.0;Cartão de crédito;Concluído;WhatsApp
100052;2025-08-02;17:00;Aline Pereira;11980000322;Mauá;SP;Patrícia Alves;Corte feminino;Cabelos;80.75;PIX;Concluído;Instagram
100053;2025-08-02;17:30;Rafaela Gomes;11980000356;Diadema;SP;Mariana Silva;Manutenção de alongamento;Unhas;95.0;PIX;Concluído;WhatsApp
100054;2025-08-02;18:00;Daniela Ferreira;11980000435;São Bernardo do Campo;SP;Fernanda Costa;Pedicure;Unhas;40.0;Dinheiro;Concluído;WhatsApp
100055;2025-08-02;18:00;Larissa Lima;11980000260;Santo André;SP;Fernanda Costa;Design de sobrancelhas;Sobrancelhas;45.0;Dinheiro;Concluído;WhatsApp
100056;2025-08-04;09:30;Elaine Silva;11980000327;São Caetano do Sul;SP;Bruna Oliveira;Manicure;Unhas;35.0;Cartão de crédito;Concluído;Telefone
100057;2025-08-04;09:30;Fernanda Gomes;11980000191;São Paulo;SP;Juliana Martins;Esmaltação em gel;Unhas;72.0;PIX;Concluído;WhatsApp
100058;2025-08-04;10:30;Elaine Santos;11980000231;São Bernardo do Campo;SP;Larissa Santos;Manicure + Pedicure;Unhas;70.0;Cartão de crédito;Concluído;Presencial
100059;2025-08-04;11:00;Sabrina Martins;11980000215;Diadema;SP;Larissa Santos;Coloração;Cabelos;160.0;PIX;Concluído;Instagram
100060;2025-08-04;11:00;Natália Costa;11980000120;São Paulo;SP;Juliana Martins;Coloração;Cabelos;160.0;PIX;Concluído;Instagram
100061;2025-08-04;13:30;Priscila Barbosa;11980000150;Santo André;SP;Fernanda Costa;Manutenção de cílios;Cílios;81.0;Dinheiro;Concluído;Instagram
100062;2025-08-04;14:30;Paula Ribeiro;11980000450;São Caetano do Sul;SP;Larissa Santos;Hidratação;Cabelos;95.0;Dinheiro;Concluído;Instagram
100063;2025-08-04;14:30;Bruna Martins;11980000136;São Bernardo do Campo;SP;Juliana Martins;Manicure;Unhas;35.0;PIX;Concluído;Telefone
100064;2025-08-04;15:30;Beatriz Gomes;11980000076;Mauá;SP;Juliana Martins;Extensão de cílios;Cílios;180.0;PIX;Concluído;Telefone
100065;2025-08-04;16:00;Daniela Rocha;11980000172;São Paulo;SP;Camila Rodrigues;Manutenção de cílios;Cílios;90.0;Cartão de débito;Concluído;Instagram
100066;2025-08-04;16:00;Priscila Ribeiro;11980000436;São Paulo;SP;Mariana Silva;Corte feminino;Cabelos;85.0;Cartão de débito;Concluído;Telefone
100067;2025-08-04;16:30;Cristiane Ferreira;11980000376;São Paulo;SP;Renata Souza;Manicure;Unhas;35.0;Cartão de débito;Concluído;WhatsApp
100068;2025-08-05;10:00;Jéssica Almeida;11980000299;São Paulo;SP;Fernanda Costa;Corte feminino;Cabelos;85.0;PIX;Concluído;Presencial
100069;2025-08-05;11:00;Juliana Silva;11980000141;São Bernardo do Campo;SP;Fernanda Costa;Manutenção de alongamento;Unhas;100.0;Cartão de crédito;Concluído;Presencial
100070;2025-08-05;13:30;Marcela Vieira;11980000030;São Paulo;SP;Larissa Santos;Esmaltação em gel;Unhas;0.0;PIX;Não Compareceu;Instagram
100071;2025-08-05;13:30;Isabela Santos;11980000208;Mauá;SP;Larissa Santos;Design de sobrancelhas;Sobrancelhas;45.0;PIX;Concluído;Instagram
100072;2025-08-05;13:30;Natália Carvalho;11980000063;Diadema;SP;Camila Rodrigues;Manicure;Unhas;35.0;Dinheiro;Concluído;WhatsApp
100073;2025-08-05;14:00;Camila Souza;11980000211;São Caetano do Sul;SP;Larissa Santos;Manicure;Unhas;35.0;Dinheiro;Concluído;Instagram
100074;2025-08-05;15:00;Marcela Martins;11980000199;São Paulo;SP;Fernanda Costa;Pedicure;Unhas;38.0;PIX;Concluído;Telefone
100075;2025-08-05;15:00;Gabriela Silva;11980000415;São Paulo;SP;Patrícia Alves;Manicure;Unhas;35.0;Dinheiro;Concluído;Presencial
100076;2025-08-05;15:30;Paula Martins;11980000323;São Paulo;SP;Camila Rodrigues;Spa dos pés;Estética;65.0;Dinheiro;Concluído;Telefone
100077;2025-08-05;16:00;Raquel Ferreira;11980000421;São Bernardo do Campo;SP;Bruna Oliveira;Esmaltação em gel;Unhas;80.0;Cartão de crédito;Concluído;Instagram
100078;2025-08-06;10:00;Raquel Carvalho;11980000193;São Bernardo do Campo;SP;Patrícia Alves;Manutenção de cílios;Cílios;90.0;Dinheiro;Concluído;Presencial
100079;2025-08-06;10:00;Luciana Costa;11980000255;São Caetano do Sul;SP;Patrícia Alves;Manicure + Pedicure;Unhas;70.0;Cartão de débito;Concluído;WhatsApp
100080;2025-08-06;10:30;Tatiane Costa;11980000194;Diadema;SP;Mariana Silva;Esmaltação em gel;Unhas;80.0;Cartão de crédito;Concluído;WhatsApp
100081;2025-08-06;11:30;Tatiane Martins;11980000406;Santo André;SP;Larissa Santos;Design + Henna;Sobrancelhas;60.0;Cartão de débito;Concluído;Instagram
100082;2025-08-06;13:00;Camila Santos;11980000291;São Paulo;SP;Patrícia Alves;Design de sobrancelhas;Sobrancelhas;45.0;Dinheiro;Concluído;Instagram
100083;2025-08-06;13:30;Cristiane Martins;11980000252;Santo André;SP;Camila Rodrigues;Manicure;Unhas;35.0;PIX;Concluído;WhatsApp
100084;2025-08-06;13:30;Simone Silva;11980000137;São Caetano do Sul;SP;Camila Rodrigues;Manutenção de cílios;Cílios;90.0;Dinheiro;Concluído;Instagram
100085;2025-08-06;14:00;Raquel Ferreira;11980000421;São Bernardo do Campo;SP;Mariana Silva;Manutenção de alongamento;Unhas;100.0;PIX;Concluído;WhatsApp
100086;2025-08-06;14:30;Tatiane Costa;11980000194;Diadema;SP;Fernanda Costa;Manutenção de cílios;Cílios;81.0;PIX;Concluído;Presencial
100087;2025-08-06;15:00;Priscila Ribeiro;11980000436;São Paulo;SP;Camila Rodrigues;Pedicure;Unhas;0.0;Cartão de crédito;Cancelado;WhatsApp
100088;2025-08-06;15:00;Monique Lima;11980000410;São Bernardo do Campo;SP;Camila Rodrigues;Manicure + Pedicure;Unhas;70.0;PIX;Concluído;Instagram
100089;2025-08-06;15:00;Elaine Gomes;11980000301;Mauá;SP;Juliana Martins;Manicure + Pedicure;Unhas;70.0;Cartão de crédito;Concluído;Presencial
100090;2025-08-06;15:00;Viviane Rocha;11980000170;Diadema;SP;Renata Souza;Escova;Cabelos;70.0;Cartão de débito;Concluído;Instagram
100091;2025-08-06;15:30;Elaine Souza;11980000091;São Caetano do Sul;SP;Renata Souza;Design de sobrancelhas;Sobrancelhas;45.0;PIX;Concluído;Telefone
100092;2025-08-06;16:30;Beatriz Rocha;11980000079;Santo André;SP;Camila Rodrigues;Manicure + Pedicure;Unhas;70.0;Dinheiro;Concluído;WhatsApp
100093;2025-08-06;16:30;Elaine Gomes;11980000335;Santo André;SP;Patrícia Alves;Design de sobrancelhas;Sobrancelhas;45.0;PIX;Concluído;Instagram
100094;2025-08-06;17:00;Bruna Almeida;11980000369;Mauá;SP;Camila Rodrigues;Manicure;Unhas;33.25;Cartão de crédito;Concluído;Presencial
100095;2025-08-06;18:00;Elaine Gomes;11980000301;Mauá;SP;Patrícia Alves;Manutenção de cílios;Cílios;90.0;PIX;Concluído;Presencial
100096;2025-08-07;09:30;Beatriz Ribeiro;11980000244;Diadema;SP;Fernanda Costa;Manicure;Unhas;35.0;Cartão de crédito;Concluído;Presencial
100097;2025-08-07;10:30;Simone Oliveira;11980000058;São Paulo;SP;Bruna Oliveira;Manicure;Unhas;0.0;PIX;Cancelado;Telefone
100098;2025-08-07;11:00;Vanessa Martins;11980000020;São Bernardo do Campo;SP;Patrícia Alves;Manicure + Pedicure;Unhas;70.0;Dinheiro;Concluído;Telefone
100099;2025-08-07;13:00;Flávia Lima;11980000089;Diadema;SP;Patrícia Alves;Spa dos pés;Estética;65.0;Dinheiro;Concluído;Presencial
100100;2025-08-07;14:00;Bianca Lopes;11980000023;Diadema;SP;Fernanda Costa;Manutenção de alongamento;Unhas;100.0;Cartão de débito;Concluído;Instagram
100101;2025-08-07;14:00;Carla Gomes;11980000445;São Caetano do Sul;SP;Mariana Silva;Hidratação;Cabelos;95.0;Dinheiro;Concluído;Presencial
100102;2025-08-07;14:00;Débora Santos;11980000104;São Bernardo do Campo;SP;Patrícia Alves;Escova;Cabelos;70.0;PIX;Concluído;Presencial
100103;2025-08-07;15:30;Camila Ferreira;11980000386;São Caetano do Sul;SP;Juliana Martins;Manicure;Unhas;31.5;Dinheiro;Concluído;Instagram
100104;2025-08-07;16:00;Bianca Santos;11980000251;São Caetano do Sul;SP;Fernanda Costa;Manicure;Unhas;35.0;Dinheiro;Concluído;Presencial
100105;2025-08-07;17:30;Elaine Silva;11980000327;São Caetano do Sul;SP;Fernanda Costa;Spa dos pés;Estética;65.0;Cartão de débito;Concluído;Presencial
100106;2025-08-07;18:00;Paula Souza;11980000283;São Paulo;SP;Mariana Silva;Hidratação;Cabelos;95.0;PIX;Concluído;Presencial
100107;2025-08-07;18:00;Larissa Martins;11980000284;Diadema;SP;Camila Rodrigues;Escova;Cabelos;70.0;Dinheiro;Concluído;Instagram
100108;2025-08-08;09:00;Beatriz Ferreira;11980000334;São Bernardo do Campo;SP;Bruna Oliveira;Esmaltação em gel;Unhas;80.0;Cartão de crédito;Concluído;WhatsApp
100109;2025-08-08;11:00;Marcela Vieira;11980000030;São Paulo;SP;Bruna Oliveira;Design + Henna;Sobrancelhas;54.0;Dinheiro;Concluído;Telefone
100110;2025-08-08;11:30;Fernanda Gomes;11980000191;São Paulo;SP;Larissa Santos;Design de sobrancelhas;Sobrancelhas;0.0;Dinheiro;Cancelado;Telefone
100111;2025-08-08;13:00;Elaine Moura;11980000026;São Bernardo do Campo;SP;Patrícia Alves;Escova;Cabelos;70.0;Cartão de crédito;Concluído;Telefone
100112;2025-08-08;13:00;Daniela Silva;11980000437;São Paulo;SP;Mariana Silva;Manutenção de alongamento;Unhas;100.0;Dinheiro;Concluído;WhatsApp
100113;2025-08-08;13:30;Viviane Ferreira;11980000440;Santo André;SP;Juliana Martins;Spa dos pés;Estética;65.0;Dinheiro;Concluído;Telefone
100114;2025-08-08;14:00;Elaine Carvalho;11980000151;Mauá;SP;Juliana Martins;Manutenção de alongamento;Unhas;90.0;Cartão de crédito;Concluído;Telefone
100115;2025-08-08;14:00;Viviane Ferreira;11980000142;Mauá;SP;Mariana Silva;Hidratação;Cabelos;95.0;Cartão de débito;Concluído;Instagram
100116;2025-08-08;14:30;Carla Oliveira;11980000115;Santo André;SP;Fernanda Costa;Design de sobrancelhas;Sobrancelhas;45.0;Cartão de débito;Concluído;Presencial
100117;2025-08-08;14:30;Tatiane Silva;11980000262;São Paulo;SP;Mariana Silva;Design de sobrancelhas;Sobrancelhas;45.0;PIX;Concluído;Telefone
100118;2025-08-08;15:30;Marcela Oliveira;11980000382;Mauá;SP;Larissa Santos;Corte feminino;Cabelos;85.0;Cartão de débito;Concluído;Presencial
100119;2025-08-08;15:30;Sabrina Barbosa;11980000380;Santo André;SP;Larissa Santos;Manutenção de cílios;Cílios;90.0;Cartão de crédito;Concluído;Presencial
100120;2025-08-08;15:30;Natália Carvalho;11980000352;Mauá;SP;Larissa Santos;Corte feminino;Cabelos;80.75;Cartão de crédito;Concluído;Instagram
100121;2025-08-08;16:00;Elaine Ferreira;11980000242;São Caetano do Sul;SP;Renata Souza;Esmaltação em gel;Unhas;80.0;Dinheiro;Concluído;Instagram
100122;2025-08-08;17:00;Fernanda Gomes;11980000191;São Paulo;SP;Fernanda Costa;Design de sobrancelhas;Sobrancelhas;45.0;Dinheiro;Concluído;WhatsApp
100123;2025-08-08;17:00;Jéssica Carvalho;11980000185;Diadema;SP;Renata Souza;Manicure + Pedicure;Unhas;70.0;PIX;Concluído;Instagram
100124;2025-08-09;09:00;Natália Oliveira;11980000373;São Paulo;SP;Patrícia Alves;Pedicure;Unhas;40.0;Cartão de crédito;Concluído;WhatsApp
100125;2025-08-09;09:00;Bianca Costa;11980000388;São Bernardo do Campo;SP;Renata Souza;Manicure;Unhas;35.0;Cartão de crédito;Concluído;Telefone
100126;2025-08-09;09:30;Raquel Carvalho;11980000193;São Bernardo do Campo;SP;Fernanda Costa;Manutenção de cílios;Cílios;90.0;PIX;Concluído;WhatsApp
100127;2025-08-09;09:30;Daniela Ribeiro;11980000171;Diadema;SP;Patrícia Alves;Manicure + Pedicure;Unhas;70.0;Cartão de débito;Concluído;Instagram
100128;2025-08-09;09:30;Patrícia Pereira;11980000220;Diadema;SP;Larissa Santos;Alongamento de unhas;Unhas;135.0;Cartão de débito;Concluído;Telefone
100129;2025-08-09;10:00;Paula Mendes;11980000296;São Caetano do Sul;SP;Patrícia Alves;Esmaltação em gel;Unhas;80.0;Dinheiro;Concluído;Presencial
100130;2025-08-09;10:00;Aline Pereira;11980000319;São Paulo;SP;Fernanda Costa;Hidratação;Cabelos;95.0;Cartão de débito;Concluído;Presencial
100131;2025-08-09;10:00;Viviane Mendes;11980000057;São Bernardo do Campo;SP;Larissa Santos;Manicure;Unhas;35.0;PIX;Concluído;WhatsApp
100132;2025-08-09;10:30;Marcela Ferreira;11980000106;Santo André;SP;Camila Rodrigues;Manicure + Pedicure;Unhas;70.0;Cartão de débito;Concluído;Instagram
100133;2025-08-09;10:30;Sabrina Martins;11980000215;Diadema;SP;Juliana Martins;Esmaltação em gel;Unhas;80.0;PIX;Concluído;Instagram
100134;2025-08-09;11:00;Jéssica Gomes;11980000049;Diadema;SP;Camila Rodrigues;Manicure;Unhas;35.0;Cartão de crédito;Concluído;Presencial
100135;2025-08-09;13:00;Elaine Santos;11980000176;São Caetano do Sul;SP;Larissa Santos;Manicure + Pedicure;Unhas;70.0;Dinheiro;Concluído;Instagram
100136;2025-08-09;14:30;Bianca Ferreira;11980000132;São Paulo;SP;Renata Souza;Manutenção de alongamento;Unhas;100.0;PIX;Concluído;Instagram
100137;2025-08-09;15:30;Jéssica Silva;11980000448;São Caetano do Sul;SP;Camila Rodrigues;Escova;Cabelos;70.0;Cartão de débito;Concluído;WhatsApp
100138;2025-08-09;16:00;Simone Gomes;11980000205;Santo André;SP;Larissa Santos;Manicure + Pedicure;Unhas;70.0;Dinheiro;Concluído;Instagram
100139;2025-08-09;17:00;Beatriz Barbosa;11980000214;Mauá;SP;Larissa Santos;Escova;Cabelos;70.0;Dinheiro;Concluído;WhatsApp
100140;2025-08-09;17:30;Sabrina Ferreira;11980000281;Santo André;SP;Larissa Santos;Corte feminino;Cabelos;85.0;PIX;Concluído;WhatsApp
100141;2025-08-09;18:00;Rafaela Ribeiro;11980000153;São Paulo;SP;Fernanda Costa;Manutenção de alongamento;Unhas;100.0;Cartão de débito;Concluído;Instagram
100142;2025-08-09;18:00;Marcela Ferreira;11980000160;Santo André;SP;Patrícia Alves;Manicure;Unhas;35.0;Cartão de crédito;Concluído;WhatsApp
100143;2025-08-11;09:00;Mariana Oliveira;11980000207;São Caetano do Sul;SP;Bruna Oliveira;Manicure;Unhas;33.25;Cartão de débito;Concluído;Instagram
100144;2025-08-11;10:00;Simone Oliveira;11980000058;São Paulo;SP;Bruna Oliveira;Manutenção de alongamento;Unhas;100.0;Cartão de débito;Concluído;Instagram
100145;2025-08-11;10:30;Vanessa Mendes;11980000343;Santo André;SP;Mariana Silva;Esmaltação em gel;Unhas;80.0;Cartão de crédito;Concluído;Presencial
100146;2025-08-11;11:00;Daniela Rocha;11980000355;São Caetano do Sul;SP;Patrícia Alves;Manutenção de cílios;Cílios;90.0;Cartão de débito;Concluído;Presencial
100147;2025-08-11;11:30;Natália Almeida;11980000077;São Bernardo do Campo;SP;Camila Rodrigues;Manicure;Unhas;33.25;Dinheiro;Concluído;Instagram
100148;2025-08-11;13:00;Elaine Souza;11980000111;Santo André;SP;Larissa Santos;Escova;Cabelos;70.0;PIX;Concluído;WhatsApp
100149;2025-08-11;14:30;Luciana Santos;11980000103;São Paulo;SP;Renata Souza;Design de sobrancelhas;Sobrancelhas;40.5;Cartão de crédito;Concluído;Instagram
100150;2025-08-11;14:30;Mariana Oliveira;11980000002;São Bernardo do Campo;SP;Mariana Silva;Manicure + Pedicure;Unhas;70.0;Cartão de débito;Concluído;WhatsApp
100151;2025-08-11;15:00;Cristiane Martins;11980000039;São Bernardo do Campo;SP;Larissa Santos;Manicure + Pedicure;Unhas;0.0;PIX;Não Compareceu;Instagram
100152;2025-08-11;15:00;Sabrina Martins;11980000215;Diadema;SP;Renata Souza;Manicure + Pedicure;Unhas;0.0;Dinheiro;Não Compareceu;Instagram
100153;2025-08-11;15:30;Bruna Gomes;11980000336;Mauá;SP;Larissa Santos;Coloração;Cabelos;152.0;Cartão de crédito;Concluído;Telefone
100154;2025-08-11;15:30;Cristiane Carvalho;11980000287;São Paulo;SP;Larissa Santos;Extensão de cílios;Cílios;180.0;PIX;Concluído;Instagram
100155;2025-08-11;16:30;Gabriela Pereira;11980000272;Mauá;SP;Camila Rodrigues;Design de sobrancelhas;Sobrancelhas;42.75;Dinheiro;Concluído;Instagram
100156;2025-08-11;16:30;Patrícia Rocha;11980000085;Mauá;SP;Larissa Santos;Manicure;Unhas;35.0;Cartão de crédito;Concluído;Presencial
100157;2025-08-11;17:00;Luciana Ferreira;11980000325;Diadema;SP;Juliana Martins;Manutenção de cílios;Cílios;81.0;Cartão de crédito;Concluído;WhatsApp
100158;2025-08-11;18:00;Juliana Santos;11980000071;São Paulo;SP;Bruna Oliveira;Design de sobrancelhas;Sobrancelhas;45.0;Cartão de débito;Concluído;Instagram
100159;2025-08-12;09:00;Amanda Oliveira;11980000112;São Caetano do Sul;SP;Larissa Santos;Spa dos pés;Estética;65.0;Cartão de débito;Concluído;Instagram
100160;2025-08-12;10:30;Débora Nunes;11980000021;São Paulo;SP;Mariana Silva;Alongamento de unhas;Unhas;150.0;Cartão de débito;Concluído;Telefone
100161;2025-08-12;10:30;Aline Gomes;11980000222;São Bernardo do Campo;SP;Mariana Silva;Manicure;Unhas;35.0;PIX;Concluído;WhatsApp
100162;2025-08-12;11:00;Fernanda Lima;11980000003;São Paulo;SP;Mariana Silva;Manutenção de alongamento;Unhas;100.0;Cartão de débito;Concluído;Telefone
100163;2025-08-12;11:30;Amanda Ferreira;11980000398;Mauá;SP;Renata Souza;Manicure + Pedicure;Unhas;0.0;PIX;Não Compareceu;Instagram
100164;2025-08-12;11:30;Luciana Santos;11980000103;São Paulo;SP;Fernanda Costa;Manutenção de cílios;Cílios;0.0;Cartão de débito;Não Compareceu;Instagram
100165;2025-08-12;13:30;Patrícia Santos;11980000213;Diadema;SP;Bruna Oliveira;Manicure;Unhas;35.0;Cartão de débito;Concluído;Telefone
100166;2025-08-12;13:30;Sabrina Souza;11980000286;Diadema;SP;Juliana Martins;Design de sobrancelhas;Sobrancelhas;45.0;Dinheiro;Concluído;Presencial
100167;2025-08-12;14:30;Isabela Lima;11980000264;Diadema;SP;Larissa Santos;Esmaltação em gel;Unhas;80.0;Cartão de crédito;Concluído;WhatsApp
100168;2025-08-12;14:30;Larissa Rocha;11980000430;Santo André;SP;Camila Rodrigues;Extensão de cílios;Cílios;180.0;PIX;Concluído;Presencial
100169;2025-08-12;15:00;Patrícia Barbosa;11980000196;São Caetano do Sul;SP;Bruna Oliveira;Alongamento de unhas;Unhas;0.0;PIX;Cancelado;WhatsApp
100170;2025-08-12;15:00;Cristiane Martins;11980000252;Santo André;SP;Mariana Silva;Manicure;Unhas;35.0;Cartão de crédito;Concluído;Instagram
100171;2025-08-12;15:00;Mariana Rocha;11980000383;São Caetano do Sul;SP;Patrícia Alves;Manicure;Unhas;35.0;PIX;Concluído;Telefone
100172;2025-08-12;15:30;Rafaela Gomes;11980000356;Diadema;SP;Mariana Silva;Extensão de cílios;Cílios;180.0;Dinheiro;Concluído;Telefone
100173;2025-08-12;16:00;Carla Barbosa;11980000053;Mauá;SP;Renata Souza;Manutenção de cílios;Cílios;90.0;Cartão de débito;Concluído;WhatsApp
100174;2025-08-12;16:30;Flávia Lima;11980000089;Diadema;SP;Juliana Martins;Alongamento de unhas;Unhas;150.0;Cartão de débito;Concluído;Telefone
100175;2025-08-12;17:00;Rafaela Barbosa;11980000381;Santo André;SP;Fernanda Costa;Pedicure;Unhas;40.0;Cartão de débito;Concluído;Instagram
100176;2025-08-12;18:00;Paula Ribeiro;11980000450;São Caetano do Sul;SP;Bruna Oliveira;Escova;Cabelos;70.0;Dinheiro;Concluído;WhatsApp
100177;2025-08-13;09:00;Patrícia Barbosa;11980000196;São Caetano do Sul;SP;Bruna Oliveira;Escova;Cabelos;70.0;Cartão de crédito;Concluído;Presencial
100178;2025-08-13;09:30;Marcela Martins;11980000199;São Paulo;SP;Larissa Santos;Corte feminino;Cabelos;85.0;Cartão de débito;Concluído;Telefone
100179;2025-08-13;10:00;Monique Barbosa;11980000250;São Paulo;SP;Juliana Martins;Pedicure;Unhas;38.0;Cartão de crédito;Concluído;Instagram
100180;2025-08-13;11:00;Débora Martins;11980000408;Diadema;SP;Fernanda Costa;Coloração;Cabelos;144.0;Cartão de débito;Concluído;WhatsApp
100181;2025-08-13;11:30;Marcela Gomes;11980000316;São Bernardo do Campo;SP;Fernanda Costa;Pedicure;Unhas;38.0;PIX;Concluído;Presencial
100182;2025-08-13;11:30;Paula Mendes;11980000414;Diadema;SP;Mariana Silva;Coloração;Cabelos;160.0;Cartão de crédito;Concluído;Presencial
100183;2025-08-13;11:30;Tatiane Mendes;11980000340;Mauá;SP;Renata Souza;Escova;Cabelos;70.0;Cartão de crédito;Concluído;Instagram
100184;2025-08-13;13:30;Viviane Rocha;11980000170;Diadema;SP;Mariana Silva;Manicure;Unhas;33.25;PIX;Concluído;Telefone
100185;2025-08-13;14:00;Simone Ferreira;11980000390;Mauá;SP;Larissa Santos;Pedicure;Unhas;40.0;PIX;Concluído;Telefone
100186;2025-08-13;14:00;Elaine Barbosa;11980000394;São Bernardo do Campo;SP;Renata Souza;Corte feminino;Cabelos;85.0;Dinheiro;Concluído;Instagram
100187;2025-08-13;14:30;Juliana Mendes;11980000188;São Caetano do Sul;SP;Bruna Oliveira;Pedicure;Unhas;40.0;PIX;Concluído;WhatsApp
100188;2025-08-13;14:30;Simone Almeida;11980000184;Santo André;SP;Juliana Martins;Manicure + Pedicure;Unhas;70.0;Cartão de débito;Concluído;Presencial
100189;2025-08-13;15:00;Viviane Ferreira;11980000142;Mauá;SP;Mariana Silva;Manicure;Unhas;35.0;Dinheiro;Concluído;Telefone
100190;2025-08-13;15:30;Beatriz Almeida;11980000157;São Caetano do Sul;SP;Renata Souza;Manutenção de cílios;Cílios;90.0;Cartão de crédito;Concluído;Instagram
100191;2025-08-13;17:30;Amanda Barbosa;11980000290;São Paulo;SP;Patrícia Alves;Manutenção de cílios;Cílios;0.0;PIX;Cancelado;Instagram
100192;2025-08-14;09:00;Monique Almeida;11980000093;São Paulo;SP;Bruna Oliveira;Design de sobrancelhas;Sobrancelhas;40.5;Cartão de débito;Concluído;Instagram
100193;2025-08-14;09:00;Tatiane Costa;11980000194;Diadema;SP;Bruna Oliveira;Manicure;Unhas;33.25;Dinheiro;Concluído;WhatsApp
100194;2025-08-14;09:30;Elaine Souza;11980000091;São Caetano do Sul;SP;Larissa Santos;Corte feminino;Cabelos;85.0;PIX;Concluído;Instagram
100195;2025-08-14;10:00;Vanessa Lima;11980000245;São Bernardo do Campo;SP;Renata Souza;Corte feminino;Cabelos;85.0;Dinheiro;Concluído;WhatsApp
100196;2025-08-14;10:30;Bruna Rocha;11980000081;São Caetano do Sul;SP;Mariana Silva;Design de sobrancelhas;Sobrancelhas;45.0;Dinheiro;Concluído;WhatsApp
100197;2025-08-14;10:30;Isabela Ribeiro;11980000377;São Paulo;SP;Patrícia Alves;Escova;Cabelos;70.0;Dinheiro;Concluído;Instagram
100198;2025-08-14;10:30;Paula Almeida;11980000364;São Paulo;SP;Camila Rodrigues;Design de sobrancelhas;Sobrancelhas;45.0;Dinheiro;Concluído;Telefone
100199;2025-08-14;11:30;Larissa Ribeiro;11980000247;Santo André;SP;Larissa Santos;Manutenção de alongamento;Unhas;100.0;Dinheiro;Concluído;WhatsApp
100200;2025-08-14;11:30;Tatiane Gomes;11980000230;Santo André;SP;Larissa Santos;Hidratação;Cabelos;95.0;Dinheiro;Concluído;Instagram
100201;2025-08-14;13:30;Gabriela Gomes;11980000257;São Caetano do Sul;SP;Patrícia Alves;Manutenção de alongamento;Unhas;100.0;Cartão de débito;Concluído;Instagram
100202;2025-08-14;15:00;Simone Santos;11980000320;Mauá;SP;Fernanda Costa;Pedicure;Unhas;0.0;PIX;Cancelado;Instagram
100203;2025-08-14;15:00;Jéssica Almeida;11980000052;São Caetano do Sul;SP;Renata Souza;Esmaltação em gel;Unhas;80.0;PIX;Concluído;WhatsApp
100204;2025-08-14;15:30;Carla Oliveira;11980000115;Santo André;SP;Bruna Oliveira;Manicure + Pedicure;Unhas;66.5;Dinheiro;Concluído;WhatsApp
100205;2025-08-14;16:00;Amanda Barbosa;11980000290;São Paulo;SP;Mariana Silva;Design de sobrancelhas;Sobrancelhas;45.0;Dinheiro;Concluído;Presencial
100206;2025-08-14;16:00;Jéssica Santos;11980000297;Diadema;SP;Patrícia Alves;Alongamento de unhas;Unhas;150.0;PIX;Concluído;Presencial
100207;2025-08-14;16:30;Camila Carvalho;11980000210;São Bernardo do Campo;SP;Mariana Silva;Manicure;Unhas;35.0;Cartão de débito;Concluído;Presencial
100208;2025-08-14;16:30;Luciana Almeida;11980000309;São Paulo;SP;Camila Rodrigues;Hidratação;Cabelos;90.25;Cartão de débito;Concluído;Presencial
100209;2025-08-14;17:30;Flávia Martins;11980000412;São Bernardo do Campo;SP;Juliana Martins;Escova;Cabelos;0.0;Dinheiro;Cancelado;WhatsApp
100210;2025-08-14;17:30;Débora Barbosa;11980000092;Diadema;SP;Mariana Silva;Design de sobrancelhas;Sobrancelhas;45.0;Cartão de débito;Concluído;Presencial
100211;2025-08-14;18:00;Bianca Santos;11980000066;São Bernardo do Campo;SP;Patrícia Alves;Manicure;Unhas;35.0;Cartão de crédito;Concluído;Telefone
100212;2025-08-15;09:30;Flávia Santos;11980000315;São Bernardo do Campo;SP;Camila Rodrigues;Manutenção de cílios;Cílios;90.0;Cartão de débito;Concluído;Presencial
100213;2025-08-15;09:30;Rafaela Mendes;11980000114;Santo André;SP;Mariana Silva;Manicure;Unhas;35.0;Dinheiro;Concluído;Telefone
100214;2025-08-15;09:30;Jéssica Martins;11980000028;Mauá;SP;Bruna Oliveira;Manutenção de alongamento;Unhas;95.0;Dinheiro;Concluído;Instagram
100215;2025-08-15;10:30;Renata Oliveira;11980000429;São Bernardo do Campo;SP;Mariana Silva;Pedicure;Unhas;40.0;PIX;Concluído;Presencial
100216;2025-08-15;11:30;Priscila Martins;11980000187;Santo André;SP;Bruna Oliveira;Manicure + Pedicure;Unhas;70.0;Cartão de crédito;Concluído;Telefone
100217;2025-08-15;11:30;Jéssica Carvalho;11980000185;Diadema;SP;Renata Souza;Design + Henna;Sobrancelhas;60.0;Cartão de débito;Concluído;Telefone
100218;2025-08-15;11:30;Beatriz Lima;11980000365;São Caetano do Sul;SP;Camila Rodrigues;Coloração;Cabelos;160.0;Dinheiro;Concluído;Telefone
100219;2025-08-15;13:00;Vanessa Mendes;11980000343;Santo André;SP;Bruna Oliveira;Alongamento de unhas;Unhas;142.5;PIX;Concluído;Telefone
100220;2025-08-15;13:30;Fernanda Ribeiro;11980000256;São Paulo;SP;Renata Souza;Pedicure;Unhas;40.0;Cartão de crédito;Concluído;Instagram
100221;2025-08-15;13:30;Simone Silva;11980000035;São Paulo;SP;Bruna Oliveira;Design de sobrancelhas;Sobrancelhas;45.0;Cartão de crédito;Concluído;Presencial
100222;2025-08-15;14:00;Renata Lima;11980000372;São Caetano do Sul;SP;Mariana Silva;Manicure + Pedicure;Unhas;70.0;Cartão de crédito;Concluído;Presencial
100223;2025-08-15;14:00;Elaine Gomes;11980000195;Santo André;SP;Juliana Martins;Manicure + Pedicure;Unhas;70.0;Cartão de débito;Concluído;Presencial
100224;2025-08-15;14:00;Sabrina Ferreira;11980000181;Mauá;SP;Camila Rodrigues;Extensão de cílios;Cílios;180.0;PIX;Concluído;Telefone
100225;2025-08-15;15:30;Cristiane Martins;11980000039;São Bernardo do Campo;SP;Patrícia Alves;Manutenção de alongamento;Unhas;100.0;Cartão de débito;Concluído;Instagram
100226;2025-08-15;16:30;Cristiane Ferreira;11980000295;Diadema;SP;Camila Rodrigues;Pedicure;Unhas;40.0;PIX;Concluído;Telefone
100227;2025-08-15;17:00;Luciana Ferreira;11980000235;São Caetano do Sul;SP;Juliana Martins;Extensão de cílios;Cílios;180.0;PIX;Concluído;Instagram
100228;2025-08-15;17:00;Bianca Costa;11980000388;São Bernardo do Campo;SP;Mariana Silva;Coloração;Cabelos;160.0;PIX;Concluído;Telefone
100229;2025-08-15;18:00;Sabrina Lima;11980000100;Diadema;SP;Camila Rodrigues;Escova;Cabelos;70.0;Cartão de crédito;Concluído;WhatsApp
100230;2025-08-15;18:00;Cristiane Ferreira;11980000295;Diadema;SP;Fernanda Costa;Esmaltação em gel;Unhas;80.0;Cartão de crédito;Concluído;Instagram
100231;2025-08-16;09:00;Amanda Carvalho;11980000212;Santo André;SP;Patrícia Alves;Pedicure;Unhas;40.0;Cartão de crédito;Concluído;WhatsApp
100232;2025-08-16;09:00;Amanda Carvalho;11980000212;Santo André;SP;Fernanda Costa;Pedicure;Unhas;40.0;Cartão de crédito;Concluído;Presencial
100233;2025-08-16;09:30;Fernanda Santos;11980000405;São Bernardo do Campo;SP;Renata Souza;Manicure;Unhas;35.0;Dinheiro;Concluído;Instagram
100234;2025-08-16;09:30;Viviane Lima;11980000198;Mauá;SP;Larissa Santos;Pedicure;Unhas;40.0;PIX;Concluído;Instagram
100235;2025-08-16;09:30;Paula Rocha;11980000097;São Bernardo do Campo;SP;Mariana Silva;Manicure;Unhas;0.0;PIX;Cancelado;Instagram
100236;2025-08-16;10:00;Juliana Silva;11980000395;Mauá;SP;Bruna Oliveira;Esmaltação em gel;Unhas;80.0;Cartão de crédito;Concluído;Presencial
100237;2025-08-16;10:30;Daniela Ferreira;11980000108;Mauá;SP;Patrícia Alves;Alongamento de unhas;Unhas;150.0;Dinheiro;Concluído;WhatsApp
100238;2025-08-16;11:00;Flávia Santos;11980000315;São Bernardo do Campo;SP;Fernanda Costa;Manutenção de alongamento;Unhas;100.0;Cartão de débito;Concluído;Presencial
100239;2025-08-16;11:00;Bruna Carvalho;11980000357;Mauá;SP;Camila Rodrigues;Manicure + Pedicure;Unhas;70.0;Dinheiro;Concluído;Presencial
100240;2025-08-16;11:30;Flávia Mendes;11980000129;Mauá;SP;Camila Rodrigues;Alongamento de unhas;Unhas;150.0;Cartão de débito;Concluído;WhatsApp
100241;2025-08-16;11:30;Sabrina Ferreira;11980000281;Santo André;SP;Larissa Santos;Manicure;Unhas;35.0;Dinheiro;Concluído;Presencial
100242;2025-08-16;13:00;Natália Carvalho;11980000063;Diadema;SP;Mariana Silva;Hidratação;Cabelos;85.5;Cartão de crédito;Concluído;Telefone
100243;2025-08-16;13:00;Flávia Almeida;11980000285;São Paulo;SP;Bruna Oliveira;Hidratação;Cabelos;95.0;Cartão de crédito;Concluído;WhatsApp
100244;2025-08-16;13:30;Carla Mendes;11980000005;Mauá;SP;Bruna Oliveira;Escova;Cabelos;70.0;Cartão de débito;Concluído;Presencial
100245;2025-08-16;14:00;Gabriela Lima;11980000321;Mauá;SP;Renata Souza;Esmaltação em gel;Unhas;80.0;Cartão de débito;Concluído;WhatsApp
100246;2025-08-16;14:00;Monique Almeida;11980000093;São Paulo;SP;Renata Souza;Hidratação;Cabelos;95.0;PIX;Concluído;Instagram
100247;2025-08-16;14:30;Daniela Barbosa;11980000253;Mauá;SP;Renata Souza;Manicure + Pedicure;Unhas;63.0;Dinheiro;Concluído;Presencial
100248;2025-08-16;14:30;Gabriela Barbosa;11980000243;São Paulo;SP;Bruna Oliveira;Design + Henna;Sobrancelhas;0.0;Cartão de crédito;Cancelado;WhatsApp
100249;2025-08-16;14:30;Patrícia Rocha;11980000159;Mauá;SP;Renata Souza;Pedicure;Unhas;40.0;Cartão de crédito;Concluído;Instagram
100250;2025-08-16;14:30;Marcela Oliveira;11980000382;Mauá;SP;Juliana Martins;Pedicure;Unhas;38.0;PIX;Concluído;Instagram
100251;2025-08-16;15:00;Letícia Fernandes;11980000015;São Caetano do Sul;SP;Camila Rodrigues;Design + Henna;Sobrancelhas;54.0;Dinheiro;Concluído;Telefone
100252;2025-08-16;15:00;Simone Oliveira;11980000058;São Paulo;SP;Renata Souza;Design de sobrancelhas;Sobrancelhas;45.0;Cartão de débito;Concluído;Presencial
100253;2025-08-16;15:30;Elaine Santos;11980000231;São Bernardo do Campo;SP;Mariana Silva;Pedicure;Unhas;40.0;Cartão de débito;Concluído;Presencial
100254;2025-08-16;16:00;Paula Ferreira;11980000203;São Caetano do Sul;SP;Renata Souza;Pedicure;Unhas;40.0;Cartão de crédito;Concluído;Presencial
100255;2025-08-16;17:00;Débora Gomes;11980000310;São Paulo;SP;Bruna Oliveira;Manicure + Pedicure;Unhas;70.0;Cartão de débito;Concluído;Presencial
100256;2025-08-16;17:00;Carla Barbosa;11980000053;Mauá;SP;Fernanda Costa;Pedicure;Unhas;40.0;Cartão de crédito;Concluído;WhatsApp
100257;2025-08-16;17:00;Tatiane Santos;11980000094;São Bernardo do Campo;SP;Patrícia Alves;Manicure + Pedicure;Unhas;70.0;Cartão de débito;Concluído;Presencial
100258;2025-08-16;17:30;Patrícia Martins;11980000274;Santo André;SP;Camila Rodrigues;Extensão de cílios;Cílios;0.0;Dinheiro;Cancelado;Telefone
100259;2025-08-16;17:30;Fernanda Gomes;11980000191;São Paulo;SP;Juliana Martins;Pedicure;Unhas;38.0;Cartão de débito;Concluído;WhatsApp
100260;2025-08-16;17:30;Natália Barbosa;11980000269;Mauá;SP;Fernanda Costa;Corte feminino;Cabelos;85.0;PIX;Concluído;Telefone
100261;2025-08-16;17:30;Daniela Ribeiro;11980000182;Diadema;SP;Mariana Silva;Design + Henna;Sobrancelhas;57.0;Dinheiro;Concluído;Presencial
100262;2025-08-16;18:00;Elaine Souza;11980000091;São Caetano do Sul;SP;Bruna Oliveira;Esmaltação em gel;Unhas;80.0;Cartão de débito;Concluído;Telefone
100263;2025-08-18;09:30;Bianca Lopes;11980000023;Diadema;SP;Patrícia Alves;Pedicure;Unhas;40.0;Dinheiro;Concluído;WhatsApp
100264;2025-08-18;09:30;Jéssica Carvalho;11980000185;Diadema;SP;Bruna Oliveira;Escova;Cabelos;70.0;Cartão de débito;Concluído;WhatsApp
100265;2025-08-18;10:00;Amanda Ferreira;11980000398;Mauá;SP;Renata Souza;Manicure + Pedicure;Unhas;70.0;Dinheiro;Concluído;Presencial
100266;2025-08-18;11:30;Letícia Ribeiro;11980000375;São Bernardo do Campo;SP;Larissa Santos;Manicure + Pedicure;Unhas;70.0;Cartão de crédito;Concluído;Telefone
100267;2025-08-18;13:00;Vanessa Almeida;11980000311;São Paulo;SP;Juliana Martins;Manicure;Unhas;35.0;PIX;Concluído;WhatsApp
100268;2025-08-18;13:00;Renata Lima;11980000372;São Caetano do Sul;SP;Renata Souza;Esmaltação em gel;Unhas;80.0;Cartão de crédito;Concluído;Instagram
100269;2025-08-18;13:00;Isabela Mendes;11980000428;São Caetano do Sul;SP;Fernanda Costa;Manicure;Unhas;0.0;PIX;Cancelado;WhatsApp
100270;2025-08-18;13:30;Camila Souza;11980000360;Mauá;SP;Juliana Martins;Manicure;Unhas;35.0;Cartão de débito;Concluído;Presencial
100271;2025-08-18;15:00;Beatriz Oliveira;11980000393;Diadema;SP;Patrícia Alves;Design de sobrancelhas;Sobrancelhas;45.0;Cartão de débito;Concluído;WhatsApp
100272;2025-08-18;16:00;Cristiane Ferreira;11980000376;São Paulo;SP;Renata Souza;Manicure;Unhas;35.0;Cartão de crédito;Concluído;WhatsApp
100273;2025-08-18;17:30;Luciana Lima;11980000249;São Paulo;SP;Larissa Santos;Design de sobrancelhas;Sobrancelhas;45.0;Cartão de crédito;Concluído;Telefone
100274;2025-08-18;18:00;Simone Mendes;11980000293;São Caetano do Sul;SP;Bruna Oliveira;Design + Henna;Sobrancelhas;60.0;Cartão de débito;Concluído;Instagram
100275;2025-08-18;18:00;Beatriz Lima;11980000278;São Bernardo do Campo;SP;Mariana Silva;Manutenção de alongamento;Unhas;95.0;Cartão de crédito;Concluído;Telefone
100276;2025-08-19;09:00;Bruna Barbosa;11980000446;Santo André;SP;Renata Souza;Manutenção de cílios;Cílios;90.0;Dinheiro;Concluído;WhatsApp
100277;2025-08-19;09:00;Beatriz Ferreira;11980000098;São Bernardo do Campo;SP;Mariana Silva;Manicure + Pedicure;Unhas;63.0;Cartão de crédito;Concluído;Presencial
100278;2025-08-19;09:30;Tatiane Gomes;11980000230;Santo André;SP;Bruna Oliveira;Manicure;Unhas;0.0;PIX;Não Compareceu;Instagram
100279;2025-08-19;10:00;Natália Costa;11980000120;São Paulo;SP;Fernanda Costa;Escova;Cabelos;70.0;Cartão de crédito;Concluído;Telefone
100280;2025-08-19;10:00;Amanda Ferreira;11980000398;Mauá;SP;Bruna Oliveira;Manicure + Pedicure;Unhas;70.0;Dinheiro;Concluído;Telefone
100281;2025-08-19;10:30;Tatiane Martins;11980000406;Santo André;SP;Larissa Santos;Pedicure;Unhas;40.0;Cartão de débito;Concluído;Presencial
100282;2025-08-19;11:00;Sabrina Ferreira;11980000281;Santo André;SP;Larissa Santos;Design de sobrancelhas;Sobrancelhas;45.0;PIX;Concluído;WhatsApp
100283;2025-08-19;11:00;Simone Oliveira;11980000058;São Paulo;SP;Camila Rodrigues;Pedicure;Unhas;40.0;Cartão de débito;Concluído;WhatsApp
100284;2025-08-19;11:30;Juliana Ribeiro;11980000282;Diadema;SP;Bruna Oliveira;Esmaltação em gel;Unhas;76.0;Dinheiro;Concluído;Telefone
100285;2025-08-19;13:00;Natália Martins;11980000131;São Paulo;SP;Patrícia Alves;Manicure;Unhas;35.0;Cartão de débito;Concluído;WhatsApp
100286;2025-08-19;13:00;Cristiane Carvalho;11980000287;São Paulo;SP;Renata Souza;Esmaltação em gel;Unhas;80.0;Cartão de crédito;Concluído;Telefone
100287;2025-08-19;13:00;Patrícia Pereira;11980000312;São Bernardo do Campo;SP;Renata Souza;Design de sobrancelhas;Sobrancelhas;45.0;Cartão de débito;Concluído;Presencial
100288;2025-08-19;13:30;Simone Santos;11980000320;Mauá;SP;Patrícia Alves;Manutenção de alongamento;Unhas;100.0;Cartão de débito;Concluído;WhatsApp
100289;2025-08-19;13:30;Letícia Costa;11980000164;Diadema;SP;Patrícia Alves;Manicure + Pedicure;Unhas;63.0;Dinheiro;Concluído;WhatsApp
100290;2025-08-19;13:30;Renata Almeida;11980000155;Mauá;SP;Camila Rodrigues;Manicure + Pedicure;Unhas;70.0;Cartão de débito;Concluído;Telefone
100291;2025-08-19;15:00;Camila Silva;11980000041;São Paulo;SP;Camila Rodrigues;Corte feminino;Cabelos;85.0;Dinheiro;Concluído;WhatsApp
100292;2025-08-19;15:00;Beatriz Almeida;11980000157;São Caetano do Sul;SP;Larissa Santos;Manutenção de alongamento;Unhas;100.0;Cartão de crédito;Concluído;Telefone
100293;2025-08-19;16:00;Sabrina Ferreira;11980000281;Santo André;SP;Bruna Oliveira;Pedicure;Unhas;40.0;Cartão de crédito;Concluído;Presencial
100294;2025-08-19;16:00;Rafaela Mendes;11980000114;Santo André;SP;Bruna Oliveira;Manicure + Pedicure;Unhas;70.0;Cartão de débito;Concluído;WhatsApp
100295;2025-08-19;16:30;Juliana Ribeiro;11980000282;Diadema;SP;Mariana Silva;Escova;Cabelos;66.5;Dinheiro;Concluído;Telefone
100296;2025-08-19;17:00;Larissa Martins;11980000284;Diadema;SP;Patrícia Alves;Manicure;Unhas;35.0;Cartão de crédito;Concluído;Instagram
100297;2025-08-20;10:30;Vanessa Rocha;11980000119;Diadema;SP;Bruna Oliveira;Esmaltação em gel;Unhas;76.0;Dinheiro;Concluído;WhatsApp
100298;2025-08-20;11:00;Larissa Souza;11980000095;Santo André;SP;Mariana Silva;Escova;Cabelos;66.5;Cartão de débito;Concluído;Presencial
100299;2025-08-20;11:00;Beatriz Lima;11980000278;São Bernardo do Campo;SP;Patrícia Alves;Pedicure;Unhas;38.0;Cartão de crédito;Concluído;Telefone
100300;2025-08-20;11:00;Priscila Pereira;11980000353;São Paulo;SP;Patrícia Alves;Manutenção de alongamento;Unhas;100.0;Cartão de crédito;Concluído;WhatsApp
100301;2025-08-20;11:30;Daniela Ribeiro;11980000171;Diadema;SP;Larissa Santos;Alongamento de unhas;Unhas;150.0;Cartão de débito;Concluído;Telefone
100302;2025-08-20;13:30;Isabela Rocha;11980000014;Santo André;SP;Fernanda Costa;Design de sobrancelhas;Sobrancelhas;45.0;Cartão de crédito;Concluído;Telefone
100303;2025-08-20;14:00;Camila Souza;11980000211;São Caetano do Sul;SP;Fernanda Costa;Manutenção de alongamento;Unhas;100.0;Cartão de crédito;Concluído;Instagram
100304;2025-08-20;14:00;Patrícia Oliveira;11980000121;São Caetano do Sul;SP;Fernanda Costa;Escova;Cabelos;63.0;PIX;Concluído;Telefone
100305;2025-08-20;15:30;Raquel Rocha;11980000339;Mauá;SP;Fernanda Costa;Design + Henna;Sobrancelhas;60.0;PIX;Concluído;Presencial
100306;2025-08-20;16:00;Larissa Ribeiro;11980000116;São Bernardo do Campo;SP;Patrícia Alves;Manicure + Pedicure;Unhas;70.0;PIX;Concluído;Instagram
100307;2025-08-20;16:30;Beatriz Barbosa;11980000214;Mauá;SP;Renata Souza;Design de sobrancelhas;Sobrancelhas;0.0;Cartão de débito;Não Compareceu;Presencial
100308;2025-08-20;17:00;Carla Barbosa;11980000096;Diadema;SP;Renata Souza;Esmaltação em gel;Unhas;80.0;PIX;Concluído;Telefone
100309;2025-08-21;09:30;Sabrina Souza;11980000286;Diadema;SP;Bruna Oliveira;Esmaltação em gel;Unhas;80.0;Dinheiro;Concluído;Telefone
100310;2025-08-21;13:00;Elaine Santos;11980000231;São Bernardo do Campo;SP;Camila Rodrigues;Pedicure;Unhas;40.0;PIX;Concluído;Instagram
100311;2025-08-21;13:30;Juliana Santos;11980000234;São Caetano do Sul;SP;Camila Rodrigues;Hidratação;Cabelos;85.5;Dinheiro;Concluído;WhatsApp
100312;2025-08-21;13:30;Priscila Pereira;11980000353;São Paulo;SP;Mariana Silva;Hidratação;Cabelos;95.0;PIX;Concluído;Presencial
100313;2025-08-21;16:00;Natália Oliveira;11980000373;São Paulo;SP;Patrícia Alves;Alongamento de unhas;Unhas;142.5;Cartão de crédito;Concluído;Instagram
100314;2025-08-21;16:30;Jéssica Gomes;11980000084;São Paulo;SP;Renata Souza;Pedicure;Unhas;38.0;PIX;Concluído;Presencial
100315;2025-08-21;16:30;Letícia Ferreira;11980000397;São Caetano do Sul;SP;Fernanda Costa;Manutenção de alongamento;Unhas;100.0;PIX;Concluído;Instagram
100316;2025-08-21;17:00;Amanda Souza;11980000368;São Paulo;SP;Juliana Martins;Manicure;Unhas;35.0;PIX;Concluído;Presencial
100317;2025-08-21;18:00;Bruna Almeida;11980000369;Mauá;SP;Mariana Silva;Alongamento de unhas;Unhas;150.0;PIX;Concluído;Presencial
100318;2025-08-21;18:00;Isabela Silva;11980000238;São Caetano do Sul;SP;Larissa Santos;Manicure;Unhas;35.0;Cartão de crédito;Concluído;Telefone
100319;2025-08-22;09:00;Rafaela Souza;11980000438;São Caetano do Sul;SP;Larissa Santos;Esmaltação em gel;Unhas;80.0;Dinheiro;Concluído;Presencial
100320;2025-08-22;09:00;Vanessa Lima;11980000233;Mauá;SP;Bruna Oliveira;Manutenção de alongamento;Unhas;100.0;Cartão de débito;Concluído;Instagram
100321;2025-08-22;09:00;Natália Oliveira;11980000061;Mauá;SP;Patrícia Alves;Coloração;Cabelos;160.0;Cartão de débito;Concluído;Presencial
100322;2025-08-22;09:00;Fernanda Almeida;11980000363;Diadema;SP;Fernanda Costa;Spa dos pés;Estética;65.0;Dinheiro;Concluído;WhatsApp
100323;2025-08-22;10:00;Monique Ribeiro;11980000166;Diadema;SP;Mariana Silva;Hidratação;Cabelos;95.0;PIX;Concluído;Instagram
100324;2025-08-22;11:00;Monique Lima;11980000410;São Bernardo do Campo;SP;Mariana Silva;Manicure;Unhas;35.0;PIX;Concluído;Presencial
100325;2025-08-22;14:00;Juliana Santos;11980000362;São Paulo;SP;Mariana Silva;Extensão de cílios;Cílios;171.0;Dinheiro;Concluído;Telefone
100326;2025-08-22;14:00;Rafaela Gomes;11980000006;São Paulo;SP;Renata Souza;Extensão de cílios;Cílios;180.0;Cartão de débito;Concluído;Telefone
100327;2025-08-22;14:30;Débora Barbosa;11980000092;Diadema;SP;Camila Rodrigues;Alongamento de unhas;Unhas;150.0;Dinheiro;Concluído;Instagram
100328;2025-08-22;14:30;Simone Mendes;11980000293;São Caetano do Sul;SP;Juliana Martins;Esmaltação em gel;Unhas;80.0;Cartão de débito;Concluído;Telefone
100329;2025-08-22;15:00;Beatriz Oliveira;11980000393;Diadema;SP;Camila Rodrigues;Manicure;Unhas;33.25;PIX;Concluído;Instagram
100330;2025-08-22;15:00;Marcela Gomes;11980000080;São Caetano do Sul;SP;Larissa Santos;Hidratação;Cabelos;90.25;Dinheiro;Concluído;WhatsApp
100331;2025-08-22;15:00;Isabela Mendes;11980000428;São Caetano do Sul;SP;Fernanda Costa;Design de sobrancelhas;Sobrancelhas;45.0;PIX;Concluído;Telefone
100332;2025-08-22;15:30;Elaine Moura;11980000026;São Bernardo do Campo;SP;Patrícia Alves;Manicure;Unhas;35.0;PIX;Concluído;Telefone
100333;2025-08-22;15:30;Viviane Gomes;11980000313;Diadema;SP;Patrícia Alves;Spa dos pés;Estética;0.0;PIX;Cancelado;Telefone
100334;2025-08-22;16:00;Gabriela Lima;11980000321;Mauá;SP;Patrícia Alves;Design de sobrancelhas;Sobrancelhas;42.75;PIX;Concluído;Telefone
100335;2025-08-22;16:30;Natália Carvalho;11980000063;Diadema;SP;Fernanda Costa;Manicure + Pedicure;Unhas;70.0;Cartão de crédito;Concluído;WhatsApp
100336;2025-08-22;16:30;Cristiane Santos;11980000378;Mauá;SP;Renata Souza;Escova;Cabelos;70.0;Cartão de débito;Concluído;Instagram
100337;2025-08-22;16:30;Viviane Rocha;11980000170;Diadema;SP;Juliana Martins;Manicure;Unhas;0.0;Cartão de crédito;Não Compareceu;Telefone
100338;2025-08-22;17:30;Viviane Rocha;11980000170;Diadema;SP;Mariana Silva;Corte feminino;Cabelos;85.0;PIX;Concluído;Presencial
100339;2025-08-23;09:00;Natália Rocha;11980000277;Santo André;SP;Larissa Santos;Manicure;Unhas;35.0;PIX;Concluído;WhatsApp
100340;2025-08-23;09:00;Amanda Souza;11980000368;São Paulo;SP;Mariana Silva;Spa dos pés;Estética;61.75;Dinheiro;Concluído;Telefone
100341;2025-08-23;10:30;Monique Almeida;11980000059;Santo André;SP;Larissa Santos;Manicure + Pedicure;Unhas;70.0;Cartão de crédito;Concluído;Presencial
100342;2025-08-23;10:30;Amanda Ferreira;11980000398;Mauá;SP;Mariana Silva;Manicure;Unhas;35.0;Cartão de crédito;Concluído;WhatsApp
100343;2025-08-23;10:30;Daniela Ribeiro;11980000171;Diadema;SP;Larissa Santos;Hidratação;Cabelos;95.0;Cartão de débito;Concluído;Telefone
100344;2025-08-23;10:30;Monique Costa;11980000140;Santo André;SP;Patrícia Alves;Pedicure;Unhas;40.0;PIX;Concluído;Telefone
100345;2025-08-23;11:00;Daniela Lima;11980000431;Diadema;SP;Bruna Oliveira;Pedicure;Unhas;40.0;PIX;Concluído;Instagram
100346;2025-08-23;11:00;Beatriz Santos;11980000298;São Caetano do Sul;SP;Camila Rodrigues;Manutenção de cílios;Cílios;90.0;Cartão de débito;Concluído;Presencial
100347;2025-08-23;13:00;Natália Barbosa;11980000328;Santo André;SP;Renata Souza;Manicure + Pedicure;Unhas;70.0;Cartão de débito;Concluído;WhatsApp
100348;2025-08-23;13:00;Larissa Ribeiro;11980000247;Santo André;SP;Bruna Oliveira;Manicure;Unhas;35.0;Dinheiro;Concluído;Presencial
100349;2025-08-23;13:30;Camila Santos;11980000291;São Paulo;SP;Mariana Silva;Esmaltação em gel;Unhas;80.0;PIX;Concluído;Presencial
100350;2025-08-23;14:30;Juliana Ribeiro;11980000282;Diadema;SP;Mariana Silva;Pedicure;Unhas;40.0;Cartão de crédito;Concluído;Telefone
100351;2025-08-23;15:00;Priscila Martins;11980000187;Santo André;SP;Bruna Oliveira;Pedicure;Unhas;40.0;Cartão de débito;Concluído;WhatsApp
100352;2025-08-23;15:00;Viviane Barbosa;11980000101;São Bernardo do Campo;SP;Renata Souza;Design + Henna;Sobrancelhas;57.0;Cartão de débito;Concluído;Presencial
100353;2025-08-23;15:30;Elaine Souza;11980000111;Santo André;SP;Fernanda Costa;Pedicure;Unhas;38.0;Cartão de crédito;Concluído;Presencial
100354;2025-08-23;16:00;Viviane Lima;11980000036;Mauá;SP;Juliana Martins;Design + Henna;Sobrancelhas;60.0;PIX;Concluído;Instagram
100355;2025-08-23;16:00;Débora Gomes;11980000310;São Paulo;SP;Patrícia Alves;Esmaltação em gel;Unhas;80.0;PIX;Concluído;WhatsApp
100356;2025-08-23;16:00;Tatiane Martins;11980000406;Santo André;SP;Fernanda Costa;Esmaltação em gel;Unhas;80.0;Cartão de crédito;Concluído;Instagram
100357;2025-08-23;16:00;Carla Almeida;11980000444;Diadema;SP;Camila Rodrigues;Pedicure;Unhas;40.0;Dinheiro;Concluído;Presencial
100358;2025-08-23;16:30;Simone Santos;11980000320;Mauá;SP;Patrícia Alves;Manutenção de alongamento;Unhas;100.0;Dinheiro;Concluído;Instagram
100359;2025-08-23;17:00;Paula Silva;11980000366;Mauá;SP;Juliana Martins;Spa dos pés;Estética;65.0;PIX;Concluído;Presencial
100360;2025-08-23;17:00;Viviane Ribeiro;11980000045;Mauá;SP;Bruna Oliveira;Alongamento de unhas;Unhas;150.0;Cartão de débito;Concluído;Instagram
100361;2025-08-23;17:30;Rafaela Souza;11980000280;São Caetano do Sul;SP;Renata Souza;Design + Henna;Sobrancelhas;57.0;Dinheiro;Concluído;Telefone
100362;2025-08-23;17:30;Sabrina Oliveira;11980000034;São Bernardo do Campo;SP;Larissa Santos;Manicure;Unhas;35.0;Cartão de crédito;Concluído;Telefone
100363;2025-08-23;18:00;Jéssica Costa;11980000236;São Caetano do Sul;SP;Bruna Oliveira;Extensão de cílios;Cílios;171.0;Cartão de débito;Concluído;WhatsApp
100364;2025-08-23;18:00;Larissa Lima;11980000260;Santo André;SP;Camila Rodrigues;Escova;Cabelos;66.5;Cartão de débito;Concluído;Telefone
100365;2025-08-25;09:30;Luciana Lima;11980000249;São Paulo;SP;Patrícia Alves;Escova;Cabelos;63.0;PIX;Concluído;Instagram
100366;2025-08-25;10:00;Viviane Ferreira;11980000073;Mauá;SP;Fernanda Costa;Manutenção de alongamento;Unhas;100.0;PIX;Concluído;WhatsApp
100367;2025-08-25;10:00;Gabriela Silva;11980000415;São Paulo;SP;Camila Rodrigues;Manicure + Pedicure;Unhas;66.5;PIX;Concluído;Telefone
100368;2025-08-25;10:30;Beatriz Santos;11980000007;Mauá;SP;Bruna Oliveira;Manicure;Unhas;35.0;Cartão de débito;Concluído;Telefone
100369;2025-08-25;11:30;Daniela Silva;11980000267;São Bernardo do Campo;SP;Mariana Silva;Design + Henna;Sobrancelhas;60.0;PIX;Concluído;WhatsApp
100370;2025-08-25;13:30;Juliana Costa;11980000004;Santo André;SP;Larissa Santos;Escova;Cabelos;70.0;Cartão de débito;Concluído;Telefone
100371;2025-08-25;13:30;Simone Gomes;11980000205;Santo André;SP;Larissa Santos;Manicure + Pedicure;Unhas;70.0;Dinheiro;Concluído;Instagram
100372;2025-08-25;14:00;Daniela Ferreira;11980000108;Mauá;SP;Mariana Silva;Manicure;Unhas;35.0;PIX;Concluído;Presencial
100373;2025-08-25;14:00;Paula Barbosa;11980000130;Santo André;SP;Patrícia Alves;Design de sobrancelhas;Sobrancelhas;45.0;PIX;Concluído;Instagram
100374;2025-08-25;14:30;Bianca Oliveira;11980000294;São Paulo;SP;Mariana Silva;Alongamento de unhas;Unhas;150.0;PIX;Concluído;Telefone
100375;2025-08-25;15:00;Simone Gomes;11980000351;São Paulo;SP;Fernanda Costa;Design de sobrancelhas;Sobrancelhas;45.0;PIX;Concluído;Presencial
100376;2025-08-25;15:30;Renata Alves;11980000018;São Paulo;SP;Camila Rodrigues;Design de sobrancelhas;Sobrancelhas;40.5;Dinheiro;Concluído;WhatsApp
100377;2025-08-25;15:30;Cristiane Gomes;11980000303;Diadema;SP;Patrícia Alves;Design + Henna;Sobrancelhas;60.0;Cartão de débito;Concluído;Instagram
100378;2025-08-25;16:30;Juliana Costa;11980000050;Santo André;SP;Mariana Silva;Coloração;Cabelos;160.0;Cartão de débito;Concluído;Telefone
100379;2025-08-25;16:30;Renata Oliveira;11980000429;São Bernardo do Campo;SP;Larissa Santos;Manutenção de cílios;Cílios;90.0;Cartão de crédito;Concluído;Instagram
100380;2025-08-25;17:00;Gabriela Pereira;11980000272;Mauá;SP;Bruna Oliveira;Manicure;Unhas;31.5;Cartão de débito;Concluído;WhatsApp
100381;2025-08-25;17:30;Natália Oliveira;11980000373;São Paulo;SP;Fernanda Costa;Manicure;Unhas;35.0;PIX;Concluído;Telefone
100382;2025-08-26;09:30;Renata Alves;11980000018;São Paulo;SP;Camila Rodrigues;Design de sobrancelhas;Sobrancelhas;0.0;Cartão de crédito;Cancelado;WhatsApp
100383;2025-08-26;10:00;Renata Martins;11980000133;São Caetano do Sul;SP;Fernanda Costa;Pedicure;Unhas;40.0;Cartão de crédito;Concluído;Instagram
100384;2025-08-26;11:00;Fernanda Almeida;11980000363;Diadema;SP;Juliana Martins;Manicure;Unhas;33.25;Cartão de crédito;Concluído;Instagram
100385;2025-08-26;13:00;Larissa Martins;11980000284;Diadema;SP;Camila Rodrigues;Spa dos pés;Estética;61.75;Dinheiro;Concluído;Telefone
100386;2025-08-26;14:00;Bianca Ferreira;11980000132;São Paulo;SP;Patrícia Alves;Escova;Cabelos;70.0;Dinheiro;Concluído;WhatsApp
100387;2025-08-26;14:00;Carla Barbosa;11980000053;Mauá;SP;Camila Rodrigues;Manicure;Unhas;33.25;PIX;Concluído;Instagram
100388;2025-08-26;15:30;Cristiane Costa;11980000197;São Paulo;SP;Larissa Santos;Manicure;Unhas;35.0;Cartão de débito;Concluído;WhatsApp
100389;2025-08-26;16:00;Elaine Gomes;11980000335;Santo André;SP;Camila Rodrigues;Corte feminino;Cabelos;80.75;Cartão de débito;Concluído;WhatsApp
100390;2025-08-26;16:00;Isabela Lima;11980000264;Diadema;SP;Larissa Santos;Manutenção de alongamento;Unhas;100.0;PIX;Concluído;WhatsApp
100391;2025-08-26;16:30;Paula Barbosa;11980000331;Diadema;SP;Larissa Santos;Manicure;Unhas;33.25;PIX;Concluído;Telefone
100392;2025-08-26;17:00;Juliana Mendes;11980000188;São Caetano do Sul;SP;Mariana Silva;Manicure;Unhas;35.0;Cartão de débito;Concluído;Instagram
100393;2025-08-26;17:00;Monique Barbosa;11980000250;São Paulo;SP;Juliana Martins;Hidratação;Cabelos;95.0;Cartão de crédito;Concluído;WhatsApp
100394;2025-08-27;09:00;Aline Pereira;11980000322;Mauá;SP;Fernanda Costa;Manicure + Pedicure;Unhas;70.0;Cartão de crédito;Concluído;WhatsApp
100395;2025-08-27;09:00;Bianca Souza;11980000276;Diadema;SP;Patrícia Alves;Pedicure;Unhas;40.0;PIX;Concluído;Instagram
100396;2025-08-27;09:30;Priscila Castro;11980000019;Santo André;SP;Mariana Silva;Manicure;Unhas;35.0;Cartão de crédito;Concluído;Presencial
100397;2025-08-27;09:30;Cristiane Barbosa;11980000123;São Paulo;SP;Patrícia Alves;Design de sobrancelhas;Sobrancelhas;45.0;Dinheiro;Concluído;WhatsApp
100398;2025-08-27;09:30;Bianca Ferreira;11980000225;São Paulo;SP;Renata Souza;Corte feminino;Cabelos;85.0;Dinheiro;Concluído;WhatsApp
100399;2025-08-27;09:30;Bianca Santos;11980000066;São Bernardo do Campo;SP;Camila Rodrigues;Extensão de cílios;Cílios;171.0;PIX;Concluído;Presencial
100400;2025-08-27;09:30;Bianca Santos;11980000251;São Caetano do Sul;SP;Camila Rodrigues;Manutenção de alongamento;Unhas;100.0;Cartão de crédito;Concluído;WhatsApp
100401;2025-08-27;11:00;Daniela Rocha;11980000172;São Paulo;SP;Juliana Martins;Manicure;Unhas;35.0;Cartão de crédito;Concluído;Instagram
100402;2025-08-27;11:00;Raquel Silva;11980000167;Santo André;SP;Juliana Martins;Spa dos pés;Estética;65.0;Cartão de crédito;Concluído;Instagram
100403;2025-08-27;11:30;Elaine Oliveira;11980000158;Diadema;SP;Juliana Martins;Manutenção de alongamento;Unhas;100.0;PIX;Concluído;WhatsApp
100404;2025-08-27;11:30;Monique Barbosa;11980000250;São Paulo;SP;Juliana Martins;Manicure;Unhas;0.0;Cartão de débito;Cancelado;Presencial
100405;2025-08-27;13:00;Rafaela Gomes;11980000356;Diadema;SP;Larissa Santos;Extensão de cílios;Cílios;180.0;Cartão de débito;Concluído;Presencial
100406;2025-08-27;13:30;Sabrina Martins;11980000215;Diadema;SP;Patrícia Alves;Manutenção de cílios;Cílios;90.0;Cartão de crédito;Concluído;Instagram
100407;2025-08-27;13:30;Monique Almeida;11980000059;Santo André;SP;Larissa Santos;Design de sobrancelhas;Sobrancelhas;45.0;Cartão de crédito;Concluído;Presencial
100408;2025-08-27;13:30;Flávia Pereira;11980000348;Diadema;SP;Patrícia Alves;Manutenção de cílios;Cílios;0.0;PIX;Cancelado;Instagram
100409;2025-08-27;14:30;Cristiane Barbosa;11980000123;São Paulo;SP;Larissa Santos;Alongamento de unhas;Unhas;135.0;Dinheiro;Concluído;WhatsApp
100410;2025-08-27;15:00;Rafaela Rocha;11980000370;São Paulo;SP;Larissa Santos;Design de sobrancelhas;Sobrancelhas;45.0;Cartão de débito;Concluído;WhatsApp
100411;2025-08-27;15:30;Tatiane Pereira;11980000070;São Paulo;SP;Larissa Santos;Extensão de cílios;Cílios;0.0;Cartão de crédito;Não Compareceu;Telefone
100412;2025-08-27;16:30;Elaine Ferreira;11980000242;São Caetano do Sul;SP;Larissa Santos;Manicure;Unhas;35.0;Dinheiro;Concluído;Telefone
100413;2025-08-27;16:30;Jéssica Martins;11980000028;Mauá;SP;Mariana Silva;Manicure + Pedicure;Unhas;70.0;Dinheiro;Concluído;WhatsApp
100414;2025-08-27;16:30;Raquel Silva;11980000167;Santo André;SP;Renata Souza;Manicure;Unhas;33.25;Dinheiro;Concluído;WhatsApp
100415;2025-08-27;17:30;Simone Oliveira;11980000058;São Paulo;SP;Patrícia Alves;Design + Henna;Sobrancelhas;60.0;Cartão de crédito;Concluído;WhatsApp
100416;2025-08-27;18:00;Juliana Costa;11980000317;Mauá;SP;Mariana Silva;Hidratação;Cabelos;95.0;Cartão de crédito;Concluído;Instagram
100417;2025-08-28;09:00;Gabriela Barbosa;11980000243;São Paulo;SP;Mariana Silva;Alongamento de unhas;Unhas;150.0;PIX;Concluído;Instagram
100418;2025-08-28;09:30;Bianca Oliveira;11980000294;São Paulo;SP;Camila Rodrigues;Alongamento de unhas;Unhas;150.0;Dinheiro;Concluído;WhatsApp
100419;2025-08-28;10:00;Tatiane Oliveira;11980000258;São Paulo;SP;Bruna Oliveira;Manicure + Pedicure;Unhas;70.0;Dinheiro;Concluído;WhatsApp
100420;2025-08-28;10:00;Juliana Mendes;11980000188;São Caetano do Sul;SP;Patrícia Alves;Design + Henna;Sobrancelhas;60.0;Cartão de crédito;Concluído;Telefone
100421;2025-08-28;10:00;Natália Ribeiro;11980000358;Santo André;SP;Renata Souza;Escova;Cabelos;70.0;Cartão de débito;Concluído;WhatsApp
100422;2025-08-28;10:30;Isabela Lima;11980000264;Diadema;SP;Mariana Silva;Hidratação;Cabelos;95.0;Dinheiro;Concluído;Telefone
100423;2025-08-28;10:30;Camila Carvalho;11980000218;Mauá;SP;Bruna Oliveira;Manutenção de alongamento;Unhas;100.0;Cartão de crédito;Concluído;WhatsApp
100424;2025-08-28;11:30;Viviane Ribeiro;11980000045;Mauá;SP;Juliana Martins;Alongamento de unhas;Unhas;150.0;PIX;Concluído;Telefone
100425;2025-08-28;11:30;Beatriz Lima;11980000365;São Caetano do Sul;SP;Fernanda Costa;Pedicure;Unhas;40.0;Cartão de crédito;Concluído;WhatsApp
100426;2025-08-28;11:30;Camila Rodrigues;11980000009;São Bernardo do Campo;SP;Larissa Santos;Design + Henna;Sobrancelhas;54.0;PIX;Concluído;Presencial
100427;2025-08-28;13:00;Cristiane Barbosa;11980000123;São Paulo;SP;Juliana Martins;Design + Henna;Sobrancelhas;60.0;Cartão de crédito;Concluído;Telefone
100428;2025-08-28;13:30;Luciana Martins;11980000143;Mauá;SP;Camila Rodrigues;Manutenção de cílios;Cílios;90.0;Dinheiro;Concluído;Instagram
100429;2025-08-28;14:30;Luciana Ferreira;11980000235;São Caetano do Sul;SP;Fernanda Costa;Design de sobrancelhas;Sobrancelhas;45.0;Cartão de débito;Concluído;Telefone
100430;2025-08-28;15:00;Isabela Mendes;11980000428;São Caetano do Sul;SP;Mariana Silva;Alongamento de unhas;Unhas;150.0;Cartão de débito;Concluído;Presencial
100431;2025-08-28;15:00;Rafaela Lima;11980000441;Diadema;SP;Juliana Martins;Alongamento de unhas;Unhas;150.0;Cartão de débito;Concluído;Telefone
100432;2025-08-28;15:30;Mariana Barbosa;11980000241;Santo André;SP;Fernanda Costa;Manutenção de alongamento;Unhas;100.0;PIX;Concluído;Presencial
100433;2025-08-28;16:00;Débora Lima;11980000396;São Bernardo do Campo;SP;Patrícia Alves;Hidratação;Cabelos;95.0;Cartão de débito;Concluído;WhatsApp
100434;2025-08-28;18:00;Rafaela Souza;11980000438;São Caetano do Sul;SP;Renata Souza;Manicure;Unhas;35.0;Cartão de crédito;Concluído;Presencial
100435;2025-08-29;10:00;Vanessa Silva;11980000401;Diadema;SP;Fernanda Costa;Pedicure;Unhas;40.0;Dinheiro;Concluído;WhatsApp
100436;2025-08-29;10:00;Juliana Martins;11980000180;São Caetano do Sul;SP;Fernanda Costa;Spa dos pés;Estética;65.0;Dinheiro;Concluído;Presencial
100437;2025-08-29;10:00;Juliana Costa;11980000317;Mauá;SP;Renata Souza;Manutenção de alongamento;Unhas;100.0;Cartão de crédito;Concluído;Instagram
100438;2025-08-29;11:00;Letícia Ribeiro;11980000375;São Bernardo do Campo;SP;Larissa Santos;Corte feminino;Cabelos;85.0;PIX;Concluído;Presencial
100439;2025-08-29;11:00;Gabriela Barbosa;11980000243;São Paulo;SP;Fernanda Costa;Spa dos pés;Estética;65.0;Dinheiro;Concluído;WhatsApp
100440;2025-08-29;11:30;Beatriz Gomes;11980000076;Mauá;SP;Mariana Silva;Manutenção de alongamento;Unhas;95.0;PIX;Concluído;Presencial
100441;2025-08-29;11:30;Flávia Almeida;11980000192;São Bernardo do Campo;SP;Camila Rodrigues;Escova;Cabelos;70.0;Cartão de crédito;Concluído;Instagram
100442;2025-08-29;14:00;Beatriz Santos;11980000298;São Caetano do Sul;SP;Larissa Santos;Design de sobrancelhas;Sobrancelhas;40.5;Dinheiro;Concluído;WhatsApp
100443;2025-08-29;14:00;Juliana Ribeiro;11980000046;Santo André;SP;Camila Rodrigues;Alongamento de unhas;Unhas;150.0;Dinheiro;Concluído;Instagram
100444;2025-08-29;14:30;Natália Barbosa;11980000328;Santo André;SP;Larissa Santos;Manicure;Unhas;33.25;Dinheiro;Concluído;Instagram
100445;2025-08-29;14:30;Luciana Santos;11980000103;São Paulo;SP;Patrícia Alves;Escova;Cabelos;66.5;PIX;Concluído;Telefone
100446;2025-08-29;15:00;Jéssica Gomes;11980000263;Santo André;SP;Bruna Oliveira;Pedicure;Unhas;38.0;PIX;Concluído;Telefone
100447;2025-08-29;15:30;Aline Barbosa;11980000183;São Caetano do Sul;SP;Patrícia Alves;Manicure;Unhas;35.0;Cartão de débito;Concluído;Telefone
100448;2025-08-29;15:30;Cristiane Ferreira;11980000295;Diadema;SP;Patrícia Alves;Manutenção de alongamento;Unhas;100.0;PIX;Concluído;Telefone
100449;2025-08-29;16:30;Luciana Barbosa;11980000204;São Bernardo do Campo;SP;Patrícia Alves;Extensão de cílios;Cílios;180.0;Cartão de débito;Concluído;Telefone
100450;2025-08-29;16:30;Flávia Martins;11980000412;São Bernardo do Campo;SP;Larissa Santos;Manicure + Pedicure;Unhas;70.0;Dinheiro;Concluído;WhatsApp
100451;2025-08-29;17:00;Isabela Mendes;11980000428;São Caetano do Sul;SP;Fernanda Costa;Esmaltação em gel;Unhas;80.0;PIX;Concluído;Telefone
100452;2025-08-29;18:00;Larissa Oliveira;11980000074;São Caetano do Sul;SP;Renata Souza;Manicure + Pedicure;Unhas;0.0;PIX;Não Compareceu;Presencial
100453;2025-08-30;09:30;Bianca Silva;11980000391;São Caetano do Sul;SP;Mariana Silva;Extensão de cílios;Cílios;180.0;Dinheiro;Concluído;Telefone
100454;2025-08-30;09:30;Mariana Barbosa;11980000241;Santo André;SP;Juliana Martins;Corte feminino;Cabelos;85.0;PIX;Concluído;WhatsApp
100455;2025-08-30;10:00;Natália Barbosa;11980000016;Diadema;SP;Juliana Martins;Manutenção de cílios;Cílios;81.0;PIX;Concluído;Presencial
100456;2025-08-30;10:30;Débora Gomes;11980000310;São Paulo;SP;Mariana Silva;Pedicure;Unhas;40.0;Dinheiro;Concluído;Instagram
100457;2025-08-30;11:30;Marcela Santos;11980000206;São Paulo;SP;Juliana Martins;Manutenção de cílios;Cílios;90.0;Cartão de crédito;Concluído;Presencial
100458;2025-08-30;11:30;Elaine Souza;11980000091;São Caetano do Sul;SP;Fernanda Costa;Hidratação;Cabelos;95.0;Cartão de crédito;Concluído;Presencial
100459;2025-08-30;13:00;Beatriz Ribeiro;11980000051;São Bernardo do Campo;SP;Camila Rodrigues;Esmaltação em gel;Unhas;0.0;Cartão de crédito;Cancelado;WhatsApp
100460;2025-08-30;13:00;Luciana Almeida;11980000309;São Paulo;SP;Renata Souza;Design de sobrancelhas;Sobrancelhas;45.0;Cartão de débito;Concluído;Instagram
100461;2025-08-30;13:00;Priscila Pereira;11980000353;São Paulo;SP;Renata Souza;Manicure + Pedicure;Unhas;70.0;PIX;Concluído;WhatsApp
100462;2025-08-30;14:00;Elaine Carvalho;11980000151;Mauá;SP;Larissa Santos;Esmaltação em gel;Unhas;72.0;PIX;Concluído;WhatsApp
100463;2025-08-30;14:00;Elaine Barbosa;11980000394;São Bernardo do Campo;SP;Larissa Santos;Manicure;Unhas;35.0;Cartão de crédito;Concluído;Instagram
100464;2025-08-30;14:30;Patrícia Souza;11980000306;São Paulo;SP;Mariana Silva;Pedicure;Unhas;40.0;PIX;Concluído;Instagram
100465;2025-08-30;15:00;Isabela Lima;11980000264;Diadema;SP;Renata Souza;Alongamento de unhas;Unhas;150.0;PIX;Concluído;Presencial
100466;2025-08-30;15:00;Marcela Rocha;11980000221;Diadema;SP;Juliana Martins;Alongamento de unhas;Unhas;150.0;Dinheiro;Concluído;WhatsApp
100467;2025-08-30;15:30;Bianca Costa;11980000226;Mauá;SP;Juliana Martins;Pedicure;Unhas;0.0;Dinheiro;Não Compareceu;Instagram
100468;2025-08-30;15:30;Natália Ribeiro;11980000424;São Caetano do Sul;SP;Fernanda Costa;Manicure + Pedicure;Unhas;66.5;Cartão de débito;Concluído;WhatsApp
100469;2025-08-30;16:00;Aline Barbosa;11980000183;São Caetano do Sul;SP;Larissa Santos;Design + Henna;Sobrancelhas;0.0;Cartão de débito;Não Compareceu;Instagram
100470;2025-08-30;17:00;Juliana Santos;11980000234;São Caetano do Sul;SP;Fernanda Costa;Extensão de cílios;Cílios;180.0;Dinheiro;Concluído;Presencial
100471;2025-08-30;17:30;Carla Santos;11980000060;São Paulo;SP;Patrícia Alves;Corte feminino;Cabelos;85.0;Cartão de débito;Concluído;Presencial
100472;2025-08-30;17:30;Paula Rocha;11980000097;São Bernardo do Campo;SP;Juliana Martins;Hidratação;Cabelos;0.0;Cartão de débito;Cancelado;Instagram
100473;2025-08-30;17:30;Juliana Santos;11980000071;São Paulo;SP;Fernanda Costa;Alongamento de unhas;Unhas;150.0;Cartão de crédito;Concluído;Instagram
100474;2025-08-30;18:00;Tatiane Oliveira;11980000258;São Paulo;SP;Renata Souza;Escova;Cabelos;70.0;PIX;Concluído;WhatsApp
100475;2025-08-31;17:30;Fernanda Ferreira;11980000392;Mauá;SP;Juliana Martins;Design de sobrancelhas;Sobrancelhas;45.0;Dinheiro;Concluído;Instagram
100476;2025-09-01;09:00;Simone Silva;11980000137;São Caetano do Sul;SP;Camila Rodrigues;Extensão de cílios;Cílios;0.0;Dinheiro;Não Compareceu;Presencial
100477;2025-09-01;09:30;Paula Martins;11980000165;Mauá;SP;Camila Rodrigues;Manicure;Unhas;35.0;Cartão de débito;Concluído;WhatsApp
100478;2025-09-01;10:30;Monique Ribeiro;11980000166;Diadema;SP;Juliana Martins;Escova;Cabelos;70.0;Cartão de crédito;Concluído;Telefone
100479;2025-09-01;10:30;Natália Carvalho;11980000352;Mauá;SP;Renata Souza;Alongamento de unhas;Unhas;150.0;PIX;Concluído;Telefone
100480;2025-09-01;11:00;Priscila Martins;11980000187;Santo André;SP;Larissa Santos;Manicure;Unhas;33.25;Cartão de débito;Concluído;Presencial
100481;2025-09-01;11:30;Flávia Mendes;11980000129;Mauá;SP;Larissa Santos;Design + Henna;Sobrancelhas;60.0;Cartão de crédito;Concluído;Instagram
100482;2025-09-01;14:30;Beatriz Ferreira;11980000334;São Bernardo do Campo;SP;Fernanda Costa;Esmaltação em gel;Unhas;80.0;Cartão de débito;Concluído;Presencial
100483;2025-09-01;15:00;Raquel Lima;11980000173;Santo André;SP;Patrícia Alves;Manicure;Unhas;35.0;Dinheiro;Concluído;Presencial
100484;2025-09-01;16:00;Simone Silva;11980000201;Diadema;SP;Fernanda Costa;Esmaltação em gel;Unhas;80.0;Cartão de débito;Concluído;Telefone
100485;2025-09-01;16:00;Bruna Ferreira;11980000148;Santo André;SP;Fernanda Costa;Manicure;Unhas;35.0;PIX;Concluído;WhatsApp
100486;2025-09-01;16:30;Letícia Costa;11980000164;Diadema;SP;Juliana Martins;Design de sobrancelhas;Sobrancelhas;45.0;Cartão de débito;Concluído;Telefone
100487;2025-09-01;16:30;Raquel Rocha;11980000339;Mauá;SP;Larissa Santos;Pedicure;Unhas;0.0;PIX;Cancelado;Instagram
100488;2025-09-01;16:30;Jéssica Souza;11980000086;Mauá;SP;Fernanda Costa;Manicure + Pedicure;Unhas;66.5;PIX;Concluído;Instagram
100489;2025-09-01;16:30;Fernanda Ferreira;11980000392;Mauá;SP;Mariana Silva;Alongamento de unhas;Unhas;150.0;Cartão de débito;Concluído;WhatsApp
100490;2025-09-01;18:00;Luciana Gomes;11980000304;São Caetano do Sul;SP;Mariana Silva;Manicure + Pedicure;Unhas;70.0;Cartão de crédito;Concluído;WhatsApp
100491;2025-09-02;09:00;Elaine Ferreira;11980000216;São Paulo;SP;Mariana Silva;Manutenção de alongamento;Unhas;100.0;Cartão de crédito;Concluído;Instagram
100492;2025-09-02;09:00;Beatriz Ribeiro;11980000244;Diadema;SP;Mariana Silva;Escova;Cabelos;66.5;PIX;Concluído;WhatsApp
100493;2025-09-02;09:30;Bianca Costa;11980000226;Mauá;SP;Bruna Oliveira;Pedicure;Unhas;40.0;Cartão de débito;Concluído;WhatsApp
100494;2025-09-02;10:00;Vanessa Silva;11980000401;Diadema;SP;Camila Rodrigues;Manicure;Unhas;33.25;Cartão de débito;Concluído;Presencial
100495;2025-09-02;10:30;Daniela Lima;11980000431;Diadema;SP;Mariana Silva;Extensão de cílios;Cílios;180.0;Cartão de débito;Concluído;Telefone
100496;2025-09-02;10:30;Luciana Costa;11980000255;São Caetano do Sul;SP;Juliana Martins;Pedicure;Unhas;40.0;Cartão de débito;Concluído;Presencial
100497;2025-09-02;11:00;Priscila Martins;11980000187;Santo André;SP;Juliana Martins;Alongamento de unhas;Unhas;150.0;PIX;Concluído;Telefone
100498;2025-09-02;11:30;Fernanda Santos;11980000405;São Bernardo do Campo;SP;Fernanda Costa;Design + Henna;Sobrancelhas;54.0;PIX;Concluído;Presencial
100499;2025-09-02;13:00;Natália Mendes;11980000413;Mauá;SP;Renata Souza;Corte feminino;Cabelos;85.0;Cartão de crédito;Concluído;Telefone
100500;2025-09-02;13:30;Natália Almeida;11980000163;São Caetano do Sul;SP;Bruna Oliveira;Manutenção de alongamento;Unhas;0.0;Cartão de crédito;Cancelado;Telefone
100501;2025-09-02;13:30;Renata Almeida;11980000155;Mauá;SP;Juliana Martins;Corte feminino;Cabelos;80.75;Cartão de crédito;Concluído;Telefone
100502;2025-09-02;14:00;Simone Oliveira;11980000416;Mauá;SP;Bruna Oliveira;Escova;Cabelos;70.0;Dinheiro;Concluído;Presencial
100503;2025-09-02;14:30;Mariana Oliveira;11980000002;São Bernardo do Campo;SP;Bruna Oliveira;Pedicure;Unhas;40.0;PIX;Concluído;Instagram
100504;2025-09-02;15:00;Débora Costa;11980000134;São Paulo;SP;Patrícia Alves;Extensão de cílios;Cílios;180.0;Cartão de crédito;Concluído;Telefone
100505;2025-09-02;16:00;Patrícia Martins;11980000274;Santo André;SP;Renata Souza;Hidratação;Cabelos;90.25;Dinheiro;Concluído;Telefone
100506;2025-09-02;16:00;Viviane Carvalho;11980000354;São Caetano do Sul;SP;Renata Souza;Pedicure;Unhas;38.0;Cartão de débito;Concluído;WhatsApp
100507;2025-09-02;16:30;Carla Martins;11980000265;Santo André;SP;Patrícia Alves;Escova;Cabelos;70.0;Cartão de débito;Concluído;Instagram
100508;2025-09-03;09:30;Viviane Ferreira;11980000073;Mauá;SP;Fernanda Costa;Manicure;Unhas;0.0;Dinheiro;Não Compareceu;Telefone
100509;2025-09-03;10:30;Juliana Ribeiro;11980000046;Santo André;SP;Mariana Silva;Pedicure;Unhas;40.0;Dinheiro;Concluído;Presencial
100510;2025-09-03;11:00;Renata Almeida;11980000155;Mauá;SP;Bruna Oliveira;Design + Henna;Sobrancelhas;0.0;PIX;Cancelado;Instagram
100511;2025-09-03;11:00;Sabrina Martins;11980000215;Diadema;SP;Patrícia Alves;Alongamento de unhas;Unhas;150.0;Cartão de débito;Concluído;Presencial
100512;2025-09-03;11:30;Juliana Ribeiro;11980000046;Santo André;SP;Larissa Santos;Pedicure;Unhas;40.0;Dinheiro;Concluído;Instagram
100513;2025-09-03;13:00;Natália Ribeiro;11980000424;São Caetano do Sul;SP;Larissa Santos;Manicure;Unhas;35.0;Cartão de débito;Concluído;Presencial
100514;2025-09-03;13:30;Monique Lima;11980000449;São Bernardo do Campo;SP;Bruna Oliveira;Coloração;Cabelos;152.0;PIX;Concluído;Instagram
100515;2025-09-03;14:30;Mariana Rocha;11980000383;São Caetano do Sul;SP;Mariana Silva;Corte feminino;Cabelos;85.0;Cartão de débito;Concluído;Telefone
100516;2025-09-03;15:00;Débora Costa;11980000134;São Paulo;SP;Patrícia Alves;Esmaltação em gel;Unhas;80.0;Cartão de crédito;Concluído;Presencial
100517;2025-09-03;17:00;Renata Souza;11980000128;Mauá;SP;Mariana Silva;Design de sobrancelhas;Sobrancelhas;45.0;Dinheiro;Concluído;Telefone
100518;2025-09-04;09:30;Letícia Silva;11980000411;Santo André;SP;Fernanda Costa;Manicure + Pedicure;Unhas;70.0;Dinheiro;Concluído;Telefone
100519;2025-09-04;10:00;Letícia Ribeiro;11980000270;São Caetano do Sul;SP;Patrícia Alves;Alongamento de unhas;Unhas;150.0;Dinheiro;Concluído;Telefone
100520;2025-09-04;11:00;Luciana Ferreira;11980000235;São Caetano do Sul;SP;Larissa Santos;Manicure;Unhas;35.0;PIX;Concluído;Telefone
100521;2025-09-04;14:00;Monique Almeida;11980000093;São Paulo;SP;Patrícia Alves;Manutenção de cílios;Cílios;90.0;Cartão de crédito;Concluído;WhatsApp
100522;2025-09-04;14:30;Daniela Lima;11980000431;Diadema;SP;Renata Souza;Esmaltação em gel;Unhas;76.0;PIX;Concluído;WhatsApp
100523;2025-09-04;16:00;Débora Barbosa;11980000092;Diadema;SP;Renata Souza;Coloração;Cabelos;160.0;Cartão de crédito;Concluído;Presencial
100524;2025-09-04;16:30;Camila Mendes;11980000138;Santo André;SP;Bruna Oliveira;Manicure;Unhas;35.0;Cartão de crédito;Concluído;Presencial
100525;2025-09-04;17:00;Tatiane Silva;11980000262;São Paulo;SP;Bruna Oliveira;Alongamento de unhas;Unhas;150.0;Cartão de débito;Concluído;WhatsApp
100526;2025-09-04;17:00;Paula Silva;11980000169;Diadema;SP;Camila Rodrigues;Design + Henna;Sobrancelhas;60.0;Cartão de crédito;Concluído;WhatsApp
100527;2025-09-04;17:00;Monique Ribeiro;11980000048;Diadema;SP;Camila Rodrigues;Esmaltação em gel;Unhas;76.0;Cartão de crédito;Concluído;WhatsApp
100528;2025-09-04;17:30;Camila Oliveira;11980000224;Mauá;SP;Patrícia Alves;Manicure + Pedicure;Unhas;70.0;Cartão de crédito;Concluído;Presencial
100529;2025-09-04;17:30;Luciana Mendes;11980000146;São Caetano do Sul;SP;Patrícia Alves;Manicure;Unhas;33.25;Cartão de débito;Concluído;Instagram
100530;2025-09-04;17:30;Camila Oliveira;11980000224;Mauá;SP;Juliana Martins;Spa dos pés;Estética;58.5;Cartão de débito;Concluído;Presencial
100531;2025-09-04;17:30;Letícia Fernandes;11980000015;São Caetano do Sul;SP;Juliana Martins;Manutenção de alongamento;Unhas;100.0;Cartão de débito;Concluído;WhatsApp
100532;2025-09-04;17:30;Renata Silva;11980000149;Santo André;SP;Larissa Santos;Manutenção de alongamento;Unhas;100.0;Cartão de crédito;Concluído;Telefone
100533;2025-09-05;09:30;Luciana Lima;11980000249;São Paulo;SP;Larissa Santos;Pedicure;Unhas;40.0;Dinheiro;Concluído;WhatsApp
100534;2025-09-05;09:30;Daniela Barbosa;11980000253;Mauá;SP;Fernanda Costa;Pedicure;Unhas;0.0;Cartão de débito;Não Compareceu;Telefone
100535;2025-09-05;10:30;Larissa Lima;11980000260;Santo André;SP;Juliana Martins;Pedicure;Unhas;40.0;Cartão de débito;Concluído;Telefone
100536;2025-09-05;10:30;Camila Mendes;11980000138;Santo André;SP;Bruna Oliveira;Hidratação;Cabelos;95.0;Cartão de débito;Concluído;Presencial
100537;2025-09-05;11:00;Amanda Ribeiro;11980000012;Diadema;SP;Juliana Martins;Pedicure;Unhas;36.0;Dinheiro;Concluído;Presencial
100538;2025-09-05;11:30;Monique Almeida;11980000059;Santo André;SP;Larissa Santos;Pedicure;Unhas;40.0;PIX;Concluído;Telefone
100539;2025-09-05;11:30;Fernanda Lima;11980000003;São Paulo;SP;Bruna Oliveira;Manicure;Unhas;35.0;Dinheiro;Concluído;Presencial
100540;2025-09-05;13:00;Gabriela Martins;11980000011;Santo André;SP;Patrícia Alves;Manicure + Pedicure;Unhas;70.0;Dinheiro;Concluído;Instagram
100541;2025-09-05;13:00;Gabriela Martins;11980000011;Santo André;SP;Larissa Santos;Design de sobrancelhas;Sobrancelhas;45.0;Dinheiro;Concluído;WhatsApp
100542;2025-09-05;13:00;Vanessa Lima;11980000342;Mauá;SP;Larissa Santos;Manicure;Unhas;35.0;Dinheiro;Concluído;Presencial
100543;2025-09-05;13:00;Juliana Martins;11980000333;Diadema;SP;Renata Souza;Manutenção de alongamento;Unhas;100.0;Dinheiro;Concluído;Presencial
100544;2025-09-05;13:00;Beatriz Ferreira;11980000098;São Bernardo do Campo;SP;Juliana Martins;Escova;Cabelos;70.0;Cartão de crédito;Concluído;Instagram
100545;2025-09-05;13:00;Daniela Rocha;11980000172;São Paulo;SP;Patrícia Alves;Manicure;Unhas;35.0;Dinheiro;Concluído;WhatsApp
100546;2025-09-05;13:30;Juliana Costa;11980000317;Mauá;SP;Renata Souza;Manicure;Unhas;35.0;Cartão de débito;Concluído;WhatsApp
100547;2025-09-05;14:00;Letícia Carvalho;11980000109;Diadema;SP;Patrícia Alves;Manicure;Unhas;35.0;PIX;Concluído;WhatsApp
100548;2025-09-05;16:00;Rafaela Mendes;11980000156;São Caetano do Sul;SP;Mariana Silva;Extensão de cílios;Cílios;180.0;PIX;Concluído;WhatsApp
100549;2025-09-05;17:00;Elaine Gomes;11980000301;Mauá;SP;Mariana Silva;Corte feminino;Cabelos;85.0;Cartão de débito;Concluído;Presencial
100550;2025-09-05;17:00;Paula Barbosa;11980000161;Santo André;SP;Larissa Santos;Manutenção de cílios;Cílios;90.0;Cartão de débito;Concluído;Instagram
100551;2025-09-05;18:00;Jéssica Carvalho;11980000185;Diadema;SP;Renata Souza;Manicure;Unhas;35.0;Cartão de crédito;Concluído;Presencial
100552;2025-09-05;18:00;Juliana Silva;11980000395;Mauá;SP;Fernanda Costa;Hidratação;Cabelos;95.0;PIX;Concluído;Presencial
100553;2025-09-05;18:00;Marcela Rocha;11980000126;São Caetano do Sul;SP;Larissa Santos;Manicure + Pedicure;Unhas;70.0;Cartão de débito;Concluído;Presencial
100554;2025-09-05;18:00;Aline Barbosa;11980000183;São Caetano do Sul;SP;Patrícia Alves;Pedicure;Unhas;40.0;PIX;Concluído;WhatsApp
100555;2025-09-06;09:00;Tatiane Gomes;11980000230;Santo André;SP;Fernanda Costa;Design de sobrancelhas;Sobrancelhas;45.0;Cartão de crédito;Concluído;Instagram
100556;2025-09-06;09:30;Rafaela Gomes;11980000356;Diadema;SP;Renata Souza;Manutenção de alongamento;Unhas;95.0;Cartão de débito;Concluído;WhatsApp
100557;2025-09-06;09:30;Patrícia Ribeiro;11980000044;São Bernardo do Campo;SP;Mariana Silva;Alongamento de unhas;Unhas;150.0;PIX;Concluído;Instagram
100558;2025-09-06;10:00;Amanda Ferreira;11980000398;Mauá;SP;Renata Souza;Hidratação;Cabelos;95.0;Cartão de débito;Concluído;Instagram
100559;2025-09-06;10:00;Mariana Oliveira;11980000002;São Bernardo do Campo;SP;Juliana Martins;Esmaltação em gel;Unhas;80.0;Dinheiro;Concluído;Telefone
100560;2025-09-06;11:00;Juliana Martins;11980000180;São Caetano do Sul;SP;Fernanda Costa;Manicure + Pedicure;Unhas;70.0;Cartão de crédito;Concluído;Instagram
100561;2025-09-06;11:00;Natália Pereira;11980000422;Mauá;SP;Patrícia Alves;Manicure;Unhas;35.0;Dinheiro;Concluído;WhatsApp
100562;2025-09-06;11:00;Simone Ferreira;11980000390;Mauá;SP;Larissa Santos;Design + Henna;Sobrancelhas;60.0;Cartão de débito;Concluído;Presencial
100563;2025-09-06;11:30;Beatriz Lima;11980000278;São Bernardo do Campo;SP;Patrícia Alves;Manicure + Pedicure;Unhas;70.0;PIX;Concluído;Presencial
100564;2025-09-06;11:30;Patrícia Ribeiro;11980000044;São Bernardo do Campo;SP;Mariana Silva;Manicure + Pedicure;Unhas;70.0;Dinheiro;Concluído;Instagram
100565;2025-09-06;14:00;Letícia Ribeiro;11980000375;São Bernardo do Campo;SP;Camila Rodrigues;Escova;Cabelos;70.0;Cartão de débito;Concluído;WhatsApp
100566;2025-09-06;14:00;Sabrina Lima;11980000062;São Caetano do Sul;SP;Patrícia Alves;Coloração;Cabelos;152.0;Cartão de crédito;Concluído;Presencial
100567;2025-09-06;14:00;Amanda Ribeiro;11980000012;Diadema;SP;Camila Rodrigues;Hidratação;Cabelos;95.0;Cartão de débito;Concluído;WhatsApp
100568;2025-09-06;14:30;Viviane Silva;11980000402;Diadema;SP;Bruna Oliveira;Manicure;Unhas;35.0;Cartão de crédito;Concluído;Presencial
100569;2025-09-06;14:30;Fernanda Gomes;11980000191;São Paulo;SP;Fernanda Costa;Spa dos pés;Estética;65.0;PIX;Concluído;Instagram
100570;2025-09-06;15:00;Juliana Silva;11980000349;Mauá;SP;Fernanda Costa;Manutenção de cílios;Cílios;85.5;PIX;Concluído;Instagram
100571;2025-09-06;15:00;Patrícia Santos;11980000213;Diadema;SP;Camila Rodrigues;Hidratação;Cabelos;95.0;PIX;Concluído;WhatsApp
100572;2025-09-06;15:00;Marcela Martins;11980000199;São Paulo;SP;Renata Souza;Corte feminino;Cabelos;85.0;Dinheiro;Concluído;WhatsApp
100573;2025-09-06;15:30;Luciana Almeida;11980000309;São Paulo;SP;Bruna Oliveira;Manicure;Unhas;35.0;PIX;Concluído;WhatsApp
100574;2025-09-06;16:00;Amanda Barbosa;11980000290;São Paulo;SP;Larissa Santos;Corte feminino;Cabelos;85.0;Cartão de crédito;Concluído;Presencial
100575;2025-09-06;16:30;Elaine Lima;11980000447;Mauá;SP;Fernanda Costa;Design de sobrancelhas;Sobrancelhas;0.0;Dinheiro;Não Compareceu;Presencial
100576;2025-09-06;17:00;Camila Carvalho;11980000218;Mauá;SP;Patrícia Alves;Manutenção de alongamento;Unhas;100.0;Dinheiro;Concluído;Presencial
100577;2025-09-06;17:00;Luciana Ferreira;11980000235;São Caetano do Sul;SP;Mariana Silva;Coloração;Cabelos;160.0;PIX;Concluído;WhatsApp
100578;2025-09-06;18:00;Daniela Silva;11980000267;São Bernardo do Campo;SP;Fernanda Costa;Pedicure;Unhas;40.0;Cartão de débito;Concluído;Instagram
100579;2025-09-06;18:00;Juliana Ribeiro;11980000099;Santo André;SP;Camila Rodrigues;Coloração;Cabelos;160.0;Dinheiro;Concluído;WhatsApp
100580;2025-09-06;18:00;Cristiane Ferreira;11980000295;Diadema;SP;Camila Rodrigues;Spa dos pés;Estética;0.0;Dinheiro;Não Compareceu;Presencial
100581;2025-09-08;09:30;Raquel Silva;11980000167;Santo André;SP;Patrícia Alves;Manicure;Unhas;35.0;PIX;Concluído;Presencial
100582;2025-09-08;10:00;Cristiane Dias;11980000024;Mauá;SP;Patrícia Alves;Manutenção de cílios;Cílios;90.0;Dinheiro;Concluído;Instagram
100583;2025-09-08;10:30;Monique Ribeiro;11980000166;Diadema;SP;Fernanda Costa;Alongamento de unhas;Unhas;150.0;Cartão de crédito;Concluído;Instagram
100584;2025-09-08;11:00;Viviane Costa;11980000307;São Caetano do Sul;SP;Mariana Silva;Manicure;Unhas;35.0;PIX;Concluído;WhatsApp
100585;2025-09-08;13:00;Renata Lima;11980000372;São Caetano do Sul;SP;Fernanda Costa;Hidratação;Cabelos;90.25;Cartão de débito;Concluído;Telefone
100586;2025-09-08;13:30;Larissa Santos;11980000248;São Bernardo do Campo;SP;Camila Rodrigues;Alongamento de unhas;Unhas;150.0;PIX;Concluído;WhatsApp
100587;2025-09-08;14:00;Daniela Barbosa;11980000253;Mauá;SP;Bruna Oliveira;Coloração;Cabelos;160.0;Dinheiro;Concluído;WhatsApp
100588;2025-09-08;14:30;Ana Carolina Souza;11980000001;São Paulo;SP;Larissa Santos;Coloração;Cabelos;160.0;Cartão de crédito;Concluído;Presencial
100589;2025-09-08;16:00;Monique Costa;11980000140;Santo André;SP;Fernanda Costa;Escova;Cabelos;0.0;Cartão de crédito;Não Compareceu;Telefone
100590;2025-09-08;16:30;Amanda Mendes;11980000127;São Bernardo do Campo;SP;Patrícia Alves;Manicure + Pedicure;Unhas;70.0;Cartão de crédito;Concluído;Instagram
100591;2025-09-08;17:00;Larissa Lima;11980000326;São Paulo;SP;Fernanda Costa;Spa dos pés;Estética;65.0;Cartão de débito;Concluído;Presencial
100592;2025-09-09;10:00;Amanda Carvalho;11980000212;Santo André;SP;Larissa Santos;Manutenção de cílios;Cílios;90.0;PIX;Concluído;Presencial
100593;2025-09-09;13:00;Marcela Lima;11980000064;Santo André;SP;Larissa Santos;Manicure + Pedicure;Unhas;70.0;Cartão de crédito;Concluído;Telefone
100594;2025-09-09;13:00;Monique Costa;11980000186;São Bernardo do Campo;SP;Camila Rodrigues;Manicure + Pedicure;Unhas;70.0;Dinheiro;Concluído;Telefone
100595;2025-09-09;13:00;Fernanda Pereira;11980000292;Santo André;SP;Larissa Santos;Pedicure;Unhas;40.0;Cartão de crédito;Concluído;Instagram
100596;2025-09-09;14:30;Juliana Silva;11980000349;Mauá;SP;Mariana Silva;Pedicure;Unhas;40.0;Cartão de crédito;Concluído;Presencial
100597;2025-09-09;16:00;Letícia Oliveira;11980000345;Mauá;SP;Juliana Martins;Manicure + Pedicure;Unhas;70.0;Cartão de débito;Concluído;WhatsApp
100598;2025-09-09;16:30;Rafaela Souza;11980000438;São Caetano do Sul;SP;Mariana Silva;Manutenção de alongamento;Unhas;100.0;Dinheiro;Concluído;WhatsApp
100599;2025-09-09;17:00;Daniela Rocha;11980000355;São Caetano do Sul;SP;Fernanda Costa;Design + Henna;Sobrancelhas;60.0;Dinheiro;Concluído;WhatsApp
100600;2025-09-10;09:00;Sabrina Lima;11980000100;Diadema;SP;Mariana Silva;Manicure;Unhas;35.0;Cartão de débito;Concluído;Telefone
100601;2025-09-10;09:00;Vanessa Lima;11980000233;Mauá;SP;Camila Rodrigues;Esmaltação em gel;Unhas;80.0;Cartão de crédito;Concluído;Instagram
100602;2025-09-10;09:30;Paula Barbosa;11980000161;Santo André;SP;Juliana Martins;Escova;Cabelos;70.0;Dinheiro;Concluído;Presencial
100603;2025-09-10;09:30;Sabrina Oliveira;11980000034;São Bernardo do Campo;SP;Juliana Martins;Design + Henna;Sobrancelhas;60.0;Dinheiro;Concluído;Presencial
100604;2025-09-10;09:30;Carla Barbosa;11980000096;Diadema;SP;Renata Souza;Manicure;Unhas;35.0;Cartão de débito;Concluído;Telefone
100605;2025-09-10;10:00;Renata Rocha;11980000423;Santo André;SP;Camila Rodrigues;Manicure + Pedicure;Unhas;70.0;PIX;Concluído;Presencial
100606;2025-09-10;10:30;Vanessa Lima;11980000233;Mauá;SP;Mariana Silva;Design de sobrancelhas;Sobrancelhas;45.0;PIX;Concluído;Instagram
100607;2025-09-10;14:00;Bianca Oliveira;11980000294;São Paulo;SP;Patrícia Alves;Design + Henna;Sobrancelhas;60.0;Dinheiro;Concluído;Presencial
100608;2025-09-10;14:30;Renata Souza;11980000128;Mauá;SP;Renata Souza;Pedicure;Unhas;40.0;PIX;Concluído;Presencial
100609;2025-09-10;14:30;Marcela Ferreira;11980000160;Santo André;SP;Patrícia Alves;Manicure;Unhas;35.0;Cartão de débito;Concluído;WhatsApp
100610;2025-09-10;15:00;Luciana Santos;11980000103;São Paulo;SP;Renata Souza;Escova;Cabelos;70.0;Dinheiro;Concluído;Presencial
100611;2025-09-10;15:00;Priscila Mendes;11980000308;São Bernardo do Campo;SP;Mariana Silva;Escova;Cabelos;70.0;Dinheiro;Concluído;WhatsApp
100612;2025-09-10;15:00;Cristiane Barbosa;11980000123;São Paulo;SP;Larissa Santos;Manutenção de cílios;Cílios;90.0;Dinheiro;Concluído;Instagram
100613;2025-09-10;15:00;Paula Mendes;11980000414;Diadema;SP;Camila Rodrigues;Design de sobrancelhas;Sobrancelhas;45.0;Cartão de crédito;Concluído;Instagram
100614;2025-09-10;17:00;Daniela Freitas;11980000025;Diadema;SP;Fernanda Costa;Corte feminino;Cabelos;85.0;Dinheiro;Concluído;WhatsApp
100615;2025-09-10;17:00;Natália Costa;11980000120;São Paulo;SP;Camila Rodrigues;Manutenção de alongamento;Unhas;100.0;PIX;Concluído;WhatsApp
100616;2025-09-10;18:00;Larissa Santos;11980000175;Diadema;SP;Camila Rodrigues;Escova;Cabelos;70.0;PIX;Concluído;Presencial
100617;2025-09-11;09:00;Marcela Souza;11980000174;São Paulo;SP;Renata Souza;Pedicure;Unhas;38.0;Cartão de débito;Concluído;WhatsApp
100618;2025-09-11;09:30;Gabriela Barbosa;11980000243;São Paulo;SP;Fernanda Costa;Design de sobrancelhas;Sobrancelhas;45.0;Cartão de crédito;Concluído;Instagram
100619;2025-09-11;09:30;Fernanda Santos;11980000405;São Bernardo do Campo;SP;Patrícia Alves;Manicure + Pedicure;Unhas;66.5;Cartão de débito;Concluído;Presencial
100620;2025-09-11;10:00;Daniela Ferreira;11980000108;Mauá;SP;Juliana Martins;Escova;Cabelos;70.0;Dinheiro;Concluído;Telefone
100621;2025-09-11;10:30;Juliana Souza;11980000426;São Paulo;SP;Patrícia Alves;Alongamento de unhas;Unhas;150.0;Cartão de crédito;Concluído;Instagram
100622;2025-09-11;11:00;Daniela Silva;11980000437;São Paulo;SP;Camila Rodrigues;Alongamento de unhas;Unhas;150.0;PIX;Concluído;Telefone
100623;2025-09-11;11:00;Natália Oliveira;11980000061;Mauá;SP;Patrícia Alves;Hidratação;Cabelos;95.0;Cartão de crédito;Concluído;Telefone
100624;2025-09-11;13:00;Larissa Santos;11980000175;Diadema;SP;Juliana Martins;Manicure + Pedicure;Unhas;70.0;Dinheiro;Concluído;Presencial
100625;2025-09-11;13:30;Raquel Gomes;11980000432;Santo André;SP;Juliana Martins;Escova;Cabelos;70.0;PIX;Concluído;Instagram
100626;2025-09-11;13:30;Natália Almeida;11980000163;São Caetano do Sul;SP;Bruna Oliveira;Spa dos pés;Estética;0.0;Cartão de crédito;Cancelado;Telefone
100627;2025-09-11;14:00;Daniela Ribeiro;11980000171;Diadema;SP;Renata Souza;Design + Henna;Sobrancelhas;60.0;Cartão de débito;Concluído;Instagram
100628;2025-09-11;14:00;Bruna Carvalho;11980000013;São Paulo;SP;Patrícia Alves;Manutenção de alongamento;Unhas;95.0;Cartão de débito;Concluído;Telefone
100629;2025-09-11;14:30;Rafaela Souza;11980000438;São Caetano do Sul;SP;Fernanda Costa;Manicure;Unhas;35.0;Cartão de débito;Concluído;Presencial
100630;2025-09-11;15:30;Fernanda Ribeiro;11980000256;São Paulo;SP;Larissa Santos;Pedicure;Unhas;40.0;Dinheiro;Concluído;Presencial
100631;2025-09-11;16:00;Paula Ferreira;11980000203;São Caetano do Sul;SP;Renata Souza;Manicure + Pedicure;Unhas;70.0;Cartão de débito;Concluído;WhatsApp
100632;2025-09-11;16:30;Priscila Barbosa;11980000219;Mauá;SP;Larissa Santos;Manutenção de alongamento;Unhas;100.0;Dinheiro;Concluído;Presencial
100633;2025-09-11;18:00;Camila Costa;11980000190;São Paulo;SP;Mariana Silva;Design + Henna;Sobrancelhas;0.0;Dinheiro;Não Compareceu;WhatsApp
100634;2025-09-11;18:00;Beatriz Silva;11980000069;São Caetano do Sul;SP;Juliana Martins;Manicure + Pedicure;Unhas;70.0;PIX;Concluído;Telefone
100635;2025-09-12;09:30;Renata Ribeiro;11980000228;Diadema;SP;Camila Rodrigues;Design de sobrancelhas;Sobrancelhas;42.75;Cartão de crédito;Concluído;Telefone
100636;2025-09-12;10:00;Patrícia Barbosa;11980000196;São Caetano do Sul;SP;Renata Souza;Coloração;Cabelos;160.0;Cartão de crédito;Concluído;Telefone
100637;2025-09-12;10:30;Juliana Silva;11980000349;Mauá;SP;Juliana Martins;Pedicure;Unhas;40.0;Cartão de crédito;Concluído;WhatsApp
100638;2025-09-12;11:00;Vanessa Martins;11980000020;São Bernardo do Campo;SP;Camila Rodrigues;Pedicure;Unhas;40.0;Dinheiro;Concluído;WhatsApp
100639;2025-09-12;11:00;Simone Silva;11980000201;Diadema;SP;Patrícia Alves;Spa dos pés;Estética;65.0;Dinheiro;Concluído;Presencial
100640;2025-09-12;11:00;Camila Santos;11980000291;São Paulo;SP;Camila Rodrigues;Corte feminino;Cabelos;0.0;Cartão de débito;Não Compareceu;Presencial
100641;2025-09-12;11:30;Larissa Rocha;11980000430;Santo André;SP;Camila Rodrigues;Design de sobrancelhas;Sobrancelhas;45.0;Dinheiro;Concluído;WhatsApp
100642;2025-09-12;11:30;Simone Ferreira;11980000202;Mauá;SP;Camila Rodrigues;Pedicure;Unhas;40.0;Cartão de débito;Concluído;WhatsApp
100643;2025-09-12;13:00;Aline Moreira;11980000017;São Caetano do Sul;SP;Larissa Santos;Manicure;Unhas;35.0;Dinheiro;Concluído;Instagram
100644;2025-09-12;13:30;Raquel Costa;11980000033;São Caetano do Sul;SP;Bruna Oliveira;Design de sobrancelhas;Sobrancelhas;45.0;Dinheiro;Concluído;WhatsApp
100645;2025-09-12;14:30;Fernanda Pereira;11980000292;Santo André;SP;Larissa Santos;Design + Henna;Sobrancelhas;60.0;PIX;Concluído;Instagram
100646;2025-09-12;15:00;Rafaela Santos;11980000040;São Paulo;SP;Juliana Martins;Esmaltação em gel;Unhas;80.0;Cartão de crédito;Concluído;WhatsApp
100647;2025-09-12;15:30;Patrícia Pereira;11980000347;Santo André;SP;Fernanda Costa;Pedicure;Unhas;38.0;PIX;Concluído;Instagram
100648;2025-09-12;15:30;Priscila Barbosa;11980000150;Santo André;SP;Juliana Martins;Manutenção de alongamento;Unhas;100.0;Cartão de crédito;Concluído;Presencial
100649;2025-09-12;16:00;Sabrina Martins;11980000215;Diadema;SP;Bruna Oliveira;Design + Henna;Sobrancelhas;60.0;Cartão de débito;Concluído;WhatsApp
100650;2025-09-12;16:30;Cristiane Barbosa;11980000123;São Paulo;SP;Renata Souza;Manicure;Unhas;35.0;PIX;Concluído;Instagram
100651;2025-09-12;16:30;Natália Ribeiro;11980000358;Santo André;SP;Renata Souza;Corte feminino;Cabelos;0.0;PIX;Não Compareceu;Telefone
100652;2025-09-12;17:00;Cristiane Santos;11980000378;Mauá;SP;Juliana Martins;Manicure + Pedicure;Unhas;70.0;Cartão de débito;Concluído;Instagram
100653;2025-09-12;17:00;Elaine Gomes;11980000301;Mauá;SP;Renata Souza;Esmaltação em gel;Unhas;72.0;PIX;Concluído;Presencial
100654;2025-09-12;17:00;Vanessa Rocha;11980000043;São Paulo;SP;Renata Souza;Extensão de cílios;Cílios;171.0;Cartão de débito;Concluído;Instagram
100655;2025-09-12;18:00;Monique Ribeiro;11980000227;Santo André;SP;Camila Rodrigues;Escova;Cabelos;70.0;PIX;Concluído;Telefone
100656;2025-09-13;09:30;Elaine Santos;11980000176;São Caetano do Sul;SP;Renata Souza;Pedicure;Unhas;40.0;Cartão de crédito;Concluído;Instagram
100657;2025-09-13;10:00;Gabriela Lima;11980000330;Mauá;SP;Bruna Oliveira;Alongamento de unhas;Unhas;142.5;Cartão de crédito;Concluído;Instagram
100658;2025-09-13;10:30;Natália Costa;11980000120;São Paulo;SP;Camila Rodrigues;Design de sobrancelhas;Sobrancelhas;45.0;Dinheiro;Concluído;WhatsApp
100659;2025-09-13;10:30;Beatriz Lima;11980000365;São Caetano do Sul;SP;Patrícia Alves;Pedicure;Unhas;40.0;Dinheiro;Concluído;Instagram
100660;2025-09-13;11:00;Débora Costa;11980000134;São Paulo;SP;Larissa Santos;Coloração;Cabelos;160.0;Cartão de crédito;Concluído;WhatsApp
100661;2025-09-13;11:00;Letícia Souza;11980000389;Santo André;SP;Fernanda Costa;Design de sobrancelhas;Sobrancelhas;45.0;Cartão de crédito;Concluído;Presencial
100662;2025-09-13;11:00;Viviane Lima;11980000036;Mauá;SP;Renata Souza;Manicure;Unhas;0.0;Cartão de crédito;Cancelado;WhatsApp
100663;2025-09-13;11:30;Natália Ribeiro;11980000358;Santo André;SP;Fernanda Costa;Manicure;Unhas;35.0;PIX;Concluído;Presencial
100664;2025-09-13;11:30;Marcela Lima;11980000064;Santo André;SP;Bruna Oliveira;Corte feminino;Cabelos;76.5;Dinheiro;Concluído;Telefone
100665;2025-09-13;11:30;Patrícia Pereira;11980000312;São Bernardo do Campo;SP;Bruna Oliveira;Esmaltação em gel;Unhas;80.0;PIX;Concluído;Presencial
100666;2025-09-13;13:00;Aline Barbosa;11980000056;São Caetano do Sul;SP;Mariana Silva;Manicure + Pedicure;Unhas;66.5;Dinheiro;Concluído;WhatsApp
100667;2025-09-13;13:30;Marcela Rocha;11980000126;São Caetano do Sul;SP;Bruna Oliveira;Pedicure;Unhas;36.0;Dinheiro;Concluído;Instagram
100668;2025-09-13;14:30;Daniela Silva;11980000267;São Bernardo do Campo;SP;Bruna Oliveira;Design + Henna;Sobrancelhas;57.0;Cartão de crédito;Concluído;Telefone
100669;2025-09-13;14:30;Paula Ferreira;11980000203;São Caetano do Sul;SP;Mariana Silva;Alongamento de unhas;Unhas;150.0;PIX;Concluído;WhatsApp
100670;2025-09-13;14:30;Monique Santos;11980000031;Diadema;SP;Patrícia Alves;Alongamento de unhas;Unhas;150.0;Dinheiro;Concluído;WhatsApp
100671;2025-09-13;15:00;Daniela Ribeiro;11980000171;Diadema;SP;Patrícia Alves;Design de sobrancelhas;Sobrancelhas;0.0;Dinheiro;Não Compareceu;WhatsApp
100672;2025-09-13;15:00;Vanessa Rocha;11980000119;Diadema;SP;Renata Souza;Manicure;Unhas;35.0;Dinheiro;Concluído;WhatsApp
100673;2025-09-13;15:00;Carla Lima;11980000122;Santo André;SP;Larissa Santos;Manutenção de cílios;Cílios;90.0;Cartão de débito;Concluído;WhatsApp
100674;2025-09-13;15:30;Monique Costa;11980000140;Santo André;SP;Larissa Santos;Manicure;Unhas;35.0;Cartão de crédito;Concluído;Presencial
100675;2025-09-13;15:30;Camila Ferreira;11980000386;São Caetano do Sul;SP;Juliana Martins;Manicure;Unhas;35.0;Cartão de débito;Concluído;Presencial
100676;2025-09-13;15:30;Elaine Silva;11980000261;Mauá;SP;Larissa Santos;Design de sobrancelhas;Sobrancelhas;42.75;Dinheiro;Concluído;Instagram
100677;2025-09-13;15:30;Renata Lima;11980000125;São Bernardo do Campo;SP;Larissa Santos;Manicure;Unhas;35.0;PIX;Concluído;Instagram
100678;2025-09-13;16:30;Bianca Lopes;11980000023;Diadema;SP;Juliana Martins;Hidratação;Cabelos;85.5;Dinheiro;Concluído;WhatsApp
100679;2025-09-13;17:30;Viviane Rocha;11980000259;São Caetano do Sul;SP;Bruna Oliveira;Manutenção de cílios;Cílios;90.0;Dinheiro;Concluído;WhatsApp
100680;2025-09-13;17:30;Beatriz Almeida;11980000157;São Caetano do Sul;SP;Larissa Santos;Manicure + Pedicure;Unhas;70.0;Cartão de crédito;Concluído;Instagram
100681;2025-09-13;18:00;Marcela Gomes;11980000080;São Caetano do Sul;SP;Renata Souza;Manicure;Unhas;35.0;Cartão de débito;Concluído;Presencial
100682;2025-09-14;10:30;Monique Barbosa;11980000250;São Paulo;SP;Patrícia Alves;Esmaltação em gel;Unhas;80.0;Cartão de crédito;Concluído;WhatsApp
100683;2025-09-14;11:30;Beatriz Barbosa;11980000214;Mauá;SP;Fernanda Costa;Manutenção de cílios;Cílios;90.0;Cartão de crédito;Concluído;Instagram
100684;2025-09-15;09:30;Jéssica Carvalho;11980000185;Diadema;SP;Bruna Oliveira;Alongamento de unhas;Unhas;0.0;Cartão de débito;Não Compareceu;WhatsApp
100685;2025-09-15;10:00;Natália Carvalho;11980000047;São Paulo;SP;Mariana Silva;Hidratação;Cabelos;90.25;Dinheiro;Concluído;Presencial
100686;2025-09-15;10:00;Vanessa Almeida;11980000311;São Paulo;SP;Larissa Santos;Alongamento de unhas;Unhas;135.0;Dinheiro;Concluído;WhatsApp
100687;2025-09-15;10:00;Renata Lima;11980000125;São Bernardo do Campo;SP;Renata Souza;Pedicure;Unhas;40.0;PIX;Concluído;Telefone
100688;2025-09-15;10:30;Camila Silva;11980000041;São Paulo;SP;Fernanda Costa;Manicure;Unhas;35.0;Cartão de débito;Concluído;Instagram
100689;2025-09-15;10:30;Larissa Santos;11980000175;Diadema;SP;Renata Souza;Manutenção de cílios;Cílios;85.5;Cartão de crédito;Concluído;Presencial
100690;2025-09-15;10:30;Vanessa Lima;11980000245;São Bernardo do Campo;SP;Larissa Santos;Design + Henna;Sobrancelhas;60.0;Cartão de débito;Concluído;WhatsApp
100691;2025-09-15;13:00;Cristiane Ferreira;11980000376;São Paulo;SP;Bruna Oliveira;Manicure + Pedicure;Unhas;70.0;PIX;Concluído;WhatsApp
100692;2025-09-15;13:30;Carla Gomes;11980000445;São Caetano do Sul;SP;Fernanda Costa;Coloração;Cabelos;160.0;Dinheiro;Concluído;Instagram
100693;2025-09-15;13:30;Vanessa Carvalho;11980000409;São Caetano do Sul;SP;Patrícia Alves;Esmaltação em gel;Unhas;80.0;PIX;Concluído;Presencial
100694;2025-09-15;13:30;Elaine Gomes;11980000335;Santo André;SP;Bruna Oliveira;Escova;Cabelos;70.0;Cartão de débito;Concluído;WhatsApp
100695;2025-09-15;14:00;Cristiane Costa;11980000197;São Paulo;SP;Fernanda Costa;Pedicure;Unhas;40.0;PIX;Concluído;Presencial
100696;2025-09-15;14:30;Priscila Barbosa;11980000162;São Paulo;SP;Patrícia Alves;Escova;Cabelos;70.0;Dinheiro;Concluído;Instagram
100697;2025-09-15;16:00;Mariana Oliveira;11980000002;São Bernardo do Campo;SP;Larissa Santos;Hidratação;Cabelos;95.0;Cartão de crédito;Concluído;WhatsApp
100698;2025-09-15;16:30;Gabriela Silva;11980000415;São Paulo;SP;Renata Souza;Pedicure;Unhas;38.0;PIX;Concluído;Instagram
100699;2025-09-15;16:30;Luciana Lima;11980000249;São Paulo;SP;Larissa Santos;Manutenção de cílios;Cílios;81.0;Cartão de débito;Concluído;Instagram
100700;2025-09-15;18:00;Raquel Silva;11980000341;São Caetano do Sul;SP;Camila Rodrigues;Manicure;Unhas;35.0;Dinheiro;Concluído;Telefone
100701;2025-09-16;09:00;Amanda Oliveira;11980000112;São Caetano do Sul;SP;Renata Souza;Manutenção de cílios;Cílios;90.0;PIX;Concluído;Instagram
100702;2025-09-16;09:30;Daniela Ferreira;11980000435;São Bernardo do Campo;SP;Renata Souza;Extensão de cílios;Cílios;0.0;Cartão de crédito;Cancelado;Presencial
100703;2025-09-16;10:00;Elaine Gomes;11980000335;Santo André;SP;Bruna Oliveira;Manutenção de cílios;Cílios;90.0;Dinheiro;Concluído;Presencial
100704;2025-09-16;10:00;Letícia Pereira;11980000189;Mauá;SP;Camila Rodrigues;Manicure;Unhas;35.0;Cartão de crédito;Concluído;Presencial
100705;2025-09-16;10:30;Gabriela Barbosa;11980000243;São Paulo;SP;Patrícia Alves;Coloração;Cabelos;0.0;Cartão de débito;Não Compareceu;Presencial
100706;2025-09-16;10:30;Natália Almeida;11980000077;São Bernardo do Campo;SP;Bruna Oliveira;Pedicure;Unhas;40.0;Dinheiro;Concluído;Instagram
100707;2025-09-16;11:30;Larissa Lima;11980000260;Santo André;SP;Fernanda Costa;Manicure + Pedicure;Unhas;70.0;PIX;Concluído;WhatsApp
100708;2025-09-16;11:30;Raquel Carvalho;11980000193;São Bernardo do Campo;SP;Bruna Oliveira;Design + Henna;Sobrancelhas;0.0;PIX;Cancelado;Telefone
100709;2025-09-16;11:30;Natália Oliveira;11980000373;São Paulo;SP;Bruna Oliveira;Manicure + Pedicure;Unhas;0.0;Dinheiro;Não Compareceu;Telefone
100710;2025-09-16;11:30;Juliana Silva;11980000141;São Bernardo do Campo;SP;Juliana Martins;Escova;Cabelos;70.0;Dinheiro;Concluído;Instagram
100711;2025-09-16;11:30;Beatriz Ribeiro;11980000051;São Bernardo do Campo;SP;Mariana Silva;Manicure;Unhas;35.0;PIX;Concluído;Presencial
100712;2025-09-16;13:00;Raquel Costa;11980000033;São Caetano do Sul;SP;Juliana Martins;Manutenção de cílios;Cílios;0.0;PIX;Cancelado;Instagram
100713;2025-09-16;14:00;Elaine Gomes;11980000335;Santo André;SP;Patrícia Alves;Manicure;Unhas;35.0;PIX;Concluído;WhatsApp
100714;2025-09-16;14:30;Vanessa Gomes;11980000075;Santo André;SP;Camila Rodrigues;Design de sobrancelhas;Sobrancelhas;45.0;PIX;Concluído;Presencial
100715;2025-09-16;15:00;Juliana Costa;11980000359;Diadema;SP;Bruna Oliveira;Manicure;Unhas;33.25;PIX;Concluído;Telefone
100716;2025-09-16;16:00;Luciana Santos;11980000217;Santo André;SP;Larissa Santos;Spa dos pés;Estética;65.0;Cartão de débito;Concluído;Instagram
100717;2025-09-16;16:00;Elaine Martins;11980000324;Diadema;SP;Renata Souza;Esmaltação em gel;Unhas;80.0;Cartão de débito;Concluído;Instagram
100718;2025-09-16;17:00;Rafaela Ribeiro;11980000442;Mauá;SP;Patrícia Alves;Manicure;Unhas;35.0;PIX;Concluído;Instagram
100719;2025-09-17;09:00;Isabela Santos;11980000208;Mauá;SP;Camila Rodrigues;Design de sobrancelhas;Sobrancelhas;45.0;Cartão de débito;Concluído;WhatsApp
100720;2025-09-17;09:30;Priscila Pereira;11980000353;São Paulo;SP;Juliana Martins;Design + Henna;Sobrancelhas;60.0;Cartão de crédito;Concluído;Instagram
100721;2025-09-17;09:30;Paula Souza;11980000283;São Paulo;SP;Fernanda Costa;Design de sobrancelhas;Sobrancelhas;45.0;Dinheiro;Concluído;Presencial
100722;2025-09-17;10:00;Rafaela Gomes;11980000356;Diadema;SP;Patrícia Alves;Esmaltação em gel;Unhas;72.0;Cartão de débito;Concluído;Instagram
100723;2025-09-17;11:30;Elaine Martins;11980000374;São Paulo;SP;Renata Souza;Coloração;Cabelos;160.0;PIX;Concluído;Presencial
100724;2025-09-17;11:30;Débora Costa;11980000134;São Paulo;SP;Bruna Oliveira;Design + Henna;Sobrancelhas;54.0;PIX;Concluído;Presencial
100725;2025-09-17;13:30;Juliana Silva;11980000141;São Bernardo do Campo;SP;Camila Rodrigues;Manicure;Unhas;35.0;PIX;Concluído;WhatsApp
100726;2025-09-17;13:30;Jéssica Martins;11980000028;Mauá;SP;Mariana Silva;Extensão de cílios;Cílios;180.0;Dinheiro;Concluído;Instagram
100727;2025-09-17;13:30;Bruna Oliveira;11980000404;São Caetano do Sul;SP;Bruna Oliveira;Alongamento de unhas;Unhas;150.0;PIX;Concluído;Presencial
100728;2025-09-17;14:00;Beatriz Silva;11980000069;São Caetano do Sul;SP;Renata Souza;Design de sobrancelhas;Sobrancelhas;45.0;Dinheiro;Concluído;Telefone
100729;2025-09-17;16:30;Beatriz Almeida;11980000157;São Caetano do Sul;SP;Juliana Martins;Coloração;Cabelos;160.0;PIX;Concluído;WhatsApp
100730;2025-09-17;16:30;Paula Mendes;11980000414;Diadema;SP;Camila Rodrigues;Coloração;Cabelos;160.0;Cartão de crédito;Concluído;WhatsApp
100731;2025-09-17;17:30;Flávia Rocha;11980000090;São Paulo;SP;Fernanda Costa;Design de sobrancelhas;Sobrancelhas;45.0;Cartão de débito;Concluído;Telefone
100732;2025-09-17;17:30;Cristiane Lima;11980000338;Mauá;SP;Larissa Santos;Manicure;Unhas;35.0;Cartão de débito;Concluído;Instagram
100733;2025-09-17;18:00;Vanessa Lima;11980000245;São Bernardo do Campo;SP;Patrícia Alves;Pedicure;Unhas;40.0;Cartão de crédito;Concluído;Telefone
100734;2025-09-17;18:00;Bianca Ferreira;11980000225;São Paulo;SP;Mariana Silva;Escova;Cabelos;70.0;Dinheiro;Concluído;Instagram
100735;2025-09-17;18:00;Paula Silva;11980000366;Mauá;SP;Mariana Silva;Design de sobrancelhas;Sobrancelhas;42.75;Dinheiro;Concluído;Telefone
100736;2025-09-18;09:30;Rafaela Mendes;11980000114;Santo André;SP;Mariana Silva;Manutenção de alongamento;Unhas;100.0;PIX;Concluído;Telefone
100737;2025-09-18;09:30;Patrícia Almeida;11980000118;São Caetano do Sul;SP;Juliana Martins;Manicure;Unhas;33.25;Cartão de crédito;Concluído;Presencial
100738;2025-09-18;09:30;Larissa Almeida;11980000010;Santo André;SP;Renata Souza;Manicure;Unhas;35.0;Cartão de débito;Concluído;Instagram
100739;2025-09-18;10:00;Jéssica Almeida;11980000052;São Caetano do Sul;SP;Bruna Oliveira;Esmaltação em gel;Unhas;80.0;Cartão de crédito;Concluído;Presencial
100740;2025-09-18;10:30;Bruna Lima;11980000254;Mauá;SP;Bruna Oliveira;Pedicure;Unhas;38.0;Cartão de crédito;Concluído;WhatsApp
100741;2025-09-18;10:30;Gabriela Gomes;11980000257;São Caetano do Sul;SP;Bruna Oliveira;Manicure;Unhas;35.0;Cartão de crédito;Concluído;WhatsApp
100742;2025-09-18;14:00;Renata Souza;11980000128;Mauá;SP;Fernanda Costa;Manutenção de cílios;Cílios;0.0;Cartão de crédito;Não Compareceu;Presencial
100743;2025-09-18;14:00;Renata Silva;11980000149;Santo André;SP;Fernanda Costa;Esmaltação em gel;Unhas;80.0;Dinheiro;Concluído;Telefone
100744;2025-09-18;14:00;Juliana Costa;11980000004;Santo André;SP;Patrícia Alves;Manutenção de cílios;Cílios;90.0;Dinheiro;Concluído;Telefone
100745;2025-09-18;14:00;Patrícia Pereira;11980000220;Diadema;SP;Patrícia Alves;Esmaltação em gel;Unhas;80.0;Dinheiro;Concluído;Presencial
100746;2025-09-18;15:00;Débora Nunes;11980000021;São Paulo;SP;Patrícia Alves;Alongamento de unhas;Unhas;150.0;Cartão de crédito;Concluído;Presencial
100747;2025-09-18;15:00;Beatriz Oliveira;11980000393;Diadema;SP;Renata Souza;Manicure;Unhas;35.0;PIX;Concluído;Telefone
100748;2025-09-18;15:30;Rafaela Ribeiro;11980000153;São Paulo;SP;Mariana Silva;Manicure;Unhas;35.0;Cartão de crédito;Concluído;WhatsApp
100749;2025-09-18;16:30;Gabriela Ribeiro;11980000145;São Bernardo do Campo;SP;Larissa Santos;Manicure;Unhas;35.0;Cartão de crédito;Concluído;Instagram
100750;2025-09-18;16:30;Priscila Martins;11980000187;Santo André;SP;Fernanda Costa;Coloração;Cabelos;160.0;PIX;Concluído;WhatsApp
100751;2025-09-18;17:30;Gabriela Lima;11980000330;Mauá;SP;Camila Rodrigues;Corte feminino;Cabelos;85.0;PIX;Concluído;Telefone
100752;2025-09-19;09:00;Daniela Rocha;11980000172;São Paulo;SP;Fernanda Costa;Manicure;Unhas;35.0;Cartão de crédito;Concluído;Telefone
100753;2025-09-19;09:30;Bruna Carvalho;11980000357;Mauá;SP;Patrícia Alves;Manicure + Pedicure;Unhas;70.0;Cartão de crédito;Concluído;Presencial
100754;2025-09-19;09:30;Beatriz Silva;11980000069;São Caetano do Sul;SP;Fernanda Costa;Hidratação;Cabelos;85.5;Cartão de crédito;Concluído;Instagram
100755;2025-09-19;10:00;Paula Martins;11980000323;São Paulo;SP;Juliana Martins;Corte feminino;Cabelos;85.0;PIX;Concluído;Telefone
100756;2025-09-19;10:30;Letícia Carvalho;11980000109;Diadema;SP;Fernanda Costa;Manutenção de alongamento;Unhas;90.0;Cartão de débito;Concluído;Telefone
100757;2025-09-19;13:00;Simone Martins;11980000067;Mauá;SP;Juliana Martins;Manicure;Unhas;33.25;Dinheiro;Concluído;WhatsApp
100758;2025-09-19;13:00;Marcela Ferreira;11980000106;Santo André;SP;Patrícia Alves;Manicure;Unhas;33.25;PIX;Concluído;Presencial
100759;2025-09-19;13:30;Tatiane Oliveira;11980000258;São Paulo;SP;Fernanda Costa;Manicure + Pedicure;Unhas;70.0;Cartão de débito;Concluído;Instagram
100760;2025-09-19;14:00;Rafaela Barbosa;11980000381;Santo André;SP;Mariana Silva;Pedicure;Unhas;40.0;Dinheiro;Concluído;WhatsApp
100761;2025-09-19;14:00;Bianca Lopes;11980000023;Diadema;SP;Patrícia Alves;Pedicure;Unhas;38.0;Cartão de débito;Concluído;Presencial
100762;2025-09-19;14:00;Natália Pereira;11980000422;Mauá;SP;Mariana Silva;Pedicure;Unhas;40.0;PIX;Concluído;WhatsApp
100763;2025-09-19;14:30;Rafaela Rocha;11980000370;São Paulo;SP;Patrícia Alves;Alongamento de unhas;Unhas;150.0;PIX;Concluído;WhatsApp
100764;2025-09-19;14:30;Carla Oliveira;11980000115;Santo André;SP;Camila Rodrigues;Esmaltação em gel;Unhas;72.0;Cartão de crédito;Concluído;Telefone
100765;2025-09-19;15:30;Patrícia Martins;11980000274;Santo André;SP;Juliana Martins;Manicure;Unhas;35.0;Cartão de débito;Concluído;Telefone
100766;2025-09-19;16:00;Raquel Silva;11980000167;Santo André;SP;Fernanda Costa;Pedicure;Unhas;40.0;Cartão de crédito;Concluído;Presencial
100767;2025-09-19;17:30;Rafaela Souza;11980000280;São Caetano do Sul;SP;Mariana Silva;Manicure + Pedicure;Unhas;0.0;Cartão de crédito;Não Compareceu;Instagram
100768;2025-09-19;18:00;Bruna Lima;11980000254;Mauá;SP;Juliana Martins;Pedicure;Unhas;40.0;Dinheiro;Concluído;Telefone
100769;2025-09-20;09:00;Viviane Ferreira;11980000073;Mauá;SP;Camila Rodrigues;Corte feminino;Cabelos;85.0;Dinheiro;Concluído;Telefone
100770;2025-09-20;09:00;Monique Costa;11980000186;São Bernardo do Campo;SP;Camila Rodrigues;Pedicure;Unhas;36.0;Dinheiro;Concluído;WhatsApp
100771;2025-09-20;09:30;Renata Lima;11980000125;São Bernardo do Campo;SP;Renata Souza;Escova;Cabelos;63.0;PIX;Concluído;Instagram
100772;2025-09-20;10:00;Simone Silva;11980000201;Diadema;SP;Patrícia Alves;Escova;Cabelos;70.0;Dinheiro;Concluído;Presencial
100773;2025-09-20;10:30;Simone Santos;11980000320;Mauá;SP;Fernanda Costa;Manicure + Pedicure;Unhas;70.0;Dinheiro;Concluído;Telefone
100774;2025-09-20;10:30;Larissa Ribeiro;11980000116;São Bernardo do Campo;SP;Bruna Oliveira;Extensão de cílios;Cílios;180.0;PIX;Concluído;Telefone
100775;2025-09-20;10:30;Renata Souza;11980000229;São Bernardo do Campo;SP;Larissa Santos;Escova;Cabelos;70.0;Cartão de débito;Concluído;Telefone
100776;2025-09-20;11:00;Renata Ribeiro;11980000228;Diadema;SP;Camila Rodrigues;Manicure + Pedicure;Unhas;70.0;PIX;Concluído;Instagram
100777;2025-09-20;11:00;Simone Oliveira;11980000416;Mauá;SP;Juliana Martins;Escova;Cabelos;70.0;Cartão de crédito;Concluído;Presencial
100778;2025-09-20;11:00;Gabriela Barbosa;11980000268;Santo André;SP;Bruna Oliveira;Spa dos pés;Estética;65.0;Dinheiro;Concluído;Instagram
100779;2025-09-20;11:00;Monique Santos;11980000031;Diadema;SP;Mariana Silva;Manicure + Pedicure;Unhas;66.5;Cartão de crédito;Concluído;Presencial
100780;2025-09-20;11:30;Débora Barbosa;11980000092;Diadema;SP;Bruna Oliveira;Esmaltação em gel;Unhas;76.0;Cartão de crédito;Concluído;Telefone
100781;2025-09-20;13:30;Luciana Almeida;11980000309;São Paulo;SP;Mariana Silva;Manicure;Unhas;35.0;Dinheiro;Concluído;Presencial
100782;2025-09-20;14:00;Viviane Martins;11980000068;São Paulo;SP;Renata Souza;Manutenção de cílios;Cílios;90.0;PIX;Concluído;WhatsApp
100783;2025-09-20;14:30;Letícia Souza;11980000389;Santo André;SP;Larissa Santos;Escova;Cabelos;70.0;Cartão de crédito;Concluído;Telefone
100784;2025-09-20;14:30;Sabrina Oliveira;11980000034;São Bernardo do Campo;SP;Renata Souza;Design de sobrancelhas;Sobrancelhas;45.0;Cartão de crédito;Concluído;WhatsApp
100785;2025-09-20;15:00;Tatiane Martins;11980000406;Santo André;SP;Juliana Martins;Esmaltação em gel;Unhas;80.0;PIX;Concluído;Presencial
100786;2025-09-20;15:00;Rafaela Santos;11980000040;São Paulo;SP;Mariana Silva;Design de sobrancelhas;Sobrancelhas;45.0;Cartão de débito;Concluído;WhatsApp
100787;2025-09-20;15:30;Bianca Santos;11980000066;São Bernardo do Campo;SP;Patrícia Alves;Manutenção de cílios;Cílios;90.0;Dinheiro;Concluído;Presencial
100788;2025-09-20;15:30;Vanessa Lima;11980000245;São Bernardo do Campo;SP;Patrícia Alves;Manicure;Unhas;35.0;Cartão de crédito;Concluído;Presencial
100789;2025-09-20;15:30;Natália Ribeiro;11980000424;São Caetano do Sul;SP;Bruna Oliveira;Pedicure;Unhas;40.0;Cartão de crédito;Concluído;WhatsApp
100790;2025-09-20;16:00;Natália Oliveira;11980000373;São Paulo;SP;Camila Rodrigues;Design de sobrancelhas;Sobrancelhas;42.75;PIX;Concluído;WhatsApp
100791;2025-09-20;16:30;Simone Mendes;11980000293;São Caetano do Sul;SP;Fernanda Costa;Extensão de cílios;Cílios;0.0;Cartão de débito;Cancelado;WhatsApp
100792;2025-09-20;16:30;Tatiane Costa;11980000194;Diadema;SP;Camila Rodrigues;Extensão de cílios;Cílios;180.0;PIX;Concluído;WhatsApp
100793;2025-09-20;16:30;Paula Rocha;11980000097;São Bernardo do Campo;SP;Juliana Martins;Manicure;Unhas;35.0;Dinheiro;Concluído;Instagram
100794;2025-09-22;10:00;Cristiane Barbosa;11980000123;São Paulo;SP;Renata Souza;Spa dos pés;Estética;0.0;Dinheiro;Cancelado;WhatsApp
100795;2025-09-22;11:00;Amanda Souza;11980000368;São Paulo;SP;Renata Souza;Hidratação;Cabelos;85.5;Cartão de crédito;Concluído;Telefone
100796;2025-09-22;11:00;Vanessa Lima;11980000245;São Bernardo do Campo;SP;Camila Rodrigues;Manicure + Pedicure;Unhas;66.5;PIX;Concluído;WhatsApp
100797;2025-09-22;11:30;Paula Barbosa;11980000161;Santo André;SP;Patrícia Alves;Corte feminino;Cabelos;85.0;Cartão de débito;Concluído;WhatsApp
100798;2025-09-22;14:30;Natália Mendes;11980000413;Mauá;SP;Camila Rodrigues;Manicure;Unhas;35.0;PIX;Concluído;Presencial
100799;2025-09-22;15:30;Tatiane Gomes;11980000230;Santo André;SP;Patrícia Alves;Manicure + Pedicure;Unhas;70.0;Dinheiro;Concluído;Presencial
100800;2025-09-22;16:00;Carla Mendes;11980000005;Mauá;SP;Mariana Silva;Manutenção de cílios;Cílios;90.0;Cartão de débito;Concluído;Telefone
100801;2025-09-22;17:30;Fernanda Pereira;11980000292;Santo André;SP;Camila Rodrigues;Design de sobrancelhas;Sobrancelhas;45.0;Cartão de débito;Concluído;Telefone
100802;2025-09-22;18:00;Flávia Almeida;11980000192;São Bernardo do Campo;SP;Juliana Martins;Design + Henna;Sobrancelhas;60.0;PIX;Concluído;WhatsApp
100803;2025-09-22;18:00;Simone Martins;11980000067;Mauá;SP;Juliana Martins;Manicure + Pedicure;Unhas;70.0;Cartão de crédito;Concluído;Presencial
100804;2025-09-23;09:30;Natália Barbosa;11980000328;Santo André;SP;Renata Souza;Manicure + Pedicure;Unhas;0.0;Dinheiro;Não Compareceu;WhatsApp
100805;2025-09-23;10:00;Carla Oliveira;11980000115;Santo André;SP;Bruna Oliveira;Hidratação;Cabelos;95.0;Dinheiro;Concluído;Presencial
100806;2025-09-23;10:00;Monique Barbosa;11980000139;São Caetano do Sul;SP;Fernanda Costa;Design + Henna;Sobrancelhas;60.0;Cartão de débito;Concluído;Telefone
100807;2025-09-23;10:30;Luciana Ferreira;11980000325;Diadema;SP;Fernanda Costa;Extensão de cílios;Cílios;0.0;PIX;Não Compareceu;WhatsApp
100808;2025-09-23;10:30;Juliana Costa;11980000359;Diadema;SP;Camila Rodrigues;Pedicure;Unhas;40.0;Cartão de crédito;Concluído;WhatsApp
100809;2025-09-23;10:30;Luciana Ferreira;11980000325;Diadema;SP;Larissa Santos;Design + Henna;Sobrancelhas;60.0;Cartão de crédito;Concluído;Instagram
100810;2025-09-23;10:30;Aline Barbosa;11980000056;São Caetano do Sul;SP;Juliana Martins;Pedicure;Unhas;40.0;Dinheiro;Concluído;Instagram
100811;2025-09-23;11:30;Luciana Ferreira;11980000235;São Caetano do Sul;SP;Bruna Oliveira;Alongamento de unhas;Unhas;150.0;Dinheiro;Concluído;Presencial
100812;2025-09-23;13:00;Priscila Mendes;11980000308;São Bernardo do Campo;SP;Bruna Oliveira;Pedicure;Unhas;0.0;PIX;Cancelado;Telefone
100813;2025-09-23;14:30;Juliana Souza;11980000417;Diadema;SP;Mariana Silva;Manicure;Unhas;35.0;PIX;Concluído;Presencial
100814;2025-09-23;14:30;Monique Ribeiro;11980000048;Diadema;SP;Bruna Oliveira;Manicure + Pedicure;Unhas;63.0;Cartão de débito;Concluído;Presencial
100815;2025-09-23;15:00;Rafaela Santos;11980000040;São Paulo;SP;Patrícia Alves;Manicure + Pedicure;Unhas;66.5;Dinheiro;Concluído;Presencial
100816;2025-09-23;15:00;Marcela Santos;11980000206;São Paulo;SP;Mariana Silva;Manicure;Unhas;0.0;Dinheiro;Não Compareceu;Instagram
100817;2025-09-23;16:30;Beatriz Ribeiro;11980000244;Diadema;SP;Patrícia Alves;Coloração;Cabelos;152.0;Dinheiro;Concluído;Instagram
100818;2025-09-23;16:30;Gabriela Silva;11980000443;São Caetano do Sul;SP;Mariana Silva;Manicure;Unhas;31.5;PIX;Concluído;Instagram
100819;2025-09-23;16:30;Juliana Martins;11980000333;Diadema;SP;Camila Rodrigues;Design de sobrancelhas;Sobrancelhas;45.0;PIX;Concluído;WhatsApp
100820;2025-09-23;16:30;Amanda Carvalho;11980000212;Santo André;SP;Bruna Oliveira;Manicure + Pedicure;Unhas;70.0;Cartão de débito;Concluído;Instagram
100821;2025-09-23;17:00;Camila Souza;11980000360;Mauá;SP;Larissa Santos;Manicure;Unhas;31.5;Cartão de crédito;Concluído;Instagram
100822;2025-09-23;17:30;Paula Mendes;11980000414;Diadema;SP;Mariana Silva;Escova;Cabelos;66.5;Cartão de crédito;Concluído;Presencial
100823;2025-09-23;18:00;Jéssica Silva;11980000448;São Caetano do Sul;SP;Larissa Santos;Hidratação;Cabelos;95.0;Cartão de débito;Concluído;WhatsApp
100824;2025-09-24;09:30;Rafaela Ribeiro;11980000153;São Paulo;SP;Camila Rodrigues;Corte feminino;Cabelos;76.5;Cartão de débito;Concluído;Presencial
100825;2025-09-24;09:30;Renata Lima;11980000372;São Caetano do Sul;SP;Bruna Oliveira;Manutenção de cílios;Cílios;90.0;Cartão de crédito;Concluído;WhatsApp
100826;2025-09-24;10:00;Natália Barbosa;11980000016;Diadema;SP;Mariana Silva;Manicure;Unhas;35.0;Cartão de crédito;Concluído;Presencial
100827;2025-09-24;11:00;Monique Ribeiro;11980000048;Diadema;SP;Camila Rodrigues;Manutenção de alongamento;Unhas;100.0;PIX;Concluído;WhatsApp
100828;2025-09-24;11:00;Raquel Silva;11980000275;Diadema;SP;Camila Rodrigues;Esmaltação em gel;Unhas;80.0;Cartão de débito;Concluído;Instagram
100829;2025-09-24;11:30;Raquel Gomes;11980000432;Santo André;SP;Fernanda Costa;Escova;Cabelos;0.0;Cartão de crédito;Cancelado;WhatsApp
100830;2025-09-24;14:00;Flávia Santos;11980000315;São Bernardo do Campo;SP;Camila Rodrigues;Pedicure;Unhas;0.0;Cartão de crédito;Cancelado;WhatsApp
100831;2025-09-24;14:00;Vanessa Silva;11980000401;Diadema;SP;Renata Souza;Esmaltação em gel;Unhas;80.0;Cartão de débito;Concluído;Presencial
100832;2025-09-24;14:30;Luciana Santos;11980000103;São Paulo;SP;Juliana Martins;Manicure + Pedicure;Unhas;70.0;Dinheiro;Concluído;Presencial
100833;2025-09-24;15:00;Natália Carvalho;11980000352;Mauá;SP;Bruna Oliveira;Alongamento de unhas;Unhas;150.0;Dinheiro;Concluído;Instagram
100834;2025-09-24;15:30;Rafaela Barbosa;11980000381;Santo André;SP;Patrícia Alves;Spa dos pés;Estética;65.0;Cartão de crédito;Concluído;Instagram
100835;2025-09-24;15:30;Monique Ribeiro;11980000048;Diadema;SP;Juliana Martins;Esmaltação em gel;Unhas;80.0;Cartão de crédito;Concluído;Presencial
100836;2025-09-24;16:30;Daniela Lima;11980000431;Diadema;SP;Mariana Silva;Manicure + Pedicure;Unhas;70.0;Dinheiro;Concluído;Presencial
100837;2025-09-24;16:30;Mariana Oliveira;11980000207;São Caetano do Sul;SP;Mariana Silva;Esmaltação em gel;Unhas;80.0;Cartão de crédito;Concluído;Presencial
100838;2025-09-24;16:30;Letícia Oliveira;11980000345;Mauá;SP;Renata Souza;Manicure;Unhas;35.0;PIX;Concluído;Telefone
100839;2025-09-24;16:30;Fernanda Santos;11980000425;Diadema;SP;Camila Rodrigues;Escova;Cabelos;63.0;Dinheiro;Concluído;Instagram
100840;2025-09-24;17:00;Daniela Silva;11980000437;São Paulo;SP;Bruna Oliveira;Pedicure;Unhas;40.0;PIX;Concluído;Presencial
100841;2025-09-24;17:00;Marcela Lima;11980000064;Santo André;SP;Mariana Silva;Spa dos pés;Estética;65.0;Dinheiro;Concluído;Telefone
100842;2025-09-24;17:30;Débora Martins;11980000408;Diadema;SP;Camila Rodrigues;Alongamento de unhas;Unhas;0.0;PIX;Cancelado;Instagram
100843;2025-09-25;09:00;Paula Mendes;11980000296;São Caetano do Sul;SP;Camila Rodrigues;Manicure + Pedicure;Unhas;70.0;Cartão de débito;Concluído;Presencial
100844;2025-09-25;09:00;Priscila Castro;11980000019;Santo André;SP;Camila Rodrigues;Manicure + Pedicure;Unhas;66.5;PIX;Concluído;Presencial
100845;2025-09-25;10:30;Cristiane Dias;11980000024;Mauá;SP;Fernanda Costa;Alongamento de unhas;Unhas;150.0;Cartão de débito;Concluído;Instagram
100846;2025-09-25;14:00;Flávia Lima;11980000089;Diadema;SP;Renata Souza;Extensão de cílios;Cílios;0.0;PIX;Cancelado;Telefone
100847;2025-09-25;14:00;Letícia Ribeiro;11980000270;São Caetano do Sul;SP;Renata Souza;Manicure;Unhas;35.0;PIX;Concluído;Presencial
100848;2025-09-25;15:00;Monique Rocha;11980000350;São Caetano do Sul;SP;Bruna Oliveira;Manicure + Pedicure;Unhas;70.0;PIX;Concluído;Presencial
100849;2025-09-25;15:00;Luciana Barbosa;11980000204;São Bernardo do Campo;SP;Camila Rodrigues;Manicure;Unhas;35.0;Cartão de crédito;Concluído;WhatsApp
100850;2025-09-25;15:00;Elaine Souza;11980000111;Santo André;SP;Mariana Silva;Manicure + Pedicure;Unhas;70.0;Cartão de débito;Concluído;Telefone
100851;2025-09-25;15:00;Elaine Almeida;11980000110;Diadema;SP;Larissa Santos;Design de sobrancelhas;Sobrancelhas;45.0;PIX;Concluído;Instagram
100852;2025-09-25;15:30;Débora Ribeiro;11980000371;Santo André;SP;Fernanda Costa;Manicure + Pedicure;Unhas;70.0;Cartão de débito;Concluído;WhatsApp
100853;2025-09-25;16:00;Larissa Souza;11980000418;São Bernardo do Campo;SP;Mariana Silva;Design de sobrancelhas;Sobrancelhas;45.0;Cartão de débito;Concluído;WhatsApp
100854;2025-09-25;17:30;Patrícia Rocha;11980000085;Mauá;SP;Renata Souza;Coloração;Cabelos;160.0;Dinheiro;Concluído;Telefone
100855;2025-09-25;18:00;Elaine Santos;11980000231;São Bernardo do Campo;SP;Patrícia Alves;Hidratação;Cabelos;95.0;Dinheiro;Concluído;Telefone
100856;2025-09-26;09:00;Beatriz Ferreira;11980000098;São Bernardo do Campo;SP;Mariana Silva;Escova;Cabelos;0.0;PIX;Cancelado;Telefone
100857;2025-09-26;09:00;Camila Rodrigues;11980000009;São Bernardo do Campo;SP;Larissa Santos;Pedicure;Unhas;40.0;Dinheiro;Concluído;WhatsApp
100858;2025-09-26;09:30;Bianca Costa;11980000226;Mauá;SP;Fernanda Costa;Manicure + Pedicure;Unhas;70.0;Dinheiro;Concluído;Instagram
100859;2025-09-26;10:00;Cristiane Lima;11980000338;Mauá;SP;Renata Souza;Extensão de cílios;Cílios;0.0;PIX;Não Compareceu;Instagram
100860;2025-09-26;10:30;Luciana Santos;11980000217;Santo André;SP;Patrícia Alves;Design + Henna;Sobrancelhas;60.0;PIX;Concluído;Instagram
100861;2025-09-26;10:30;Bruna Carvalho;11980000357;Mauá;SP;Larissa Santos;Esmaltação em gel;Unhas;80.0;PIX;Concluído;WhatsApp
100862;2025-09-26;11:30;Débora Costa;11980000088;São Paulo;SP;Mariana Silva;Design + Henna;Sobrancelhas;60.0;Dinheiro;Concluído;WhatsApp
100863;2025-09-26;13:00;Bruna Lima;11980000254;Mauá;SP;Renata Souza;Pedicure;Unhas;40.0;Cartão de débito;Concluído;Telefone
100864;2025-09-26;13:00;Juliana Ribeiro;11980000282;Diadema;SP;Juliana Martins;Manicure + Pedicure;Unhas;70.0;Dinheiro;Concluído;WhatsApp
100865;2025-09-26;13:30;Paula Barbosa;11980000331;Diadema;SP;Renata Souza;Coloração;Cabelos;160.0;PIX;Concluído;Instagram
100866;2025-09-26;14:30;Viviane Mendes;11980000057;São Bernardo do Campo;SP;Camila Rodrigues;Escova;Cabelos;70.0;Cartão de crédito;Concluído;WhatsApp
100867;2025-09-26;15:00;Jéssica Almeida;11980000052;São Caetano do Sul;SP;Fernanda Costa;Escova;Cabelos;63.0;Cartão de débito;Concluído;Telefone
100868;2025-09-26;15:00;Renata Rocha;11980000423;Santo André;SP;Camila Rodrigues;Manicure;Unhas;35.0;Dinheiro;Concluído;WhatsApp
100869;2025-09-26;16:00;Beatriz Santos;11980000007;Mauá;SP;Renata Souza;Manutenção de alongamento;Unhas;100.0;PIX;Concluído;Telefone
100870;2025-09-26;16:00;Sabrina Oliveira;11980000034;São Bernardo do Campo;SP;Juliana Martins;Manicure + Pedicure;Unhas;70.0;PIX;Concluído;Telefone
100871;2025-09-26;17:30;Flávia Pereira;11980000348;Diadema;SP;Camila Rodrigues;Design de sobrancelhas;Sobrancelhas;42.75;Dinheiro;Concluído;Presencial
100872;2025-09-26;18:00;Priscila Martins;11980000187;Santo André;SP;Bruna Oliveira;Spa dos pés;Estética;65.0;Dinheiro;Concluído;Telefone
100873;2025-09-26;18:00;Cristiane Ferreira;11980000376;São Paulo;SP;Camila Rodrigues;Manicure;Unhas;35.0;Dinheiro;Concluído;Instagram
100874;2025-09-26;18:00;Mariana Oliveira;11980000207;São Caetano do Sul;SP;Patrícia Alves;Design de sobrancelhas;Sobrancelhas;45.0;Dinheiro;Concluído;WhatsApp
100875;2025-09-26;18:00;Elaine Silva;11980000327;São Caetano do Sul;SP;Larissa Santos;Design + Henna;Sobrancelhas;60.0;Dinheiro;Concluído;Telefone
100876;2025-09-27;09:00;Viviane Ferreira;11980000440;Santo André;SP;Juliana Martins;Manutenção de alongamento;Unhas;100.0;Cartão de crédito;Concluído;Instagram
100877;2025-09-27;09:00;Luciana Ferreira;11980000235;São Caetano do Sul;SP;Juliana Martins;Design de sobrancelhas;Sobrancelhas;45.0;PIX;Concluído;Presencial
100878;2025-09-27;10:00;Larissa Oliveira;11980000074;São Caetano do Sul;SP;Renata Souza;Manutenção de alongamento;Unhas;100.0;PIX;Concluído;Telefone
100879;2025-09-27;10:30;Viviane Carvalho;11980000354;São Caetano do Sul;SP;Mariana Silva;Hidratação;Cabelos;95.0;PIX;Concluído;Instagram
100880;2025-09-27;10:30;Beatriz Ribeiro;11980000244;Diadema;SP;Larissa Santos;Manicure + Pedicure;Unhas;0.0;Dinheiro;Cancelado;Telefone
100881;2025-09-27;10:30;Daniela Silva;11980000267;São Bernardo do Campo;SP;Juliana Martins;Pedicure;Unhas;40.0;Dinheiro;Concluído;WhatsApp
100882;2025-09-27;10:30;Vanessa Lima;11980000342;Mauá;SP;Fernanda Costa;Alongamento de unhas;Unhas;150.0;Dinheiro;Concluído;Telefone
100883;2025-09-27;10:30;Renata Souza;11980000128;Mauá;SP;Bruna Oliveira;Alongamento de unhas;Unhas;150.0;Cartão de débito;Concluído;Instagram
100884;2025-09-27;11:00;Fernanda Ribeiro;11980000256;São Paulo;SP;Patrícia Alves;Manutenção de alongamento;Unhas;100.0;Cartão de débito;Concluído;Instagram
100885;2025-09-27;11:00;Beatriz Silva;11980000439;Santo André;SP;Renata Souza;Design + Henna;Sobrancelhas;60.0;PIX;Concluído;Presencial
100886;2025-09-27;11:00;Bianca Ribeiro;11980000288;São Paulo;SP;Larissa Santos;Manicure;Unhas;35.0;Cartão de débito;Concluído;WhatsApp
100887;2025-09-27;11:00;Sabrina Ferreira;11980000181;Mauá;SP;Mariana Silva;Manutenção de alongamento;Unhas;95.0;Cartão de débito;Concluído;WhatsApp
100888;2025-09-27;11:30;Fernanda Almeida;11980000154;Diadema;SP;Bruna Oliveira;Esmaltação em gel;Unhas;76.0;Cartão de débito;Concluído;Presencial
100889;2025-09-27;13:00;Jéssica Carvalho;11980000185;Diadema;SP;Renata Souza;Manutenção de cílios;Cílios;0.0;Dinheiro;Cancelado;WhatsApp
100890;2025-09-27;13:00;Natália Mendes;11980000413;Mauá;SP;Larissa Santos;Design de sobrancelhas;Sobrancelhas;45.0;PIX;Concluído;WhatsApp
100891;2025-09-27;13:00;Flávia Mendes;11980000129;Mauá;SP;Patrícia Alves;Alongamento de unhas;Unhas;150.0;PIX;Concluído;Presencial
100892;2025-09-27;14:30;Rafaela Mendes;11980000156;São Caetano do Sul;SP;Larissa Santos;Manicure + Pedicure;Unhas;70.0;PIX;Concluído;WhatsApp
100893;2025-09-27;15:00;Tatiane Silva;11980000289;Santo André;SP;Bruna Oliveira;Design + Henna;Sobrancelhas;60.0;Cartão de crédito;Concluído;Instagram
100894;2025-09-27;15:30;Rafaela Barbosa;11980000403;São Caetano do Sul;SP;Renata Souza;Design de sobrancelhas;Sobrancelhas;45.0;Cartão de débito;Concluído;Presencial
100895;2025-09-27;16:30;Rafaela Souza;11980000280;São Caetano do Sul;SP;Patrícia Alves;Alongamento de unhas;Unhas;150.0;Dinheiro;Concluído;Telefone
100896;2025-09-27;16:30;Jéssica Martins;11980000028;Mauá;SP;Larissa Santos;Manicure + Pedicure;Unhas;70.0;PIX;Concluído;Instagram
100897;2025-09-27;16:30;Cristiane Carvalho;11980000287;São Paulo;SP;Camila Rodrigues;Coloração;Cabelos;160.0;Cartão de crédito;Concluído;Telefone
100898;2025-09-27;17:00;Tatiane Souza;11980000022;Santo André;SP;Mariana Silva;Coloração;Cabelos;160.0;Dinheiro;Concluído;Instagram
100899;2025-09-27;17:00;Beatriz Santos;11980000065;Mauá;SP;Bruna Oliveira;Design + Henna;Sobrancelhas;57.0;Dinheiro;Concluído;WhatsApp
100900;2025-09-27;17:00;Isabela Mendes;11980000428;São Caetano do Sul;SP;Juliana Martins;Manutenção de alongamento;Unhas;100.0;Cartão de débito;Concluído;WhatsApp
100901;2025-09-27;18:00;Simone Almeida;11980000184;Santo André;SP;Renata Souza;Manicure + Pedicure;Unhas;70.0;PIX;Concluído;Instagram
100902;2025-09-27;18:00;Larissa Santos;11980000248;São Bernardo do Campo;SP;Juliana Martins;Pedicure;Unhas;40.0;PIX;Concluído;Presencial
100903;2025-09-27;18:00;Juliana Silva;11980000141;São Bernardo do Campo;SP;Larissa Santos;Spa dos pés;Estética;61.75;Cartão de débito;Concluído;Presencial
100904;2025-09-27;18:00;Juliana Martins;11980000180;São Caetano do Sul;SP;Fernanda Costa;Escova;Cabelos;63.0;Cartão de crédito;Concluído;Telefone
100905;2025-09-28;11:30;Raquel Carvalho;11980000193;São Bernardo do Campo;SP;Larissa Santos;Design de sobrancelhas;Sobrancelhas;45.0;Cartão de débito;Concluído;Telefone
100906;2025-09-29;09:00;Beatriz Barbosa;11980000179;São Bernardo do Campo;SP;Bruna Oliveira;Manicure;Unhas;35.0;Cartão de crédito;Concluído;WhatsApp
100907;2025-09-29;09:30;Daniela Barbosa;11980000253;Mauá;SP;Juliana Martins;Escova;Cabelos;63.0;PIX;Concluído;WhatsApp
100908;2025-09-29;11:00;Jéssica Silva;11980000448;São Caetano do Sul;SP;Juliana Martins;Design de sobrancelhas;Sobrancelhas;45.0;Cartão de débito;Concluído;Presencial
100909;2025-09-29;11:00;Gabriela Gomes;11980000257;São Caetano do Sul;SP;Mariana Silva;Manicure + Pedicure;Unhas;70.0;Dinheiro;Concluído;Presencial
100910;2025-09-29;11:30;Fernanda Martins;11980000200;Diadema;SP;Mariana Silva;Manicure;Unhas;0.0;PIX;Cancelado;Instagram
100911;2025-09-29;11:30;Bianca Ferreira;11980000225;São Paulo;SP;Fernanda Costa;Pedicure;Unhas;40.0;Cartão de crédito;Concluído;WhatsApp
100912;2025-09-29;13:30;Fernanda Ribeiro;11980000256;São Paulo;SP;Larissa Santos;Manicure + Pedicure;Unhas;0.0;Cartão de crédito;Não Compareceu;WhatsApp
100913;2025-09-29;14:00;Paula Souza;11980000283;São Paulo;SP;Larissa Santos;Coloração;Cabelos;160.0;PIX;Concluído;Instagram
100914;2025-09-29;14:30;Juliana Martins;11980000333;Diadema;SP;Mariana Silva;Manutenção de alongamento;Unhas;100.0;Cartão de crédito;Concluído;WhatsApp
100915;2025-09-29;15:00;Marcela Gomes;11980000316;São Bernardo do Campo;SP;Mariana Silva;Manicure + Pedicure;Unhas;70.0;PIX;Concluído;WhatsApp
100916;2025-09-29;15:00;Tatiane Silva;11980000072;São Paulo;SP;Renata Souza;Esmaltação em gel;Unhas;0.0;PIX;Cancelado;Instagram
100917;2025-09-29;15:00;Vanessa Rocha;11980000119;Diadema;SP;Camila Rodrigues;Design de sobrancelhas;Sobrancelhas;42.75;Cartão de débito;Concluído;Telefone
100918;2025-09-29;16:00;Isabela Rocha;11980000014;Santo André;SP;Renata Souza;Esmaltação em gel;Unhas;80.0;PIX;Concluído;WhatsApp
100919;2025-09-29;16:30;Elaine Gomes;11980000335;Santo André;SP;Camila Rodrigues;Manicure;Unhas;33.25;Cartão de débito;Concluído;WhatsApp
100920;2025-09-29;16:30;Flávia Rocha;11980000090;São Paulo;SP;Bruna Oliveira;Manutenção de cílios;Cílios;0.0;PIX;Cancelado;Telefone
100921;2025-09-29;17:00;Flávia Rocha;11980000090;São Paulo;SP;Mariana Silva;Manicure;Unhas;35.0;Cartão de crédito;Concluído;Presencial
100922;2025-09-30;09:30;Carla Almeida;11980000444;Diadema;SP;Bruna Oliveira;Escova;Cabelos;63.0;Dinheiro;Concluído;Telefone
100923;2025-09-30;09:30;Isabela Barbosa;11980000117;São Paulo;SP;Bruna Oliveira;Manutenção de cílios;Cílios;0.0;PIX;Não Compareceu;Instagram
100924;2025-09-30;11:00;Luciana Almeida;11980000309;São Paulo;SP;Renata Souza;Spa dos pés;Estética;65.0;Dinheiro;Concluído;WhatsApp
100925;2025-09-30;11:00;Juliana Souza;11980000417;Diadema;SP;Camila Rodrigues;Manicure;Unhas;35.0;Cartão de débito;Concluído;Telefone
100926;2025-09-30;13:00;Rafaela Santos;11980000040;São Paulo;SP;Fernanda Costa;Corte feminino;Cabelos;80.75;Cartão de débito;Concluído;Instagram
100927;2025-09-30;13:00;Fernanda Santos;11980000425;Diadema;SP;Fernanda Costa;Escova;Cabelos;70.0;Cartão de débito;Concluído;Presencial
100928;2025-09-30;13:00;Juliana Santos;11980000071;São Paulo;SP;Renata Souza;Manicure + Pedicure;Unhas;70.0;Cartão de crédito;Concluído;Instagram
100929;2025-09-30;14:00;Viviane Martins;11980000068;São Paulo;SP;Camila Rodrigues;Manicure + Pedicure;Unhas;70.0;Cartão de crédito;Concluído;Telefone
100930;2025-09-30;14:30;Renata Ribeiro;11980000228;Diadema;SP;Fernanda Costa;Coloração;Cabelos;160.0;Cartão de crédito;Concluído;Telefone
100931;2025-09-30;14:30;Cristiane Lima;11980000338;Mauá;SP;Bruna Oliveira;Esmaltação em gel;Unhas;76.0;Cartão de débito;Concluído;Telefone
100932;2025-09-30;15:00;Marcela Lima;11980000064;Santo André;SP;Fernanda Costa;Design de sobrancelhas;Sobrancelhas;45.0;Cartão de crédito;Concluído;WhatsApp
100933;2025-09-30;16:00;Bruna Lima;11980000254;Mauá;SP;Camila Rodrigues;Hidratação;Cabelos;95.0;Cartão de crédito;Concluído;Instagram
100934;2025-09-30;16:00;Renata Oliveira;11980000429;São Bernardo do Campo;SP;Camila Rodrigues;Pedicure;Unhas;40.0;PIX;Concluído;Presencial
100935;2025-09-30;16:30;Letícia Costa;11980000164;Diadema;SP;Juliana Martins;Manicure;Unhas;35.0;Dinheiro;Concluído;Instagram
100936;2025-09-30;17:00;Natália Ribeiro;11980000358;Santo André;SP;Larissa Santos;Design + Henna;Sobrancelhas;0.0;PIX;Cancelado;Presencial
100937;2025-09-30;18:00;Viviane Ferreira;11980000440;Santo André;SP;Larissa Santos;Manutenção de alongamento;Unhas;100.0;Dinheiro;Concluído;Instagram
100938;2025-10-01;09:30;Larissa Souza;11980000095;Santo André;SP;Larissa Santos;Design de sobrancelhas;Sobrancelhas;45.0;Cartão de crédito;Concluído;Telefone
100939;2025-10-01;10:30;Aline Barbosa;11980000056;São Caetano do Sul;SP;Juliana Martins;Esmaltação em gel;Unhas;80.0;Cartão de crédito;Concluído;Telefone
100940;2025-10-01;10:30;Amanda Barbosa;11980000290;São Paulo;SP;Bruna Oliveira;Esmaltação em gel;Unhas;80.0;PIX;Concluído;Presencial
100941;2025-10-01;11:00;Juliana Souza;11980000426;São Paulo;SP;Camila Rodrigues;Design + Henna;Sobrancelhas;54.0;PIX;Concluído;Instagram
100942;2025-10-01;11:00;Bianca Santos;11980000066;São Bernardo do Campo;SP;Renata Souza;Design de sobrancelhas;Sobrancelhas;45.0;PIX;Concluído;WhatsApp
100943;2025-10-01;11:00;Letícia Pereira;11980000189;Mauá;SP;Camila Rodrigues;Manicure + Pedicure;Unhas;70.0;PIX;Concluído;Instagram
100944;2025-10-01;15:30;Bianca Ferreira;11980000132;São Paulo;SP;Camila Rodrigues;Design + Henna;Sobrancelhas;60.0;PIX;Concluído;Telefone
100945;2025-10-01;15:30;Daniela Rocha;11980000172;São Paulo;SP;Bruna Oliveira;Hidratação;Cabelos;95.0;Cartão de débito;Concluído;Instagram
100946;2025-10-01;16:30;Fernanda Santos;11980000425;Diadema;SP;Bruna Oliveira;Manicure;Unhas;35.0;Cartão de crédito;Concluído;Telefone
100947;2025-10-01;17:00;Viviane Ferreira;11980000142;Mauá;SP;Mariana Silva;Coloração;Cabelos;160.0;Cartão de débito;Concluído;Presencial
100948;2025-10-01;17:30;Paula Ferreira;11980000239;São Bernardo do Campo;SP;Camila Rodrigues;Coloração;Cabelos;160.0;Cartão de crédito;Concluído;WhatsApp
100949;2025-10-01;18:00;Paula Mendes;11980000414;Diadema;SP;Mariana Silva;Esmaltação em gel;Unhas;76.0;Cartão de débito;Concluído;Presencial
100950;2025-10-01;18:00;Monique Costa;11980000186;São Bernardo do Campo;SP;Juliana Martins;Manicure + Pedicure;Unhas;70.0;Cartão de débito;Concluído;Instagram
100951;2025-10-02;09:00;Débora Ribeiro;11980000371;Santo André;SP;Juliana Martins;Manicure;Unhas;35.0;Cartão de débito;Concluído;Presencial
100952;2025-10-02;09:00;Natália Rocha;11980000277;Santo André;SP;Renata Souza;Manicure;Unhas;31.5;Cartão de débito;Concluído;Presencial
100953;2025-10-02;09:30;Letícia Costa;11980000164;Diadema;SP;Patrícia Alves;Coloração;Cabelos;160.0;Cartão de crédito;Concluído;Telefone
100954;2025-10-02;09:30;Cristiane Gomes;11980000303;Diadema;SP;Juliana Martins;Spa dos pés;Estética;58.5;Cartão de débito;Concluído;Presencial
100955;2025-10-02;09:30;Vanessa Rocha;11980000119;Diadema;SP;Fernanda Costa;Esmaltação em gel;Unhas;80.0;Dinheiro;Concluído;Presencial
100956;2025-10-02;10:00;Renata Ribeiro;11980000228;Diadema;SP;Bruna Oliveira;Esmaltação em gel;Unhas;80.0;Cartão de débito;Concluído;WhatsApp
100957;2025-10-02;13:00;Cristiane Ferreira;11980000295;Diadema;SP;Larissa Santos;Design de sobrancelhas;Sobrancelhas;45.0;Dinheiro;Concluído;WhatsApp
100958;2025-10-02;13:30;Bianca Santos;11980000066;São Bernardo do Campo;SP;Bruna Oliveira;Extensão de cílios;Cílios;180.0;PIX;Concluído;Telefone
100959;2025-10-02;14:00;Carla Oliveira;11980000115;Santo André;SP;Patrícia Alves;Manicure + Pedicure;Unhas;0.0;PIX;Não Compareceu;Instagram
100960;2025-10-02;14:30;Cristiane Ferreira;11980000295;Diadema;SP;Mariana Silva;Manicure;Unhas;35.0;Cartão de débito;Concluído;Presencial
100961;2025-10-02;15:00;Vanessa Almeida;11980000311;São Paulo;SP;Fernanda Costa;Escova;Cabelos;70.0;PIX;Concluído;Instagram
100962;2025-10-02;17:00;Letícia Ribeiro;11980000375;São Bernardo do Campo;SP;Larissa Santos;Esmaltação em gel;Unhas;80.0;PIX;Concluído;WhatsApp
100963;2025-10-02;17:30;Sabrina Martins;11980000215;Diadema;SP;Fernanda Costa;Manutenção de cílios;Cílios;85.5;Cartão de crédito;Concluído;Presencial
100964;2025-10-02;18:00;Elaine Gomes;11980000195;Santo André;SP;Mariana Silva;Manutenção de alongamento;Unhas;90.0;Cartão de débito;Concluído;WhatsApp
100965;2025-10-03;09:00;Viviane Silva;11980000402;Diadema;SP;Mariana Silva;Manutenção de alongamento;Unhas;100.0;Dinheiro;Concluído;Telefone
100966;2025-10-03;09:00;Débora Gomes;11980000310;São Paulo;SP;Camila Rodrigues;Coloração;Cabelos;160.0;PIX;Concluído;Telefone
100967;2025-10-03;09:30;Luciana Lima;11980000249;São Paulo;SP;Renata Souza;Manicure + Pedicure;Unhas;70.0;Dinheiro;Concluído;Instagram
100968;2025-10-03;10:00;Carla Martins;11980000265;Santo André;SP;Renata Souza;Manicure;Unhas;35.0;Cartão de crédito;Concluído;WhatsApp
100969;2025-10-03;10:30;Raquel Silva;11980000275;Diadema;SP;Renata Souza;Manutenção de cílios;Cílios;0.0;Cartão de débito;Cancelado;Instagram
100970;2025-10-03;11:00;Juliana Souza;11980000417;Diadema;SP;Bruna Oliveira;Design + Henna;Sobrancelhas;57.0;Cartão de débito;Concluído;WhatsApp
100971;2025-10-03;11:00;Sabrina Souza;11980000038;Mauá;SP;Bruna Oliveira;Manicure;Unhas;35.0;Dinheiro;Concluído;Telefone
100972;2025-10-03;11:30;Mariana Barbosa;11980000241;Santo André;SP;Patrícia Alves;Esmaltação em gel;Unhas;80.0;Cartão de débito;Concluído;WhatsApp
100973;2025-10-03;11:30;Rafaela Lima;11980000441;Diadema;SP;Renata Souza;Manicure + Pedicure;Unhas;70.0;Cartão de débito;Concluído;Instagram
100974;2025-10-03;13:00;Letícia Fernandes;11980000015;São Caetano do Sul;SP;Fernanda Costa;Pedicure;Unhas;40.0;Dinheiro;Concluído;Telefone
100975;2025-10-03;13:30;Sabrina Martins;11980000215;Diadema;SP;Fernanda Costa;Design de sobrancelhas;Sobrancelhas;45.0;Dinheiro;Concluído;Instagram
100976;2025-10-03;13:30;Bruna Rocha;11980000081;São Caetano do Sul;SP;Fernanda Costa;Manicure + Pedicure;Unhas;70.0;Cartão de crédito;Concluído;WhatsApp
100977;2025-10-03;14:30;Paula Ribeiro;11980000450;São Caetano do Sul;SP;Fernanda Costa;Escova;Cabelos;70.0;Dinheiro;Concluído;Presencial
100978;2025-10-03;14:30;Viviane Costa;11980000307;São Caetano do Sul;SP;Mariana Silva;Esmaltação em gel;Unhas;72.0;PIX;Concluído;Telefone
100979;2025-10-03;15:00;Marcela Oliveira;11980000382;Mauá;SP;Renata Souza;Manutenção de cílios;Cílios;90.0;Cartão de débito;Concluído;WhatsApp
100980;2025-10-03;16:30;Bruna Gomes;11980000336;Mauá;SP;Larissa Santos;Alongamento de unhas;Unhas;150.0;Dinheiro;Concluído;Presencial
100981;2025-10-03;16:30;Sabrina Martins;11980000215;Diadema;SP;Larissa Santos;Manicure + Pedicure;Unhas;63.0;Dinheiro;Concluído;WhatsApp
100982;2025-10-03;17:00;Débora Costa;11980000134;São Paulo;SP;Mariana Silva;Alongamento de unhas;Unhas;142.5;Cartão de débito;Concluído;Telefone
100983;2025-10-03;17:30;Priscila Ribeiro;11980000178;São Paulo;SP;Bruna Oliveira;Extensão de cílios;Cílios;180.0;Dinheiro;Concluído;Instagram
100984;2025-10-03;18:00;Beatriz Santos;11980000007;Mauá;SP;Camila Rodrigues;Escova;Cabelos;70.0;Dinheiro;Concluído;WhatsApp
100985;2025-10-03;18:00;Sabrina Ferreira;11980000181;Mauá;SP;Juliana Martins;Design + Henna;Sobrancelhas;54.0;Cartão de crédito;Concluído;Presencial
100986;2025-10-04;09:00;Patrícia Barbosa;11980000196;São Caetano do Sul;SP;Mariana Silva;Pedicure;Unhas;40.0;Cartão de débito;Concluído;WhatsApp
100987;2025-10-04;09:00;Isabela Rocha;11980000232;Diadema;SP;Renata Souza;Design de sobrancelhas;Sobrancelhas;45.0;Cartão de crédito;Concluído;Presencial
100988;2025-10-04;09:00;Juliana Costa;11980000359;Diadema;SP;Juliana Martins;Alongamento de unhas;Unhas;150.0;PIX;Concluído;Presencial
100989;2025-10-04;10:00;Mariana Rocha;11980000107;Diadema;SP;Larissa Santos;Design de sobrancelhas;Sobrancelhas;45.0;Dinheiro;Concluído;Instagram
100990;2025-10-04;10:30;Marcela Ferreira;11980000160;Santo André;SP;Renata Souza;Pedicure;Unhas;40.0;Cartão de débito;Concluído;Presencial
100991;2025-10-04;10:30;Raquel Carvalho;11980000168;Santo André;SP;Fernanda Costa;Esmaltação em gel;Unhas;80.0;Dinheiro;Concluído;Presencial
100992;2025-10-04;11:30;Flávia Santos;11980000315;São Bernardo do Campo;SP;Mariana Silva;Design de sobrancelhas;Sobrancelhas;45.0;Cartão de crédito;Concluído;Telefone
100993;2025-10-04;13:00;Elaine Lima;11980000447;Mauá;SP;Camila Rodrigues;Pedicure;Unhas;40.0;Dinheiro;Concluído;Telefone
100994;2025-10-04;13:00;Rafaela Santos;11980000040;São Paulo;SP;Patrícia Alves;Manicure;Unhas;35.0;Cartão de débito;Concluído;Instagram
100995;2025-10-04;13:00;Bruna Gomes;11980000087;Diadema;SP;Camila Rodrigues;Escova;Cabelos;70.0;Cartão de crédito;Concluído;Presencial
100996;2025-10-04;13:00;Sabrina Oliveira;11980000266;São Paulo;SP;Fernanda Costa;Manutenção de alongamento;Unhas;0.0;Cartão de crédito;Cancelado;Instagram
100997;2025-10-04;13:30;Sabrina Gomes;11980000305;Diadema;SP;Patrícia Alves;Manicure;Unhas;33.25;PIX;Concluído;Telefone
100998;2025-10-04;14:00;Vanessa Carvalho;11980000409;São Caetano do Sul;SP;Bruna Oliveira;Manicure + Pedicure;Unhas;0.0;Dinheiro;Cancelado;Instagram
100999;2025-10-04;14:30;Monique Santos;11980000031;Diadema;SP;Larissa Santos;Pedicure;Unhas;40.0;Cartão de crédito;Concluído;Presencial
101000;2025-10-04;14:30;Luciana Mendes;11980000146;São Caetano do Sul;SP;Bruna Oliveira;Design de sobrancelhas;Sobrancelhas;42.75;Dinheiro;Concluído;Instagram
101001;2025-10-04;15:00;Tatiane Silva;11980000289;Santo André;SP;Juliana Martins;Design + Henna;Sobrancelhas;60.0;PIX;Concluído;Instagram
101002;2025-10-04;15:30;Elaine Gomes;11980000301;Mauá;SP;Fernanda Costa;Manicure + Pedicure;Unhas;70.0;PIX;Concluído;WhatsApp
101003;2025-10-04;15:30;Rafaela Souza;11980000438;São Caetano do Sul;SP;Larissa Santos;Manutenção de cílios;Cílios;90.0;Cartão de crédito;Concluído;Instagram
101004;2025-10-04;16:00;Elaine Barbosa;11980000332;São Bernardo do Campo;SP;Fernanda Costa;Design + Henna;Sobrancelhas;60.0;Cartão de débito;Concluído;WhatsApp
101005;2025-10-04;16:30;Natália Barbosa;11980000269;Mauá;SP;Larissa Santos;Manicure;Unhas;35.0;Dinheiro;Concluído;WhatsApp
101006;2025-10-04;16:30;Simone Gomes;11980000205;Santo André;SP;Camila Rodrigues;Manicure + Pedicure;Unhas;0.0;Cartão de débito;Não Compareceu;Telefone
101007;2025-10-04;16:30;Simone Gomes;11980000351;São Paulo;SP;Juliana Martins;Design de sobrancelhas;Sobrancelhas;45.0;Cartão de crédito;Concluído;Telefone
101008;2025-10-04;16:30;Bruna Barbosa;11980000446;Santo André;SP;Juliana Martins;Manicure;Unhas;35.0;Dinheiro;Concluído;Presencial
101009;2025-10-04;16:30;Jéssica Souza;11980000086;Mauá;SP;Fernanda Costa;Extensão de cílios;Cílios;180.0;Dinheiro;Concluído;Telefone
101010;2025-10-04;17:30;Larissa Lima;11980000260;Santo André;SP;Renata Souza;Alongamento de unhas;Unhas;150.0;Cartão de débito;Concluído;WhatsApp
101011;2025-10-04;17:30;Beatriz Ferreira;11980000334;São Bernardo do Campo;SP;Renata Souza;Manicure + Pedicure;Unhas;66.5;PIX;Concluído;Presencial
101012;2025-10-04;18:00;Juliana Santos;11980000362;São Paulo;SP;Larissa Santos;Manicure + Pedicure;Unhas;66.5;PIX;Concluído;Instagram
101013;2025-10-05;10:30;Flávia Lima;11980000089;Diadema;SP;Larissa Santos;Manutenção de cílios;Cílios;90.0;PIX;Concluído;Instagram
101014;2025-10-05;17:30;Natália Pereira;11980000422;Mauá;SP;Camila Rodrigues;Hidratação;Cabelos;0.0;Dinheiro;Não Compareceu;Presencial
101015;2025-10-06;09:00;Daniela Silva;11980000437;São Paulo;SP;Renata Souza;Design + Henna;Sobrancelhas;57.0;Cartão de débito;Concluído;Instagram
101016;2025-10-06;09:30;Renata Martins;11980000133;São Caetano do Sul;SP;Renata Souza;Manutenção de alongamento;Unhas;0.0;Cartão de crédito;Cancelado;Presencial
101017;2025-10-06;10:00;Amanda Barbosa;11980000290;São Paulo;SP;Larissa Santos;Manicure;Unhas;35.0;PIX;Concluído;WhatsApp
101018;2025-10-06;10:30;Bruna Barbosa;11980000446;Santo André;SP;Patrícia Alves;Manicure;Unhas;35.0;PIX;Concluído;Telefone
101019;2025-10-06;11:00;Elaine Oliveira;11980000158;Diadema;SP;Renata Souza;Manutenção de cílios;Cílios;90.0;Dinheiro;Concluído;Instagram
101020;2025-10-06;11:30;Paula Mendes;11980000296;São Caetano do Sul;SP;Bruna Oliveira;Design de sobrancelhas;Sobrancelhas;42.75;Cartão de débito;Concluído;Instagram
101021;2025-10-06;11:30;Beatriz Barbosa;11980000179;São Bernardo do Campo;SP;Larissa Santos;Escova;Cabelos;70.0;Dinheiro;Concluído;Instagram
101022;2025-10-06;14:30;Camila Souza;11980000360;Mauá;SP;Bruna Oliveira;Manicure + Pedicure;Unhas;70.0;Cartão de débito;Concluído;Instagram
101023;2025-10-06;15:00;Camila Santos;11980000291;São Paulo;SP;Patrícia Alves;Manicure;Unhas;31.5;PIX;Concluído;Telefone
101024;2025-10-06;15:30;Tatiane Silva;11980000072;São Paulo;SP;Larissa Santos;Design de sobrancelhas;Sobrancelhas;45.0;PIX;Concluído;WhatsApp
101025;2025-10-06;15:30;Flávia Lima;11980000089;Diadema;SP;Camila Rodrigues;Manicure + Pedicure;Unhas;70.0;Dinheiro;Concluído;WhatsApp
101026;2025-10-06;16:00;Elaine Gomes;11980000301;Mauá;SP;Mariana Silva;Esmaltação em gel;Unhas;80.0;PIX;Concluído;Instagram
101027;2025-10-06;16:30;Luciana Martins;11980000143;Mauá;SP;Patrícia Alves;Design de sobrancelhas;Sobrancelhas;45.0;Cartão de crédito;Concluído;Instagram
101028;2025-10-06;17:00;Elaine Souza;11980000091;São Caetano do Sul;SP;Fernanda Costa;Pedicure;Unhas;40.0;Dinheiro;Concluído;Telefone
101029;2025-10-06;17:00;Elaine Martins;11980000374;São Paulo;SP;Fernanda Costa;Manicure;Unhas;35.0;Cartão de crédito;Concluído;Presencial
101030;2025-10-06;17:30;Luciana Gomes;11980000304;São Caetano do Sul;SP;Bruna Oliveira;Manutenção de cílios;Cílios;90.0;Cartão de débito;Concluído;Telefone
101031;2025-10-07;09:00;Cristiane Ferreira;11980000295;Diadema;SP;Bruna Oliveira;Design + Henna;Sobrancelhas;60.0;Dinheiro;Concluído;WhatsApp
101032;2025-10-07;09:30;Patrícia Souza;11980000306;São Paulo;SP;Juliana Martins;Manicure + Pedicure;Unhas;70.0;Dinheiro;Concluído;WhatsApp
101033;2025-10-07;10:30;Rafaela Mendes;11980000156;São Caetano do Sul;SP;Bruna Oliveira;Pedicure;Unhas;40.0;Dinheiro;Concluído;Presencial
101034;2025-10-07;11:00;Patrícia Martins;11980000274;Santo André;SP;Juliana Martins;Manicure;Unhas;33.25;Dinheiro;Concluído;Telefone
101035;2025-10-07;11:00;Marcela Martins;11980000199;São Paulo;SP;Patrícia Alves;Manicure + Pedicure;Unhas;66.5;Cartão de débito;Concluído;Presencial
101036;2025-10-07;11:30;Letícia Silva;11980000411;Santo André;SP;Mariana Silva;Manutenção de alongamento;Unhas;100.0;Cartão de crédito;Concluído;Instagram
101037;2025-10-07;13:00;Rafaela Santos;11980000040;São Paulo;SP;Renata Souza;Manicure;Unhas;35.0;Cartão de débito;Concluído;Telefone
101038;2025-10-07;14:30;Cristiane Costa;11980000197;São Paulo;SP;Patrícia Alves;Manutenção de alongamento;Unhas;100.0;Dinheiro;Concluído;Presencial
101039;2025-10-07;15:00;Elaine Barbosa;11980000394;São Bernardo do Campo;SP;Renata Souza;Manicure + Pedicure;Unhas;70.0;PIX;Concluído;Presencial
101040;2025-10-07;15:30;Patrícia Souza;11980000306;São Paulo;SP;Bruna Oliveira;Esmaltação em gel;Unhas;80.0;PIX;Concluído;Instagram
101041;2025-10-07;15:30;Beatriz Lima;11980000278;São Bernardo do Campo;SP;Fernanda Costa;Pedicure;Unhas;40.0;Dinheiro;Concluído;WhatsApp
101042;2025-10-07;15:30;Juliana Mendes;11980000188;São Caetano do Sul;SP;Camila Rodrigues;Hidratação;Cabelos;95.0;Cartão de débito;Concluído;WhatsApp
101043;2025-10-07;16:00;Natália Carvalho;11980000352;Mauá;SP;Juliana Martins;Design + Henna;Sobrancelhas;60.0;PIX;Concluído;Instagram
101044;2025-10-07;17:00;Isabela Lima;11980000264;Diadema;SP;Larissa Santos;Manutenção de alongamento;Unhas;95.0;PIX;Concluído;Presencial
101045;2025-10-07;18:00;Luciana Ferreira;11980000235;São Caetano do Sul;SP;Renata Souza;Corte feminino;Cabelos;85.0;PIX;Concluído;Telefone
101046;2025-10-07;18:00;Débora Barbosa;11980000092;Diadema;SP;Patrícia Alves;Alongamento de unhas;Unhas;150.0;Dinheiro;Concluído;Telefone
101047;2025-10-08;09:00;Beatriz Lima;11980000278;São Bernardo do Campo;SP;Bruna Oliveira;Manutenção de alongamento;Unhas;100.0;Cartão de débito;Concluído;Presencial
101048;2025-10-08;10:00;Patrícia Pereira;11980000312;São Bernardo do Campo;SP;Juliana Martins;Alongamento de unhas;Unhas;150.0;Cartão de débito;Concluído;WhatsApp
101049;2025-10-08;10:00;Larissa Souza;11980000095;Santo André;SP;Fernanda Costa;Manutenção de cílios;Cílios;81.0;Dinheiro;Concluído;Instagram
101050;2025-10-08;14:30;Larissa Almeida;11980000010;Santo André;SP;Mariana Silva;Pedicure;Unhas;40.0;Dinheiro;Concluído;Telefone
101051;2025-10-08;14:30;Débora Gomes;11980000310;São Paulo;SP;Bruna Oliveira;Corte feminino;Cabelos;85.0;Dinheiro;Concluído;Presencial
101052;2025-10-08;16:30;Flávia Almeida;11980000192;São Bernardo do Campo;SP;Larissa Santos;Pedicure;Unhas;40.0;Cartão de crédito;Concluído;WhatsApp
101053;2025-10-08;17:00;Luciana Carvalho;11980000337;Mauá;SP;Patrícia Alves;Manicure + Pedicure;Unhas;70.0;Cartão de débito;Concluído;Instagram
101054;2025-10-08;17:30;Tatiane Ferreira;11980000078;São Paulo;SP;Larissa Santos;Escova;Cabelos;70.0;Cartão de crédito;Concluído;Telefone
101055;2025-10-08;18:00;Simone Mendes;11980000293;São Caetano do Sul;SP;Fernanda Costa;Spa dos pés;Estética;65.0;Cartão de crédito;Concluído;WhatsApp
101056;2025-10-09;13:00;Tatiane Costa;11980000194;Diadema;SP;Juliana Martins;Manicure;Unhas;35.0;PIX;Concluído;Instagram
101057;2025-10-09;13:30;Priscila Ribeiro;11980000436;São Paulo;SP;Patrícia Alves;Manutenção de alongamento;Unhas;100.0;Cartão de crédito;Concluído;Telefone
101058;2025-10-09;15:00;Fernanda Ribeiro;11980000237;Diadema;SP;Juliana Martins;Escova;Cabelos;70.0;Cartão de crédito;Concluído;WhatsApp
101059;2025-10-09;15:00;Simone Gomes;11980000205;Santo André;SP;Fernanda Costa;Manicure;Unhas;35.0;Cartão de crédito;Concluído;WhatsApp
101060;2025-10-09;15:30;Viviane Costa;11980000307;São Caetano do Sul;SP;Fernanda Costa;Manicure + Pedicure;Unhas;70.0;Cartão de débito;Concluído;Presencial
101061;2025-10-09;15:30;Raquel Rocha;11980000339;Mauá;SP;Juliana Martins;Design de sobrancelhas;Sobrancelhas;45.0;Cartão de débito;Concluído;Telefone
101062;2025-10-09;15:30;Jéssica Souza;11980000086;Mauá;SP;Larissa Santos;Design + Henna;Sobrancelhas;60.0;Dinheiro;Concluído;Instagram
101063;2025-10-09;16:00;Gabriela Silva;11980000443;São Caetano do Sul;SP;Patrícia Alves;Manutenção de cílios;Cílios;90.0;Cartão de débito;Concluído;Presencial
101064;2025-10-09;16:30;Viviane Gomes;11980000313;Diadema;SP;Juliana Martins;Design de sobrancelhas;Sobrancelhas;0.0;Cartão de débito;Cancelado;Instagram
101065;2025-10-09;17:00;Sabrina Oliveira;11980000034;São Bernardo do Campo;SP;Camila Rodrigues;Pedicure;Unhas;36.0;Dinheiro;Concluído;Instagram
101066;2025-10-09;17:00;Larissa Ribeiro;11980000116;São Bernardo do Campo;SP;Bruna Oliveira;Esmaltação em gel;Unhas;80.0;Dinheiro;Concluído;Instagram
101067;2025-10-09;17:30;Juliana Santos;11980000385;Diadema;SP;Fernanda Costa;Design de sobrancelhas;Sobrancelhas;0.0;Dinheiro;Não Compareceu;Instagram
101068;2025-10-10;09:00;Fernanda Ribeiro;11980000256;São Paulo;SP;Larissa Santos;Design de sobrancelhas;Sobrancelhas;45.0;Cartão de crédito;Concluído;Telefone
101069;2025-10-10;09:00;Patrícia Lima;11980000367;São Bernardo do Campo;SP;Juliana Martins;Extensão de cílios;Cílios;180.0;PIX;Concluído;Presencial
101070;2025-10-10;09:30;Juliana Costa;11980000359;Diadema;SP;Fernanda Costa;Design de sobrancelhas;Sobrancelhas;45.0;Cartão de crédito;Concluído;WhatsApp
101071;2025-10-10;09:30;Larissa Martins;11980000284;Diadema;SP;Juliana Martins;Spa dos pés;Estética;65.0;Cartão de crédito;Concluído;Instagram
101072;2025-10-10;10:30;Raquel Silva;11980000341;São Caetano do Sul;SP;Camila Rodrigues;Alongamento de unhas;Unhas;0.0;PIX;Cancelado;Telefone
101073;2025-10-10;10:30;Ana Santos;11980000054;São Bernardo do Campo;SP;Patrícia Alves;Escova;Cabelos;70.0;Cartão de débito;Concluído;Telefone
101074;2025-10-10;11:00;Beatriz Ribeiro;11980000244;Diadema;SP;Larissa Santos;Design + Henna;Sobrancelhas;60.0;Cartão de crédito;Concluído;Telefone
101075;2025-10-10;13:00;Viviane Ferreira;11980000073;Mauá;SP;Renata Souza;Escova;Cabelos;70.0;Cartão de débito;Concluído;WhatsApp
101076;2025-10-10;13:30;Elaine Santos;11980000176;São Caetano do Sul;SP;Renata Souza;Manicure + Pedicure;Unhas;70.0;PIX;Concluído;Telefone
101077;2025-10-10;13:30;Viviane Ferreira;11980000440;Santo André;SP;Bruna Oliveira;Pedicure;Unhas;40.0;Cartão de crédito;Concluído;Instagram
101078;2025-10-10;14:00;Luciana Ferreira;11980000235;São Caetano do Sul;SP;Larissa Santos;Manutenção de cílios;Cílios;90.0;Dinheiro;Concluído;Presencial
101079;2025-10-10;14:30;Rafaela Mendes;11980000114;Santo André;SP;Mariana Silva;Design de sobrancelhas;Sobrancelhas;45.0;Cartão de crédito;Concluído;Telefone
101080;2025-10-10;17:30;Monique Rocha;11980000350;São Caetano do Sul;SP;Bruna Oliveira;Hidratação;Cabelos;95.0;PIX;Concluído;Telefone
101081;2025-10-10;17:30;Elaine Barbosa;11980000332;São Bernardo do Campo;SP;Patrícia Alves;Hidratação;Cabelos;95.0;Dinheiro;Concluído;WhatsApp
101082;2025-10-10;18:00;Fernanda Santos;11980000425;Diadema;SP;Camila Rodrigues;Manicure + Pedicure;Unhas;70.0;Dinheiro;Concluído;WhatsApp
101083;2025-10-10;18:00;Bianca Ferreira;11980000300;São Caetano do Sul;SP;Camila Rodrigues;Pedicure;Unhas;40.0;Dinheiro;Concluído;Instagram
101084;2025-10-10;18:00;Paula Oliveira;11980000177;Mauá;SP;Patrícia Alves;Design de sobrancelhas;Sobrancelhas;45.0;Cartão de débito;Concluído;Presencial
101085;2025-10-11;09:00;Gabriela Martins;11980000011;Santo André;SP;Bruna Oliveira;Design de sobrancelhas;Sobrancelhas;45.0;Dinheiro;Concluído;Instagram
101086;2025-10-11;09:30;Bianca Ferreira;11980000300;São Caetano do Sul;SP;Larissa Santos;Manutenção de alongamento;Unhas;100.0;PIX;Concluído;WhatsApp
101087;2025-10-11;09:30;Priscila Barbosa;11980000219;Mauá;SP;Bruna Oliveira;Escova;Cabelos;66.5;PIX;Concluído;Telefone
101088;2025-10-11;10:00;Isabela Rocha;11980000232;Diadema;SP;Patrícia Alves;Design + Henna;Sobrancelhas;60.0;Cartão de débito;Concluído;Presencial
101089;2025-10-11;10:00;Gabriela Ribeiro;11980000145;São Bernardo do Campo;SP;Mariana Silva;Design de sobrancelhas;Sobrancelhas;45.0;PIX;Concluído;WhatsApp
101090;2025-10-11;10:00;Viviane Carvalho;11980000354;São Caetano do Sul;SP;Camila Rodrigues;Manicure;Unhas;31.5;Cartão de débito;Concluído;Telefone
101091;2025-10-11;10:30;Elaine Santos;11980000176;São Caetano do Sul;SP;Patrícia Alves;Pedicure;Unhas;40.0;Cartão de crédito;Concluído;Telefone
101092;2025-10-11;11:00;Cristiane Ferreira;11980000376;São Paulo;SP;Juliana Martins;Corte feminino;Cabelos;85.0;PIX;Concluído;Instagram
101093;2025-10-11;11:00;Luciana Ramos;11980000029;Santo André;SP;Bruna Oliveira;Manicure + Pedicure;Unhas;0.0;Cartão de débito;Não Compareceu;WhatsApp
101094;2025-10-11;11:30;Gabriela Lima;11980000321;Mauá;SP;Larissa Santos;Manicure;Unhas;33.25;Cartão de débito;Concluído;Presencial
101095;2025-10-11;13:00;Fernanda Santos;11980000405;São Bernardo do Campo;SP;Bruna Oliveira;Manicure + Pedicure;Unhas;66.5;Dinheiro;Concluído;WhatsApp
101096;2025-10-11;13:00;Débora Lima;11980000396;São Bernardo do Campo;SP;Larissa Santos;Manutenção de cílios;Cílios;90.0;Dinheiro;Concluído;Telefone
101097;2025-10-11;13:30;Monique Ribeiro;11980000166;Diadema;SP;Bruna Oliveira;Manicure;Unhas;35.0;Cartão de débito;Concluído;Instagram
101098;2025-10-11;14:00;Luciana Oliveira;11980000302;São Bernardo do Campo;SP;Larissa Santos;Spa dos pés;Estética;65.0;Cartão de débito;Concluído;Instagram
101099;2025-10-11;14:00;Ana Souza;11980000420;Mauá;SP;Renata Souza;Pedicure;Unhas;40.0;Cartão de débito;Concluído;Presencial
101100;2025-10-11;14:00;Daniela Ribeiro;11980000171;Diadema;SP;Renata Souza;Design + Henna;Sobrancelhas;60.0;PIX;Concluído;Presencial
101101;2025-10-11;14:30;Paula Silva;11980000169;Diadema;SP;Larissa Santos;Esmaltação em gel;Unhas;80.0;Cartão de crédito;Concluído;Telefone
101102;2025-10-11;14:30;Letícia Costa;11980000164;Diadema;SP;Larissa Santos;Manicure;Unhas;0.0;Cartão de crédito;Cancelado;Instagram
101103;2025-10-11;14:30;Elaine Ferreira;11980000242;São Caetano do Sul;SP;Fernanda Costa;Manicure + Pedicure;Unhas;66.5;Cartão de débito;Concluído;Telefone
101104;2025-10-11;15:00;Bianca Ribeiro;11980000288;São Paulo;SP;Juliana Martins;Manutenção de alongamento;Unhas;100.0;Cartão de débito;Concluído;Telefone
101105;2025-10-11;15:30;Natália Barbosa;11980000328;Santo André;SP;Mariana Silva;Manicure + Pedicure;Unhas;70.0;Cartão de débito;Concluído;Instagram
101106;2025-10-11;16:00;Monique Ribeiro;11980000166;Diadema;SP;Patrícia Alves;Pedicure;Unhas;40.0;Cartão de crédito;Concluído;Instagram
101107;2025-10-11;16:00;Elaine Santos;11980000231;São Bernardo do Campo;SP;Fernanda Costa;Manutenção de alongamento;Unhas;100.0;PIX;Concluído;Presencial
101108;2025-10-11;16:30;Carla Oliveira;11980000384;Diadema;SP;Juliana Martins;Manicure + Pedicure;Unhas;70.0;Cartão de crédito;Concluído;Instagram
101109;2025-10-11;16:30;Bruna Lima;11980000254;Mauá;SP;Patrícia Alves;Pedicure;Unhas;38.0;PIX;Concluído;Presencial
101110;2025-10-11;16:30;Raquel Silva;11980000167;Santo André;SP;Larissa Santos;Design + Henna;Sobrancelhas;60.0;Cartão de débito;Concluído;Telefone
101111;2025-10-11;17:30;Daniela Almeida;11980000400;Mauá;SP;Bruna Oliveira;Extensão de cílios;Cílios;180.0;Dinheiro;Concluído;WhatsApp
101112;2025-10-11;17:30;Cristiane Martins;11980000039;São Bernardo do Campo;SP;Renata Souza;Pedicure;Unhas;0.0;Dinheiro;Cancelado;WhatsApp
101113;2025-10-11;18:00;Camila Rodrigues;11980000009;São Bernardo do Campo;SP;Bruna Oliveira;Spa dos pés;Estética;65.0;Cartão de débito;Concluído;Presencial
101114;2025-10-12;10:00;Daniela Almeida;11980000400;Mauá;SP;Patrícia Alves;Esmaltação em gel;Unhas;76.0;Cartão de débito;Concluído;Instagram
101115;2025-10-12;11:00;Daniela Ribeiro;11980000182;Diadema;SP;Patrícia Alves;Pedicure;Unhas;40.0;Cartão de crédito;Concluído;WhatsApp
101116;2025-10-13;09:00;Daniela Lima;11980000431;Diadema;SP;Fernanda Costa;Design de sobrancelhas;Sobrancelhas;45.0;Cartão de débito;Concluído;Presencial
101117;2025-10-13;09:00;Priscila Martins;11980000187;Santo André;SP;Juliana Martins;Escova;Cabelos;70.0;Cartão de débito;Concluído;Telefone
101118;2025-10-13;09:30;Tatiane Silva;11980000072;São Paulo;SP;Larissa Santos;Manutenção de cílios;Cílios;85.5;Cartão de crédito;Concluído;Telefone
101119;2025-10-13;13:30;Elaine Martins;11980000374;São Paulo;SP;Mariana Silva;Manicure;Unhas;35.0;PIX;Concluído;Instagram
101120;2025-10-13;13:30;Jéssica Gomes;11980000084;São Paulo;SP;Bruna Oliveira;Spa dos pés;Estética;0.0;Cartão de crédito;Cancelado;Telefone
101121;2025-10-13;14:30;Viviane Ferreira;11980000440;Santo André;SP;Juliana Martins;Manicure + Pedicure;Unhas;63.0;Dinheiro;Concluído;Telefone
101122;2025-10-13;15:00;Sabrina Barbosa;11980000380;Santo André;SP;Mariana Silva;Manutenção de cílios;Cílios;81.0;Cartão de crédito;Concluído;Telefone
101123;2025-10-13;16:00;Elaine Gomes;11980000195;Santo André;SP;Camila Rodrigues;Manutenção de alongamento;Unhas;100.0;Dinheiro;Concluído;WhatsApp
101124;2025-10-13;16:30;Fernanda Gomes;11980000191;São Paulo;SP;Bruna Oliveira;Escova;Cabelos;70.0;Cartão de crédito;Concluído;Instagram
101125;2025-10-13;17:00;Vanessa Lima;11980000245;São Bernardo do Campo;SP;Fernanda Costa;Esmaltação em gel;Unhas;80.0;Dinheiro;Concluído;Presencial
101126;2025-10-13;18:00;Monique Ribeiro;11980000048;Diadema;SP;Patrícia Alves;Esmaltação em gel;Unhas;80.0;Cartão de crédito;Concluído;Presencial
101127;2025-10-14;09:00;Beatriz Silva;11980000439;Santo André;SP;Larissa Santos;Manicure;Unhas;33.25;Dinheiro;Concluído;Telefone
101128;2025-10-14;10:30;Monique Ribeiro;11980000048;Diadema;SP;Bruna Oliveira;Spa dos pés;Estética;0.0;Dinheiro;Cancelado;Presencial
101129;2025-10-14;11:00;Raquel Carvalho;11980000168;Santo André;SP;Bruna Oliveira;Alongamento de unhas;Unhas;150.0;PIX;Concluído;Presencial
101130;2025-10-14;11:30;Elaine Martins;11980000324;Diadema;SP;Camila Rodrigues;Escova;Cabelos;66.5;PIX;Concluído;Instagram
101131;2025-10-14;15:30;Bianca Santos;11980000066;São Bernardo do Campo;SP;Mariana Silva;Design + Henna;Sobrancelhas;0.0;PIX;Cancelado;Presencial
101132;2025-10-14;17:00;Larissa Souza;11980000095;Santo André;SP;Fernanda Costa;Manicure + Pedicure;Unhas;70.0;Cartão de débito;Concluído;Instagram
101133;2025-10-14;18:00;Daniela Barbosa;11980000253;Mauá;SP;Renata Souza;Manicure;Unhas;35.0;Cartão de crédito;Concluído;WhatsApp
101134;2025-10-14;18:00;Letícia Lima;11980000209;São Bernardo do Campo;SP;Camila Rodrigues;Esmaltação em gel;Unhas;80.0;PIX;Concluído;Instagram
101135;2025-10-15;10:00;Elaine Oliveira;11980000158;Diadema;SP;Larissa Santos;Manutenção de alongamento;Unhas;0.0;Cartão de crédito;Cancelado;Presencial
101136;2025-10-15;11:30;Flávia Almeida;11980000192;São Bernardo do Campo;SP;Patrícia Alves;Manicure;Unhas;33.25;Cartão de crédito;Concluído;Instagram
101137;2025-10-15;13:30;Ana Souza;11980000420;Mauá;SP;Renata Souza;Manicure;Unhas;35.0;Cartão de crédito;Concluído;Telefone
101138;2025-10-15;14:00;Isabela Rocha;11980000232;Diadema;SP;Renata Souza;Manutenção de alongamento;Unhas;100.0;PIX;Concluído;Telefone
101139;2025-10-15;14:00;Natália Rocha;11980000277;Santo André;SP;Bruna Oliveira;Hidratação;Cabelos;95.0;Dinheiro;Concluído;Presencial
101140;2025-10-15;14:30;Beatriz Ribeiro;11980000244;Diadema;SP;Larissa Santos;Manicure + Pedicure;Unhas;70.0;Cartão de débito;Concluído;Telefone
101141;2025-10-15;15:30;Bianca Silva;11980000391;São Caetano do Sul;SP;Fernanda Costa;Manicure;Unhas;31.5;PIX;Concluído;Instagram
101142;2025-10-15;16:00;Simone Silva;11980000201;Diadema;SP;Patrícia Alves;Design + Henna;Sobrancelhas;57.0;Cartão de crédito;Concluído;WhatsApp
101143;2025-10-15;17:30;Monique Ribeiro;11980000166;Diadema;SP;Camila Rodrigues;Design de sobrancelhas;Sobrancelhas;45.0;Cartão de crédito;Concluído;Presencial
101144;2025-10-15;17:30;Raquel Lima;11980000173;Santo André;SP;Patrícia Alves;Pedicure;Unhas;40.0;Dinheiro;Concluído;Telefone
101145;2025-10-15;18:00;Letícia Ribeiro;11980000270;São Caetano do Sul;SP;Patrícia Alves;Design de sobrancelhas;Sobrancelhas;45.0;Cartão de débito;Concluído;Instagram
101146;2025-10-16;09:00;Simone Gomes;11980000205;Santo André;SP;Bruna Oliveira;Design + Henna;Sobrancelhas;60.0;Cartão de crédito;Concluído;Telefone
101147;2025-10-16;09:00;Beatriz Ribeiro;11980000051;São Bernardo do Campo;SP;Fernanda Costa;Corte feminino;Cabelos;85.0;Cartão de débito;Concluído;Telefone
101148;2025-10-16;09:30;Beatriz Santos;11980000298;São Caetano do Sul;SP;Bruna Oliveira;Escova;Cabelos;66.5;Dinheiro;Concluído;WhatsApp
101149;2025-10-16;10:30;Letícia Souza;11980000389;Santo André;SP;Fernanda Costa;Pedicure;Unhas;40.0;Cartão de débito;Concluído;Presencial
101150;2025-10-16;10:30;Cristiane Gomes;11980000303;Diadema;SP;Juliana Martins;Design de sobrancelhas;Sobrancelhas;0.0;Cartão de crédito;Cancelado;Telefone
101151;2025-10-16;10:30;Renata Oliveira;11980000429;São Bernardo do Campo;SP;Bruna Oliveira;Alongamento de unhas;Unhas;142.5;Cartão de débito;Concluído;Telefone
101152;2025-10-16;11:00;Tatiane Silva;11980000072;São Paulo;SP;Bruna Oliveira;Manicure;Unhas;35.0;Cartão de crédito;Concluído;Telefone
101153;2025-10-16;14:00;Flávia Mendes;11980000129;Mauá;SP;Mariana Silva;Alongamento de unhas;Unhas;0.0;PIX;Não Compareceu;WhatsApp
101154;2025-10-16;16:00;Daniela Almeida;11980000400;Mauá;SP;Larissa Santos;Design de sobrancelhas;Sobrancelhas;45.0;Dinheiro;Concluído;WhatsApp
101155;2025-10-16;17:00;Patrícia Barbosa;11980000196;São Caetano do Sul;SP;Fernanda Costa;Manicure;Unhas;33.25;Cartão de crédito;Concluído;Presencial
101156;2025-10-16;17:00;Rafaela Ribeiro;11980000153;São Paulo;SP;Juliana Martins;Esmaltação em gel;Unhas;76.0;Cartão de débito;Concluído;WhatsApp
101157;2025-10-16;18:00;Rafaela Gomes;11980000006;São Paulo;SP;Juliana Martins;Esmaltação em gel;Unhas;80.0;Dinheiro;Concluído;Presencial
101158;2025-10-17;09:00;Vanessa Gomes;11980000075;Santo André;SP;Camila Rodrigues;Manicure + Pedicure;Unhas;66.5;Dinheiro;Concluído;Presencial
101159;2025-10-17;09:00;Sabrina Oliveira;11980000034;São Bernardo do Campo;SP;Fernanda Costa;Design de sobrancelhas;Sobrancelhas;45.0;Dinheiro;Concluído;Instagram
101160;2025-10-17;09:30;Monique Ribeiro;11980000166;Diadema;SP;Renata Souza;Manutenção de alongamento;Unhas;100.0;Cartão de crédito;Concluído;Telefone
101161;2025-10-17;09:30;Larissa Oliveira;11980000074;São Caetano do Sul;SP;Mariana Silva;Hidratação;Cabelos;95.0;Cartão de débito;Concluído;WhatsApp
101162;2025-10-17;10:30;Luciana Barbosa;11980000204;São Bernardo do Campo;SP;Patrícia Alves;Corte feminino;Cabelos;85.0;Cartão de débito;Concluído;WhatsApp
101163;2025-10-17;11:30;Flávia Santos;11980000315;São Bernardo do Campo;SP;Juliana Martins;Esmaltação em gel;Unhas;72.0;Cartão de crédito;Concluído;Instagram
101164;2025-10-17;13:30;Rafaela Santos;11980000040;São Paulo;SP;Patrícia Alves;Manicure + Pedicure;Unhas;70.0;Cartão de crédito;Concluído;Presencial
101165;2025-10-17;13:30;Daniela Ribeiro;11980000171;Diadema;SP;Mariana Silva;Design de sobrancelhas;Sobrancelhas;45.0;Cartão de débito;Concluído;WhatsApp
101166;2025-10-17;13:30;Raquel Silva;11980000275;Diadema;SP;Mariana Silva;Manicure;Unhas;35.0;Cartão de crédito;Concluído;WhatsApp
101167;2025-10-17;14:30;Paula Ferreira;11980000203;São Caetano do Sul;SP;Renata Souza;Design + Henna;Sobrancelhas;60.0;Cartão de débito;Concluído;Presencial
101168;2025-10-17;14:30;Beatriz Ferreira;11980000098;São Bernardo do Campo;SP;Fernanda Costa;Corte feminino;Cabelos;85.0;Cartão de crédito;Concluído;WhatsApp
101169;2025-10-17;15:00;Viviane Ferreira;11980000142;Mauá;SP;Larissa Santos;Escova;Cabelos;70.0;Cartão de débito;Concluído;Instagram
101170;2025-10-17;15:30;Flávia Martins;11980000412;São Bernardo do Campo;SP;Fernanda Costa;Manutenção de alongamento;Unhas;100.0;Cartão de crédito;Concluído;Telefone
101171;2025-10-17;15:30;Daniela Ferreira;11980000108;Mauá;SP;Mariana Silva;Manutenção de cílios;Cílios;85.5;Cartão de crédito;Concluído;WhatsApp
101172;2025-10-17;15:30;Juliana Martins;11980000180;São Caetano do Sul;SP;Mariana Silva;Escova;Cabelos;70.0;Cartão de crédito;Concluído;WhatsApp
101173;2025-10-17;16:00;Bianca Oliveira;11980000294;São Paulo;SP;Bruna Oliveira;Escova;Cabelos;66.5;Cartão de crédito;Concluído;Instagram
101174;2025-10-17;16:00;Natália Carvalho;11980000102;Mauá;SP;Juliana Martins;Manicure;Unhas;35.0;Cartão de crédito;Concluído;Telefone
101175;2025-10-17;16:30;Juliana Costa;11980000050;Santo André;SP;Fernanda Costa;Manicure + Pedicure;Unhas;70.0;Dinheiro;Concluído;Telefone
101176;2025-10-17;16:30;Jéssica Costa;11980000236;São Caetano do Sul;SP;Larissa Santos;Esmaltação em gel;Unhas;80.0;Cartão de crédito;Concluído;Presencial
101177;2025-10-17;17:30;Cristiane Carvalho;11980000287;São Paulo;SP;Camila Rodrigues;Hidratação;Cabelos;95.0;Cartão de crédito;Concluído;Telefone
101178;2025-10-17;17:30;Isabela Mendes;11980000428;São Caetano do Sul;SP;Patrícia Alves;Manicure;Unhas;35.0;Cartão de débito;Concluído;Presencial
101179;2025-10-17;18:00;Flávia Almeida;11980000285;São Paulo;SP;Renata Souza;Alongamento de unhas;Unhas;150.0;Dinheiro;Concluído;Telefone
101180;2025-10-18;09:00;Fernanda Lima;11980000003;São Paulo;SP;Mariana Silva;Alongamento de unhas;Unhas;142.5;Cartão de débito;Concluído;Instagram
101181;2025-10-18;09:00;Marcela Ferreira;11980000106;Santo André;SP;Juliana Martins;Corte feminino;Cabelos;76.5;Cartão de débito;Concluído;Presencial
101182;2025-10-18;09:30;Elaine Oliveira;11980000158;Diadema;SP;Patrícia Alves;Design + Henna;Sobrancelhas;54.0;PIX;Concluído;Presencial
101183;2025-10-18;09:30;Monique Ribeiro;11980000407;São Paulo;SP;Bruna Oliveira;Manicure;Unhas;35.0;Dinheiro;Concluído;WhatsApp
101184;2025-10-18;09:30;Vanessa Almeida;11980000311;São Paulo;SP;Camila Rodrigues;Spa dos pés;Estética;65.0;PIX;Concluído;WhatsApp
101185;2025-10-18;09:30;Luciana Costa;11980000255;São Caetano do Sul;SP;Fernanda Costa;Manutenção de cílios;Cílios;90.0;PIX;Concluído;WhatsApp
101186;2025-10-18;09:30;Paula Rocha;11980000097;São Bernardo do Campo;SP;Mariana Silva;Coloração;Cabelos;160.0;Dinheiro;Concluído;Instagram
101187;2025-10-18;09:30;Elaine Silva;11980000261;Mauá;SP;Mariana Silva;Design + Henna;Sobrancelhas;60.0;PIX;Concluído;Instagram
101188;2025-10-18;10:00;Isabela Barbosa;11980000117;São Paulo;SP;Mariana Silva;Spa dos pés;Estética;65.0;PIX;Concluído;WhatsApp
101189;2025-10-18;10:30;Natália Barbosa;11980000016;Diadema;SP;Camila Rodrigues;Corte feminino;Cabelos;80.75;Cartão de débito;Concluído;WhatsApp
101190;2025-10-18;10:30;Vanessa Rocha;11980000043;São Paulo;SP;Larissa Santos;Manicure;Unhas;35.0;Dinheiro;Concluído;Telefone
101191;2025-10-18;11:30;Beatriz Barbosa;11980000179;São Bernardo do Campo;SP;Patrícia Alves;Design de sobrancelhas;Sobrancelhas;45.0;Dinheiro;Concluído;Instagram
101192;2025-10-18;13:00;Rafaela Mendes;11980000114;Santo André;SP;Mariana Silva;Manicure;Unhas;35.0;PIX;Concluído;Presencial
101193;2025-10-18;13:00;Gabriela Ribeiro;11980000145;São Bernardo do Campo;SP;Mariana Silva;Manicure;Unhas;35.0;Dinheiro;Concluído;Presencial
101194;2025-10-18;13:00;Tatiane Costa;11980000194;Diadema;SP;Fernanda Costa;Escova;Cabelos;70.0;Dinheiro;Concluído;WhatsApp
101195;2025-10-18;13:30;Marcela Souza;11980000174;São Paulo;SP;Renata Souza;Manicure + Pedicure;Unhas;0.0;Dinheiro;Cancelado;Instagram
101196;2025-10-18;14:00;Luciana Santos;11980000217;Santo André;SP;Fernanda Costa;Pedicure;Unhas;40.0;PIX;Concluído;Presencial
101197;2025-10-18;14:30;Juliana Silva;11980000349;Mauá;SP;Bruna Oliveira;Manicure + Pedicure;Unhas;70.0;Cartão de débito;Concluído;WhatsApp
101198;2025-10-18;15:00;Daniela Ferreira;11980000435;São Bernardo do Campo;SP;Juliana Martins;Design + Henna;Sobrancelhas;60.0;Dinheiro;Concluído;Instagram
101199;2025-10-18;16:00;Vanessa Rocha;11980000314;São Paulo;SP;Mariana Silva;Corte feminino;Cabelos;85.0;PIX;Concluído;WhatsApp
101200;2025-10-18;16:00;Natália Ribeiro;11980000424;São Caetano do Sul;SP;Renata Souza;Manicure + Pedicure;Unhas;70.0;Cartão de crédito;Concluído;Telefone
101201;2025-10-18;16:00;Simone Oliveira;11980000058;São Paulo;SP;Renata Souza;Manicure;Unhas;35.0;PIX;Concluído;Telefone
101202;2025-10-18;17:00;Priscila Mendes;11980000308;São Bernardo do Campo;SP;Mariana Silva;Design de sobrancelhas;Sobrancelhas;45.0;Cartão de crédito;Concluído;Presencial
101203;2025-10-18;17:00;Gabriela Lima;11980000321;Mauá;SP;Bruna Oliveira;Manicure;Unhas;35.0;Cartão de crédito;Concluído;WhatsApp
101204;2025-10-18;17:30;Carla Santos;11980000060;São Paulo;SP;Patrícia Alves;Corte feminino;Cabelos;85.0;Cartão de débito;Concluído;Telefone
101205;2025-10-18;17:30;Paula Ferreira;11980000203;São Caetano do Sul;SP;Renata Souza;Coloração;Cabelos;160.0;PIX;Concluído;WhatsApp
101206;2025-10-20;09:00;Ana Santos;11980000054;São Bernardo do Campo;SP;Renata Souza;Manicure;Unhas;35.0;Dinheiro;Concluído;WhatsApp
101207;2025-10-20;09:30;Beatriz Silva;11980000439;Santo André;SP;Renata Souza;Manutenção de cílios;Cílios;90.0;PIX;Concluído;Presencial
101208;2025-10-20;11:00;Luciana Almeida;11980000309;São Paulo;SP;Fernanda Costa;Design de sobrancelhas;Sobrancelhas;45.0;Cartão de débito;Concluído;WhatsApp
101209;2025-10-20;11:00;Paula Oliveira;11980000177;Mauá;SP;Larissa Santos;Manutenção de alongamento;Unhas;100.0;Cartão de débito;Concluído;Telefone
101210;2025-10-20;11:00;Luciana Santos;11980000103;São Paulo;SP;Camila Rodrigues;Alongamento de unhas;Unhas;0.0;PIX;Cancelado;Instagram
101211;2025-10-20;14:00;Patrícia Ferreira;11980000008;São Bernardo do Campo;SP;Patrícia Alves;Manicure + Pedicure;Unhas;0.0;Cartão de débito;Cancelado;Presencial
101212;2025-10-20;14:30;Raquel Pereira;11980000379;Mauá;SP;Camila Rodrigues;Manutenção de alongamento;Unhas;100.0;Dinheiro;Concluído;Instagram
101213;2025-10-20;15:30;Marcela Santos;11980000206;São Paulo;SP;Patrícia Alves;Escova;Cabelos;70.0;Dinheiro;Concluído;Presencial
101214;2025-10-20;16:00;Simone Mendes;11980000293;São Caetano do Sul;SP;Bruna Oliveira;Manicure + Pedicure;Unhas;70.0;Cartão de crédito;Concluído;Telefone
101215;2025-10-20;16:00;Elaine Silva;11980000327;São Caetano do Sul;SP;Patrícia Alves;Coloração;Cabelos;0.0;Cartão de crédito;Não Compareceu;Telefone
101216;2025-10-20;17:00;Larissa Souza;11980000095;Santo André;SP;Renata Souza;Manicure + Pedicure;Unhas;70.0;Dinheiro;Concluído;Instagram
101217;2025-10-21;09:30;Patrícia Ribeiro;11980000044;São Bernardo do Campo;SP;Camila Rodrigues;Manicure;Unhas;35.0;PIX;Concluído;Telefone
101218;2025-10-21;10:00;Luciana Ferreira;11980000325;Diadema;SP;Mariana Silva;Manicure + Pedicure;Unhas;70.0;Dinheiro;Concluído;Presencial
101219;2025-10-21;11:00;Viviane Carvalho;11980000354;São Caetano do Sul;SP;Renata Souza;Spa dos pés;Estética;65.0;PIX;Concluído;Instagram
101220;2025-10-21;11:30;Jéssica Almeida;11980000299;São Paulo;SP;Larissa Santos;Manutenção de alongamento;Unhas;100.0;PIX;Concluído;Instagram
101221;2025-10-21;11:30;Patrícia Barbosa;11980000196;São Caetano do Sul;SP;Larissa Santos;Alongamento de unhas;Unhas;142.5;Cartão de débito;Concluído;Instagram
101222;2025-10-21;13:00;Marcela Rocha;11980000126;São Caetano do Sul;SP;Renata Souza;Extensão de cílios;Cílios;0.0;Cartão de débito;Cancelado;Presencial
101223;2025-10-21;13:00;Beatriz Oliveira;11980000329;São Caetano do Sul;SP;Bruna Oliveira;Design de sobrancelhas;Sobrancelhas;45.0;Cartão de débito;Concluído;Instagram
101224;2025-10-21;13:00;Bruna Gomes;11980000087;Diadema;SP;Mariana Silva;Escova;Cabelos;70.0;PIX;Concluído;Instagram
101225;2025-10-21;13:00;Fernanda Almeida;11980000154;Diadema;SP;Bruna Oliveira;Manicure;Unhas;35.0;Cartão de crédito;Concluído;Presencial
101226;2025-10-21;14:00;Flávia Cardoso;11980000027;Diadema;SP;Renata Souza;Extensão de cílios;Cílios;180.0;Dinheiro;Concluído;Telefone
101227;2025-10-21;15:00;Renata Ribeiro;11980000228;Diadema;SP;Bruna Oliveira;Manutenção de alongamento;Unhas;100.0;Dinheiro;Concluído;Instagram
101228;2025-10-21;15:30;Tatiane Gomes;11980000230;Santo André;SP;Camila Rodrigues;Spa dos pés;Estética;61.75;PIX;Concluído;WhatsApp
101229;2025-10-21;16:00;Elaine Souza;11980000091;São Caetano do Sul;SP;Patrícia Alves;Design de sobrancelhas;Sobrancelhas;40.5;PIX;Concluído;Instagram
101230;2025-10-21;16:30;Tatiane Ferreira;11980000078;São Paulo;SP;Patrícia Alves;Alongamento de unhas;Unhas;150.0;Dinheiro;Concluído;Telefone
101231;2025-10-21;18:00;Bianca Silva;11980000391;São Caetano do Sul;SP;Larissa Santos;Manicure + Pedicure;Unhas;70.0;PIX;Concluído;WhatsApp
101232;2025-10-22;09:00;Daniela Lima;11980000399;São Paulo;SP;Juliana Martins;Hidratação;Cabelos;90.25;Cartão de débito;Concluído;WhatsApp
101233;2025-10-22;09:30;Cristiane Lima;11980000338;Mauá;SP;Juliana Martins;Manicure + Pedicure;Unhas;70.0;PIX;Concluído;WhatsApp
101234;2025-10-22;10:00;Gabriela Ribeiro;11980000145;São Bernardo do Campo;SP;Patrícia Alves;Manicure;Unhas;35.0;PIX;Concluído;Presencial
101235;2025-10-22;10:00;Camila Silva;11980000041;São Paulo;SP;Larissa Santos;Manicure;Unhas;35.0;Cartão de débito;Concluído;WhatsApp
101236;2025-10-22;10:00;Monique Mendes;11980000361;São Paulo;SP;Patrícia Alves;Pedicure;Unhas;40.0;PIX;Concluído;Instagram
101237;2025-10-22;11:00;Carla Gomes;11980000445;São Caetano do Sul;SP;Larissa Santos;Manutenção de alongamento;Unhas;100.0;Dinheiro;Concluído;WhatsApp
101238;2025-10-22;11:30;Juliana Mendes;11980000188;São Caetano do Sul;SP;Camila Rodrigues;Manutenção de alongamento;Unhas;100.0;Cartão de crédito;Concluído;WhatsApp
101239;2025-10-22;11:30;Fernanda Almeida;11980000363;Diadema;SP;Larissa Santos;Design de sobrancelhas;Sobrancelhas;45.0;PIX;Concluído;WhatsApp
101240;2025-10-22;13:00;Viviane Martins;11980000068;São Paulo;SP;Mariana Silva;Extensão de cílios;Cílios;180.0;Cartão de débito;Concluído;Presencial
101241;2025-10-22;13:30;Paula Rocha;11980000097;São Bernardo do Campo;SP;Patrícia Alves;Escova;Cabelos;70.0;Cartão de débito;Concluído;Telefone
101242;2025-10-22;14:00;Camila Silva;11980000041;São Paulo;SP;Patrícia Alves;Spa dos pés;Estética;65.0;Cartão de crédito;Concluído;WhatsApp
101243;2025-10-22;15:00;Camila Carvalho;11980000210;São Bernardo do Campo;SP;Larissa Santos;Hidratação;Cabelos;0.0;Dinheiro;Cancelado;Presencial
101244;2025-10-22;15:00;Flávia Martins;11980000344;São Paulo;SP;Juliana Martins;Escova;Cabelos;70.0;PIX;Concluído;Instagram
101245;2025-10-22;15:00;Fernanda Pereira;11980000292;Santo André;SP;Fernanda Costa;Manutenção de cílios;Cílios;90.0;Dinheiro;Concluído;Telefone
101246;2025-10-22;15:00;Marcela Gomes;11980000080;São Caetano do Sul;SP;Larissa Santos;Design de sobrancelhas;Sobrancelhas;45.0;PIX;Concluído;WhatsApp
101247;2025-10-22;15:30;Amanda Oliveira;11980000112;São Caetano do Sul;SP;Bruna Oliveira;Pedicure;Unhas;40.0;PIX;Concluído;Telefone
101248;2025-10-22;16:00;Jéssica Silva;11980000448;São Caetano do Sul;SP;Patrícia Alves;Escova;Cabelos;0.0;Cartão de crédito;Não Compareceu;Presencial
101249;2025-10-22;17:30;Renata Almeida;11980000155;Mauá;SP;Bruna Oliveira;Pedicure;Unhas;40.0;PIX;Concluído;Telefone
101250;2025-10-22;18:00;Bruna Carvalho;11980000357;Mauá;SP;Bruna Oliveira;Manicure + Pedicure;Unhas;70.0;Dinheiro;Concluído;Telefone
101251;2025-10-23;09:00;Natália Almeida;11980000077;São Bernardo do Campo;SP;Fernanda Costa;Manicure + Pedicure;Unhas;70.0;Cartão de crédito;Concluído;Telefone
101252;2025-10-23;09:00;Flávia Martins;11980000412;São Bernardo do Campo;SP;Renata Souza;Alongamento de unhas;Unhas;0.0;Cartão de crédito;Cancelado;Telefone
101253;2025-10-23;10:30;Natália Pereira;11980000422;Mauá;SP;Renata Souza;Coloração;Cabelos;160.0;PIX;Concluído;Instagram
101254;2025-10-23;11:00;Renata Lima;11980000372;São Caetano do Sul;SP;Mariana Silva;Escova;Cabelos;70.0;Dinheiro;Concluído;Presencial
101255;2025-10-23;11:00;Tatiane Silva;11980000262;São Paulo;SP;Juliana Martins;Alongamento de unhas;Unhas;150.0;PIX;Concluído;Presencial
101256;2025-10-23;13:30;Daniela Ferreira;11980000435;São Bernardo do Campo;SP;Camila Rodrigues;Manutenção de alongamento;Unhas;100.0;Cartão de débito;Concluído;Presencial
101257;2025-10-23;15:00;Camila Costa;11980000190;São Paulo;SP;Bruna Oliveira;Pedicure;Unhas;40.0;Cartão de débito;Concluído;Presencial
101258;2025-10-23;15:00;Bianca Ribeiro;11980000288;São Paulo;SP;Patrícia Alves;Escova;Cabelos;70.0;Cartão de débito;Concluído;Instagram
101259;2025-10-23;15:00;Sabrina Ferreira;11980000181;Mauá;SP;Juliana Martins;Manicure;Unhas;35.0;Cartão de débito;Concluído;Presencial
101260;2025-10-23;15:00;Rafaela Barbosa;11980000403;São Caetano do Sul;SP;Fernanda Costa;Design de sobrancelhas;Sobrancelhas;40.5;Cartão de crédito;Concluído;Instagram
101261;2025-10-23;16:00;Luciana Almeida;11980000309;São Paulo;SP;Fernanda Costa;Manicure;Unhas;35.0;Cartão de débito;Concluído;Telefone
101262;2025-10-23;16:00;Natália Barbosa;11980000269;Mauá;SP;Fernanda Costa;Pedicure;Unhas;40.0;PIX;Concluído;Instagram
101263;2025-10-23;16:30;Paula Martins;11980000323;São Paulo;SP;Fernanda Costa;Design + Henna;Sobrancelhas;60.0;Cartão de crédito;Concluído;Telefone
101264;2025-10-23;16:30;Larissa Oliveira;11980000074;São Caetano do Sul;SP;Fernanda Costa;Manicure;Unhas;35.0;Dinheiro;Concluído;Instagram
101265;2025-10-23;17:00;Renata Souza;11980000229;São Bernardo do Campo;SP;Bruna Oliveira;Design de sobrancelhas;Sobrancelhas;42.75;PIX;Concluído;Presencial
101266;2025-10-23;17:30;Isabela Barbosa;11980000117;São Paulo;SP;Renata Souza;Esmaltação em gel;Unhas;80.0;Cartão de crédito;Concluído;WhatsApp
101267;2025-10-24;09:00;Ana Carolina Souza;11980000001;São Paulo;SP;Camila Rodrigues;Design de sobrancelhas;Sobrancelhas;0.0;PIX;Cancelado;Telefone
101268;2025-10-24;09:00;Camila Santos;11980000291;São Paulo;SP;Fernanda Costa;Pedicure;Unhas;38.0;Cartão de crédito;Concluído;Telefone
101269;2025-10-24;09:30;Amanda Barbosa;11980000290;São Paulo;SP;Camila Rodrigues;Hidratação;Cabelos;95.0;Cartão de crédito;Concluído;WhatsApp
101270;2025-10-24;09:30;Flávia Cardoso;11980000027;Diadema;SP;Renata Souza;Manutenção de alongamento;Unhas;90.0;Cartão de crédito;Concluído;Instagram
101271;2025-10-24;09:30;Juliana Ribeiro;11980000282;Diadema;SP;Juliana Martins;Manicure;Unhas;35.0;Dinheiro;Concluído;WhatsApp
101272;2025-10-24;11:00;Juliana Santos;11980000362;São Paulo;SP;Larissa Santos;Manicure + Pedicure;Unhas;70.0;PIX;Concluído;Telefone
101273;2025-10-24;11:30;Renata Ribeiro;11980000228;Diadema;SP;Bruna Oliveira;Manutenção de cílios;Cílios;90.0;Cartão de débito;Concluído;Instagram
101274;2025-10-24;11:30;Simone Silva;11980000137;São Caetano do Sul;SP;Mariana Silva;Esmaltação em gel;Unhas;80.0;Cartão de débito;Concluído;Telefone
101275;2025-10-24;11:30;Beatriz Santos;11980000298;São Caetano do Sul;SP;Mariana Silva;Esmaltação em gel;Unhas;80.0;Cartão de crédito;Concluído;Telefone
101276;2025-10-24;11:30;Tatiane Silva;11980000072;São Paulo;SP;Patrícia Alves;Manicure;Unhas;0.0;Cartão de crédito;Cancelado;WhatsApp
101277;2025-10-24;13:00;Renata Almeida;11980000155;Mauá;SP;Patrícia Alves;Pedicure;Unhas;38.0;PIX;Concluído;Presencial
101278;2025-10-24;14:00;Bianca Rocha;11980000082;São Paulo;SP;Juliana Martins;Manutenção de cílios;Cílios;90.0;PIX;Concluído;WhatsApp
101279;2025-10-24;14:30;Cristiane Martins;11980000252;Santo André;SP;Larissa Santos;Design de sobrancelhas;Sobrancelhas;45.0;Cartão de crédito;Concluído;WhatsApp
101280;2025-10-24;14:30;Jéssica Lima;11980000427;Mauá;SP;Renata Souza;Hidratação;Cabelos;95.0;PIX;Concluído;Instagram
101281;2025-10-24;14:30;Débora Costa;11980000134;São Paulo;SP;Bruna Oliveira;Manicure;Unhas;35.0;Dinheiro;Concluído;Presencial
101282;2025-10-24;15:00;Paula Souza;11980000283;São Paulo;SP;Larissa Santos;Manicure + Pedicure;Unhas;70.0;Dinheiro;Concluído;Presencial
101283;2025-10-24;15:00;Paula Barbosa;11980000331;Diadema;SP;Mariana Silva;Alongamento de unhas;Unhas;150.0;PIX;Concluído;Telefone
101284;2025-10-24;15:00;Daniela Rocha;11980000387;Santo André;SP;Mariana Silva;Spa dos pés;Estética;65.0;Cartão de débito;Concluído;Presencial
101285;2025-10-24;16:00;Larissa Pereira;11980000105;Santo André;SP;Patrícia Alves;Manicure;Unhas;35.0;Cartão de crédito;Concluído;Telefone
101286;2025-10-24;16:00;Marcela Santos;11980000206;São Paulo;SP;Camila Rodrigues;Esmaltação em gel;Unhas;80.0;PIX;Concluído;Presencial
101287;2025-10-24;16:00;Gabriela Gomes;11980000257;São Caetano do Sul;SP;Mariana Silva;Manicure + Pedicure;Unhas;70.0;Cartão de débito;Concluído;Presencial
101288;2025-10-24;16:00;Marcela Ferreira;11980000106;Santo André;SP;Larissa Santos;Coloração;Cabelos;144.0;Dinheiro;Concluído;Instagram
101289;2025-10-24;16:30;Luciana Santos;11980000217;Santo André;SP;Mariana Silva;Manicure;Unhas;35.0;Cartão de débito;Concluído;WhatsApp
101290;2025-10-25;09:00;Juliana Souza;11980000426;São Paulo;SP;Larissa Santos;Alongamento de unhas;Unhas;150.0;PIX;Concluído;Telefone
101291;2025-10-25;09:00;Larissa Souza;11980000418;São Bernardo do Campo;SP;Renata Souza;Manicure;Unhas;35.0;Cartão de crédito;Concluído;WhatsApp
101292;2025-10-25;09:30;Tatiane Martins;11980000406;Santo André;SP;Renata Souza;Extensão de cílios;Cílios;180.0;PIX;Concluído;Presencial
101293;2025-10-25;09:30;Larissa Lima;11980000326;São Paulo;SP;Camila Rodrigues;Design + Henna;Sobrancelhas;60.0;Cartão de débito;Concluído;Presencial
101294;2025-10-25;10:30;Rafaela Lima;11980000441;Diadema;SP;Bruna Oliveira;Manutenção de cílios;Cílios;81.0;Cartão de débito;Concluído;Presencial
101295;2025-10-25;10:30;Simone Silva;11980000035;São Paulo;SP;Fernanda Costa;Manutenção de alongamento;Unhas;100.0;Cartão de débito;Concluído;WhatsApp
101296;2025-10-25;11:30;Larissa Lima;11980000260;Santo André;SP;Patrícia Alves;Design de sobrancelhas;Sobrancelhas;40.5;Cartão de crédito;Concluído;Instagram
101297;2025-10-25;13:00;Paula Almeida;11980000364;São Paulo;SP;Fernanda Costa;Extensão de cílios;Cílios;180.0;PIX;Concluído;Instagram
101298;2025-10-25;13:00;Larissa Ribeiro;11980000116;São Bernardo do Campo;SP;Larissa Santos;Pedicure;Unhas;40.0;PIX;Concluído;WhatsApp
101299;2025-10-25;15:00;Natália Martins;11980000131;São Paulo;SP;Patrícia Alves;Manutenção de cílios;Cílios;90.0;Cartão de débito;Concluído;Telefone
101300;2025-10-25;15:30;Raquel Ferreira;11980000421;São Bernardo do Campo;SP;Larissa Santos;Esmaltação em gel;Unhas;80.0;Cartão de débito;Concluído;Instagram
101301;2025-10-25;15:30;Natália Ribeiro;11980000358;Santo André;SP;Fernanda Costa;Manicure + Pedicure;Unhas;70.0;Dinheiro;Concluído;Presencial
101302;2025-10-25;16:00;Sabrina Ferreira;11980000281;Santo André;SP;Bruna Oliveira;Esmaltação em gel;Unhas;80.0;Cartão de débito;Concluído;WhatsApp
101303;2025-10-25;16:00;Paula Martins;11980000165;Mauá;SP;Mariana Silva;Alongamento de unhas;Unhas;150.0;Cartão de débito;Concluído;Instagram
101304;2025-10-25;16:00;Rafaela Gomes;11980000356;Diadema;SP;Fernanda Costa;Pedicure;Unhas;40.0;Cartão de crédito;Concluído;WhatsApp
101305;2025-10-25;16:00;Raquel Costa;11980000033;São Caetano do Sul;SP;Patrícia Alves;Pedicure;Unhas;40.0;PIX;Concluído;Presencial
101306;2025-10-25;16:30;Renata Rocha;11980000423;Santo André;SP;Bruna Oliveira;Manicure;Unhas;35.0;PIX;Concluído;WhatsApp
101307;2025-10-25;16:30;Juliana Souza;11980000417;Diadema;SP;Larissa Santos;Design + Henna;Sobrancelhas;60.0;Dinheiro;Concluído;Telefone
101308;2025-10-25;17:00;Juliana Santos;11980000071;São Paulo;SP;Mariana Silva;Corte feminino;Cabelos;80.75;Cartão de crédito;Concluído;Telefone
101309;2025-10-25;17:00;Simone Oliveira;11980000058;São Paulo;SP;Juliana Martins;Manutenção de cílios;Cílios;90.0;Cartão de débito;Concluído;Presencial
101310;2025-10-25;17:30;Isabela Rocha;11980000014;Santo André;SP;Bruna Oliveira;Manicure;Unhas;35.0;PIX;Concluído;WhatsApp
101311;2025-10-27;09:00;Natália Carvalho;11980000102;Mauá;SP;Larissa Santos;Esmaltação em gel;Unhas;80.0;Cartão de crédito;Concluído;WhatsApp
101312;2025-10-27;10:30;Gabriela Martins;11980000011;Santo André;SP;Mariana Silva;Design de sobrancelhas;Sobrancelhas;45.0;PIX;Concluído;Presencial
101313;2025-10-27;11:30;Larissa Lima;11980000260;Santo André;SP;Larissa Santos;Manicure;Unhas;35.0;Dinheiro;Concluído;WhatsApp
101314;2025-10-27;11:30;Sabrina Lima;11980000062;São Caetano do Sul;SP;Camila Rodrigues;Pedicure;Unhas;40.0;Dinheiro;Concluído;Telefone
101315;2025-10-27;13:30;Vanessa Lima;11980000233;Mauá;SP;Bruna Oliveira;Manutenção de cílios;Cílios;90.0;Dinheiro;Concluído;Telefone
101316;2025-10-27;15:30;Simone Silva;11980000035;São Paulo;SP;Juliana Martins;Manicure;Unhas;33.25;Cartão de crédito;Concluído;Instagram
101317;2025-10-27;16:30;Débora Nunes;11980000021;São Paulo;SP;Fernanda Costa;Design de sobrancelhas;Sobrancelhas;40.5;Cartão de crédito;Concluído;WhatsApp
101318;2025-10-27;16:30;Paula Souza;11980000283;São Paulo;SP;Larissa Santos;Pedicure;Unhas;40.0;Cartão de crédito;Concluído;WhatsApp
101319;2025-10-27;17:30;Renata Almeida;11980000155;Mauá;SP;Patrícia Alves;Pedicure;Unhas;40.0;Dinheiro;Concluído;WhatsApp
101320;2025-10-27;17:30;Paula Barbosa;11980000130;Santo André;SP;Juliana Martins;Extensão de cílios;Cílios;180.0;Dinheiro;Concluído;Instagram
101321;2025-10-28;09:00;Simone Oliveira;11980000058;São Paulo;SP;Fernanda Costa;Design de sobrancelhas;Sobrancelhas;45.0;Cartão de crédito;Concluído;Instagram
101322;2025-10-28;10:00;Aline Gomes;11980000222;São Bernardo do Campo;SP;Camila Rodrigues;Alongamento de unhas;Unhas;150.0;Cartão de crédito;Concluído;WhatsApp
101323;2025-10-28;10:00;Rafaela Lima;11980000441;Diadema;SP;Juliana Martins;Manutenção de alongamento;Unhas;100.0;Cartão de crédito;Concluído;Presencial
101324;2025-10-28;11:00;Vanessa Mendes;11980000343;Santo André;SP;Renata Souza;Manutenção de cílios;Cílios;90.0;Cartão de débito;Concluído;Telefone
101325;2025-10-28;11:30;Patrícia Pereira;11980000246;São Caetano do Sul;SP;Bruna Oliveira;Design + Henna;Sobrancelhas;60.0;Cartão de débito;Concluído;WhatsApp
101326;2025-10-28;11:30;Vanessa Lima;11980000245;São Bernardo do Campo;SP;Juliana Martins;Spa dos pés;Estética;65.0;PIX;Concluído;Instagram
101327;2025-10-28;13:00;Rafaela Lima;11980000441;Diadema;SP;Larissa Santos;Escova;Cabelos;70.0;Dinheiro;Concluído;WhatsApp
101328;2025-10-28;13:30;Monique Barbosa;11980000139;São Caetano do Sul;SP;Fernanda Costa;Design de sobrancelhas;Sobrancelhas;42.75;Cartão de débito;Concluído;Instagram
101329;2025-10-28;14:00;Larissa Rocha;11980000430;Santo André;SP;Mariana Silva;Corte feminino;Cabelos;85.0;Dinheiro;Concluído;Telefone
101330;2025-10-28;15:00;Beatriz Barbosa;11980000179;São Bernardo do Campo;SP;Fernanda Costa;Pedicure;Unhas;40.0;Dinheiro;Concluído;Presencial
101331;2025-10-28;15:00;Elaine Silva;11980000327;São Caetano do Sul;SP;Renata Souza;Pedicure;Unhas;40.0;Dinheiro;Concluído;Presencial
101332;2025-10-28;15:30;Daniela Almeida;11980000400;Mauá;SP;Bruna Oliveira;Manicure;Unhas;35.0;Cartão de crédito;Concluído;Instagram
101333;2025-10-28;16:00;Elaine Oliveira;11980000158;Diadema;SP;Larissa Santos;Esmaltação em gel;Unhas;80.0;Cartão de crédito;Concluído;WhatsApp
101334;2025-10-28;16:00;Débora Santos;11980000104;São Bernardo do Campo;SP;Patrícia Alves;Manicure + Pedicure;Unhas;70.0;PIX;Concluído;WhatsApp
101335;2025-10-28;17:00;Beatriz Lima;11980000365;São Caetano do Sul;SP;Mariana Silva;Pedicure;Unhas;40.0;Cartão de crédito;Concluído;Telefone
101336;2025-10-28;18:00;Daniela Rocha;11980000355;São Caetano do Sul;SP;Larissa Santos;Spa dos pés;Estética;65.0;PIX;Concluído;Telefone
101337;2025-10-29;09:30;Rafaela Barbosa;11980000381;Santo André;SP;Bruna Oliveira;Pedicure;Unhas;36.0;Cartão de débito;Concluído;Telefone
101338;2025-10-29;10:00;Simone Ferreira;11980000390;Mauá;SP;Camila Rodrigues;Manicure;Unhas;35.0;Cartão de débito;Concluído;WhatsApp
101339;2025-10-29;11:00;Camila Santos;11980000291;São Paulo;SP;Larissa Santos;Esmaltação em gel;Unhas;80.0;PIX;Concluído;Presencial
101340;2025-10-29;13:00;Larissa Lima;11980000260;Santo André;SP;Bruna Oliveira;Escova;Cabelos;70.0;PIX;Concluído;Presencial
101341;2025-10-29;13:00;Juliana Souza;11980000417;Diadema;SP;Bruna Oliveira;Manicure;Unhas;33.25;Cartão de débito;Concluído;Presencial
101342;2025-10-29;13:30;Jéssica Gomes;11980000049;Diadema;SP;Renata Souza;Escova;Cabelos;66.5;Cartão de crédito;Concluído;Instagram
101343;2025-10-29;13:30;Luciana Mendes;11980000146;São Caetano do Sul;SP;Bruna Oliveira;Pedicure;Unhas;38.0;Cartão de débito;Concluído;Telefone
101344;2025-10-29;14:30;Juliana Costa;11980000144;São Bernardo do Campo;SP;Juliana Martins;Manicure;Unhas;35.0;Dinheiro;Concluído;Instagram
101345;2025-10-29;15:00;Daniela Lima;11980000431;Diadema;SP;Renata Souza;Manicure;Unhas;35.0;Cartão de crédito;Concluído;Presencial
101346;2025-10-29;15:00;Bruna Gomes;11980000087;Diadema;SP;Bruna Oliveira;Pedicure;Unhas;40.0;Cartão de débito;Concluído;Telefone
101347;2025-10-29;15:30;Isabela Rocha;11980000232;Diadema;SP;Camila Rodrigues;Alongamento de unhas;Unhas;150.0;PIX;Concluído;Presencial
101348;2025-10-29;16:30;Juliana Ribeiro;11980000282;Diadema;SP;Fernanda Costa;Esmaltação em gel;Unhas;72.0;PIX;Concluído;Presencial
101349;2025-10-29;17:00;Jéssica Almeida;11980000052;São Caetano do Sul;SP;Juliana Martins;Alongamento de unhas;Unhas;142.5;Dinheiro;Concluído;Presencial
101350;2025-10-29;17:30;Vanessa Rocha;11980000119;Diadema;SP;Bruna Oliveira;Design de sobrancelhas;Sobrancelhas;0.0;Cartão de crédito;Cancelado;WhatsApp
101351;2025-10-29;17:30;Amanda Ribeiro;11980000012;Diadema;SP;Fernanda Costa;Pedicure;Unhas;40.0;Cartão de débito;Concluído;Presencial
101352;2025-10-30;09:30;Paula Silva;11980000366;Mauá;SP;Renata Souza;Pedicure;Unhas;40.0;Dinheiro;Concluído;Telefone
101353;2025-10-30;10:00;Jéssica Souza;11980000086;Mauá;SP;Juliana Martins;Pedicure;Unhas;40.0;Cartão de crédito;Concluído;Presencial
101354;2025-10-30;11:30;Gabriela Gomes;11980000257;São Caetano do Sul;SP;Camila Rodrigues;Alongamento de unhas;Unhas;142.5;Cartão de crédito;Concluído;Instagram
101355;2025-10-30;13:00;Luciana Santos;11980000217;Santo André;SP;Patrícia Alves;Pedicure;Unhas;40.0;PIX;Concluído;WhatsApp
101356;2025-10-30;14:00;Elaine Carvalho;11980000151;Mauá;SP;Patrícia Alves;Hidratação;Cabelos;95.0;Cartão de crédito;Concluído;Telefone
101357;2025-10-30;14:00;Camila Oliveira;11980000224;Mauá;SP;Fernanda Costa;Manicure + Pedicure;Unhas;70.0;Cartão de débito;Concluído;Instagram
101358;2025-10-30;14:00;Rafaela Ribeiro;11980000442;Mauá;SP;Mariana Silva;Design de sobrancelhas;Sobrancelhas;45.0;Dinheiro;Concluído;WhatsApp
101359;2025-10-30;15:30;Beatriz Santos;11980000065;Mauá;SP;Camila Rodrigues;Pedicure;Unhas;40.0;PIX;Concluído;Presencial
101360;2025-10-30;16:00;Jéssica Costa;11980000236;São Caetano do Sul;SP;Larissa Santos;Design + Henna;Sobrancelhas;57.0;Dinheiro;Concluído;Presencial
101361;2025-10-30;16:00;Débora Lima;11980000113;Diadema;SP;Renata Souza;Escova;Cabelos;70.0;Cartão de crédito;Concluído;Instagram
101362;2025-10-30;16:00;Elaine Barbosa;11980000332;São Bernardo do Campo;SP;Mariana Silva;Escova;Cabelos;70.0;Dinheiro;Concluído;Presencial
101363;2025-10-30;17:00;Camila Mendes;11980000138;Santo André;SP;Patrícia Alves;Esmaltação em gel;Unhas;80.0;Cartão de débito;Concluído;Instagram
101364;2025-10-30;18:00;Monique Ribeiro;11980000048;Diadema;SP;Camila Rodrigues;Pedicure;Unhas;0.0;Dinheiro;Cancelado;Instagram
101365;2025-10-31;09:30;Letícia Ferreira;11980000397;São Caetano do Sul;SP;Mariana Silva;Corte feminino;Cabelos;85.0;Dinheiro;Concluído;Presencial
101366;2025-10-31;10:30;Natália Barbosa;11980000016;Diadema;SP;Mariana Silva;Corte feminino;Cabelos;80.75;Dinheiro;Concluído;Presencial
101367;2025-10-31;10:30;Renata Souza;11980000128;Mauá;SP;Larissa Santos;Corte feminino;Cabelos;85.0;Cartão de débito;Concluído;Presencial
101368;2025-10-31;10:30;Luciana Gomes;11980000304;São Caetano do Sul;SP;Bruna Oliveira;Escova;Cabelos;70.0;PIX;Concluído;Presencial
101369;2025-10-31;11:00;Daniela Barbosa;11980000253;Mauá;SP;Juliana Martins;Corte feminino;Cabelos;0.0;PIX;Não Compareceu;Presencial
101370;2025-10-31;11:30;Daniela Ferreira;11980000108;Mauá;SP;Camila Rodrigues;Spa dos pés;Estética;65.0;Cartão de débito;Concluído;WhatsApp
101371;2025-10-31;11:30;Débora Lima;11980000113;Diadema;SP;Larissa Santos;Corte feminino;Cabelos;0.0;Dinheiro;Cancelado;WhatsApp
101372;2025-10-31;13:30;Paula Ferreira;11980000203;São Caetano do Sul;SP;Renata Souza;Alongamento de unhas;Unhas;150.0;Cartão de crédito;Concluído;Telefone
101373;2025-10-31;13:30;Monique Ribeiro;11980000048;Diadema;SP;Bruna Oliveira;Manicure + Pedicure;Unhas;70.0;Cartão de débito;Concluído;Instagram
101374;2025-10-31;13:30;Simone Martins;11980000067;Mauá;SP;Bruna Oliveira;Coloração;Cabelos;0.0;PIX;Cancelado;Telefone
101375;2025-10-31;14:00;Larissa Ribeiro;11980000116;São Bernardo do Campo;SP;Camila Rodrigues;Manutenção de alongamento;Unhas;100.0;Cartão de débito;Concluído;Presencial
101376;2025-10-31;14:30;Elaine Santos;11980000231;São Bernardo do Campo;SP;Patrícia Alves;Design + Henna;Sobrancelhas;60.0;Cartão de crédito;Concluído;Instagram
101377;2025-10-31;15:00;Paula Mendes;11980000296;São Caetano do Sul;SP;Mariana Silva;Design de sobrancelhas;Sobrancelhas;45.0;Cartão de débito;Concluído;Instagram
101378;2025-10-31;15:00;Camila Silva;11980000041;São Paulo;SP;Larissa Santos;Escova;Cabelos;66.5;Cartão de débito;Concluído;Telefone
101379;2025-10-31;15:00;Débora Nunes;11980000021;São Paulo;SP;Patrícia Alves;Hidratação;Cabelos;85.5;PIX;Concluído;WhatsApp
101380;2025-10-31;15:30;Elaine Souza;11980000091;São Caetano do Sul;SP;Camila Rodrigues;Manicure;Unhas;35.0;Cartão de débito;Concluído;WhatsApp
101381;2025-10-31;16:30;Sabrina Lima;11980000100;Diadema;SP;Bruna Oliveira;Design de sobrancelhas;Sobrancelhas;45.0;Cartão de crédito;Concluído;Telefone
101382;2025-10-31;17:00;Beatriz Rocha;11980000079;Santo André;SP;Bruna Oliveira;Manicure + Pedicure;Unhas;70.0;Cartão de débito;Concluído;Instagram
101383;2025-10-31;17:00;Bruna Carvalho;11980000013;São Paulo;SP;Larissa Santos;Alongamento de unhas;Unhas;150.0;Cartão de débito;Concluído;WhatsApp
101384;2025-10-31;17:00;Bianca Ferreira;11980000225;São Paulo;SP;Fernanda Costa;Esmaltação em gel;Unhas;76.0;Cartão de débito;Concluído;Presencial
101385;2025-10-31;17:30;Fernanda Almeida;11980000154;Diadema;SP;Mariana Silva;Manicure;Unhas;35.0;PIX;Concluído;Instagram
101386;2025-11-01;09:00;Rafaela Santos;11980000040;São Paulo;SP;Patrícia Alves;Hidratação;Cabelos;0.0;PIX;Cancelado;Telefone
101387;2025-11-01;09:30;Paula Almeida;11980000364;São Paulo;SP;Renata Souza;Hidratação;Cabelos;95.0;Dinheiro;Concluído;WhatsApp
101388;2025-11-01;10:00;Larissa Almeida;11980000010;Santo André;SP;Bruna Oliveira;Design de sobrancelhas;Sobrancelhas;42.75;Dinheiro;Concluído;Instagram
101389;2025-11-01;11:30;Aline Almeida;11980000083;Mauá;SP;Bruna Oliveira;Pedicure;Unhas;40.0;Cartão de débito;Concluído;WhatsApp
101390;2025-11-01;13:00;Cristiane Barbosa;11980000123;São Paulo;SP;Larissa Santos;Coloração;Cabelos;160.0;Dinheiro;Concluído;WhatsApp
101391;2025-11-01;13:00;Elaine Barbosa;11980000394;São Bernardo do Campo;SP;Camila Rodrigues;Esmaltação em gel;Unhas;80.0;Cartão de débito;Concluído;Instagram
101392;2025-11-01;13:30;Paula Ferreira;11980000203;São Caetano do Sul;SP;Fernanda Costa;Manicure;Unhas;35.0;Dinheiro;Concluído;WhatsApp
101393;2025-11-01;14:00;Elaine Moura;11980000026;São Bernardo do Campo;SP;Camila Rodrigues;Escova;Cabelos;70.0;Dinheiro;Concluído;Presencial
101394;2025-11-01;14:00;Juliana Santos;11980000071;São Paulo;SP;Juliana Martins;Manutenção de alongamento;Unhas;100.0;PIX;Concluído;Instagram
101395;2025-11-01;14:30;Priscila Barbosa;11980000162;São Paulo;SP;Renata Souza;Manutenção de alongamento;Unhas;100.0;PIX;Concluído;Telefone
101396;2025-11-01;14:30;Simone Silva;11980000201;Diadema;SP;Larissa Santos;Manicure;Unhas;33.25;PIX;Concluído;Telefone
101397;2025-11-01;14:30;Rafaela Santos;11980000223;Diadema;SP;Camila Rodrigues;Manutenção de alongamento;Unhas;100.0;Dinheiro;Concluído;Telefone
101398;2025-11-01;15:00;Viviane Silva;11980000402;Diadema;SP;Mariana Silva;Manutenção de alongamento;Unhas;100.0;Dinheiro;Concluído;Instagram
101399;2025-11-01;15:00;Priscila Pereira;11980000353;São Paulo;SP;Fernanda Costa;Manicure;Unhas;35.0;Dinheiro;Concluído;Telefone
101400;2025-11-01;15:30;Elaine Martins;11980000324;Diadema;SP;Mariana Silva;Extensão de cílios;Cílios;180.0;PIX;Concluído;Instagram
101401;2025-11-01;16:00;Elaine Silva;11980000261;Mauá;SP;Fernanda Costa;Manicure + Pedicure;Unhas;70.0;Cartão de crédito;Concluído;Telefone
101402;2025-11-01;16:30;Juliana Costa;11980000004;Santo André;SP;Patrícia Alves;Coloração;Cabelos;160.0;Cartão de débito;Concluído;Instagram
101403;2025-11-01;17:00;Vanessa Lima;11980000342;Mauá;SP;Mariana Silva;Pedicure;Unhas;40.0;Cartão de crédito;Concluído;WhatsApp
101404;2025-11-01;17:00;Elaine Gomes;11980000301;Mauá;SP;Juliana Martins;Manicure;Unhas;35.0;PIX;Concluído;Telefone
101405;2025-11-01;17:30;Priscila Pereira;11980000353;São Paulo;SP;Mariana Silva;Design de sobrancelhas;Sobrancelhas;42.75;PIX;Concluído;Telefone
101406;2025-11-01;18:00;Letícia Carvalho;11980000109;Diadema;SP;Patrícia Alves;Manicure + Pedicure;Unhas;66.5;Dinheiro;Concluído;Instagram
101407;2025-11-03;09:30;Bruna Lima;11980000254;Mauá;SP;Mariana Silva;Manicure;Unhas;35.0;Cartão de débito;Concluído;Presencial
101408;2025-11-03;09:30;Elaine Carvalho;11980000151;Mauá;SP;Camila Rodrigues;Hidratação;Cabelos;0.0;Cartão de crédito;Cancelado;Telefone
101409;2025-11-03;10:00;Rafaela Barbosa;11980000403;São Caetano do Sul;SP;Juliana Martins;Manicure + Pedicure;Unhas;70.0;Dinheiro;Concluído;Telefone
101410;2025-11-03;10:00;Débora Ribeiro;11980000318;São Caetano do Sul;SP;Larissa Santos;Manutenção de cílios;Cílios;0.0;Cartão de crédito;Não Compareceu;Presencial
101411;2025-11-03;10:00;Renata Lima;11980000372;São Caetano do Sul;SP;Camila Rodrigues;Corte feminino;Cabelos;0.0;Cartão de crédito;Não Compareceu;Instagram
101412;2025-11-03;10:30;Priscila Barbosa;11980000162;São Paulo;SP;Larissa Santos;Manicure;Unhas;35.0;PIX;Concluído;Presencial
101413;2025-11-03;13:00;Elaine Santos;11980000176;São Caetano do Sul;SP;Patrícia Alves;Esmaltação em gel;Unhas;80.0;Cartão de débito;Concluído;Presencial
101414;2025-11-03;15:30;Sabrina Souza;11980000286;Diadema;SP;Larissa Santos;Alongamento de unhas;Unhas;150.0;PIX;Concluído;Instagram
101415;2025-11-03;15:30;Mariana Oliveira;11980000002;São Bernardo do Campo;SP;Mariana Silva;Manicure;Unhas;35.0;Dinheiro;Concluído;WhatsApp
101416;2025-11-03;17:00;Raquel Lima;11980000173;Santo André;SP;Juliana Martins;Esmaltação em gel;Unhas;80.0;Dinheiro;Concluído;Telefone
101417;2025-11-03;18:00;Tatiane Martins;11980000406;Santo André;SP;Bruna Oliveira;Manicure;Unhas;35.0;Dinheiro;Concluído;Instagram
101418;2025-11-04;09:00;Elaine Oliveira;11980000158;Diadema;SP;Fernanda Costa;Alongamento de unhas;Unhas;0.0;Cartão de débito;Não Compareceu;Instagram
101419;2025-11-04;09:00;Bruna Gomes;11980000087;Diadema;SP;Renata Souza;Spa dos pés;Estética;65.0;Cartão de débito;Concluído;Instagram
101420;2025-11-04;09:30;Jéssica Almeida;11980000052;São Caetano do Sul;SP;Bruna Oliveira;Manutenção de cílios;Cílios;90.0;Dinheiro;Concluído;Telefone
101421;2025-11-04;10:00;Vanessa Rocha;11980000119;Diadema;SP;Camila Rodrigues;Manicure + Pedicure;Unhas;66.5;Cartão de débito;Concluído;Telefone
101422;2025-11-04;10:30;Sabrina Ferreira;11980000042;São Bernardo do Campo;SP;Mariana Silva;Pedicure;Unhas;40.0;PIX;Concluído;Instagram
101423;2025-11-04;10:30;Bruna Martins;11980000136;São Bernardo do Campo;SP;Mariana Silva;Manicure + Pedicure;Unhas;70.0;Cartão de crédito;Concluído;WhatsApp
101424;2025-11-04;10:30;Camila Mendes;11980000138;Santo André;SP;Camila Rodrigues;Manicure;Unhas;0.0;PIX;Cancelado;WhatsApp
101425;2025-11-04;13:00;Daniela Barbosa;11980000253;Mauá;SP;Renata Souza;Manicure;Unhas;35.0;Dinheiro;Concluído;Telefone
101426;2025-11-04;15:30;Vanessa Lima;11980000245;São Bernardo do Campo;SP;Camila Rodrigues;Manutenção de alongamento;Unhas;100.0;PIX;Concluído;Instagram
101427;2025-11-04;16:30;Paula Oliveira;11980000177;Mauá;SP;Patrícia Alves;Alongamento de unhas;Unhas;150.0;Cartão de débito;Concluído;WhatsApp
101428;2025-11-04;18:00;Beatriz Lima;11980000365;São Caetano do Sul;SP;Juliana Martins;Hidratação;Cabelos;95.0;PIX;Concluído;WhatsApp
101429;2025-11-05;09:00;Amanda Oliveira;11980000112;São Caetano do Sul;SP;Fernanda Costa;Coloração;Cabelos;152.0;PIX;Concluído;WhatsApp
101430;2025-11-05;09:00;Aline Pereira;11980000322;Mauá;SP;Larissa Santos;Spa dos pés;Estética;65.0;PIX;Concluído;Presencial
101431;2025-11-05;09:30;Carla Barbosa;11980000053;Mauá;SP;Patrícia Alves;Pedicure;Unhas;40.0;Dinheiro;Concluído;WhatsApp
101432;2025-11-05;09:30;Mariana Oliveira;11980000002;São Bernardo do Campo;SP;Bruna Oliveira;Manutenção de alongamento;Unhas;100.0;PIX;Concluído;Telefone
101433;2025-11-05;10:30;Viviane Carvalho;11980000354;São Caetano do Sul;SP;Patrícia Alves;Design de sobrancelhas;Sobrancelhas;0.0;Cartão de crédito;Cancelado;Instagram
101434;2025-11-05;13:00;Camila Santos;11980000291;São Paulo;SP;Mariana Silva;Manicure;Unhas;35.0;Cartão de débito;Concluído;Presencial
101435;2025-11-05;13:30;Carla Barbosa;11980000053;Mauá;SP;Larissa Santos;Extensão de cílios;Cílios;180.0;Cartão de crédito;Concluído;WhatsApp
101436;2025-11-05;13:30;Beatriz Lima;11980000365;São Caetano do Sul;SP;Camila Rodrigues;Pedicure;Unhas;40.0;PIX;Concluído;Instagram
101437;2025-11-05;13:30;Marcela Ferreira;11980000106;Santo André;SP;Bruna Oliveira;Manicure + Pedicure;Unhas;70.0;Cartão de débito;Concluído;Telefone
101438;2025-11-05;14:00;Gabriela Barbosa;11980000268;Santo André;SP;Fernanda Costa;Extensão de cílios;Cílios;180.0;Cartão de débito;Concluído;WhatsApp
101439;2025-11-05;14:00;Camila Souza;11980000211;São Caetano do Sul;SP;Bruna Oliveira;Design + Henna;Sobrancelhas;57.0;Cartão de crédito;Concluído;Instagram
101440;2025-11-05;14:00;Larissa Rocha;11980000430;Santo André;SP;Larissa Santos;Coloração;Cabelos;160.0;Cartão de crédito;Concluído;Instagram
101441;2025-11-05;14:30;Raquel Costa;11980000033;São Caetano do Sul;SP;Juliana Martins;Pedicure;Unhas;40.0;Cartão de crédito;Concluído;Instagram
101442;2025-11-05;14:30;Larissa Pereira;11980000105;Santo André;SP;Bruna Oliveira;Manicure;Unhas;35.0;Cartão de débito;Concluído;WhatsApp
101443;2025-11-05;15:00;Simone Santos;11980000320;Mauá;SP;Renata Souza;Hidratação;Cabelos;95.0;Cartão de débito;Concluído;Instagram
101444;2025-11-05;15:30;Gabriela Barbosa;11980000243;São Paulo;SP;Juliana Martins;Design de sobrancelhas;Sobrancelhas;45.0;Cartão de crédito;Concluído;Telefone
101445;2025-11-05;16:00;Camila Rodrigues;11980000009;São Bernardo do Campo;SP;Renata Souza;Design + Henna;Sobrancelhas;60.0;Cartão de crédito;Concluído;Telefone
101446;2025-11-05;16:00;Flávia Mendes;11980000129;Mauá;SP;Fernanda Costa;Design de sobrancelhas;Sobrancelhas;45.0;Cartão de débito;Concluído;Presencial
101447;2025-11-05;16:30;Bianca Ferreira;11980000132;São Paulo;SP;Camila Rodrigues;Corte feminino;Cabelos;85.0;Cartão de débito;Concluído;Presencial
101448;2025-11-05;16:30;Monique Gomes;11980000273;Mauá;SP;Mariana Silva;Esmaltação em gel;Unhas;0.0;PIX;Cancelado;WhatsApp
101449;2025-11-05;17:00;Amanda Carvalho;11980000212;Santo André;SP;Juliana Martins;Manicure + Pedicure;Unhas;66.5;PIX;Concluído;Telefone
101450;2025-11-06;09:00;Beatriz Lima;11980000278;São Bernardo do Campo;SP;Patrícia Alves;Design + Henna;Sobrancelhas;0.0;Dinheiro;Cancelado;Instagram
101451;2025-11-06;10:00;Larissa Santos;11980000175;Diadema;SP;Renata Souza;Design de sobrancelhas;Sobrancelhas;45.0;Cartão de crédito;Concluído;Telefone
101452;2025-11-06;10:30;Débora Martins;11980000408;Diadema;SP;Bruna Oliveira;Hidratação;Cabelos;90.25;Cartão de crédito;Concluído;Telefone
101453;2025-11-06;11:30;Beatriz Rocha;11980000079;Santo André;SP;Juliana Martins;Escova;Cabelos;70.0;PIX;Concluído;WhatsApp
101454;2025-11-06;11:30;Patrícia Santos;11980000213;Diadema;SP;Juliana Martins;Manutenção de alongamento;Unhas;95.0;Cartão de débito;Concluído;Instagram
101455;2025-11-06;13:00;Aline Pereira;11980000322;Mauá;SP;Camila Rodrigues;Design + Henna;Sobrancelhas;60.0;Cartão de crédito;Concluído;WhatsApp
101456;2025-11-06;13:00;Cristiane Ferreira;11980000376;São Paulo;SP;Patrícia Alves;Pedicure;Unhas;40.0;Cartão de débito;Concluído;Presencial
101457;2025-11-06;15:30;Ana Carolina Souza;11980000001;São Paulo;SP;Bruna Oliveira;Extensão de cílios;Cílios;180.0;Cartão de crédito;Concluído;WhatsApp
101458;2025-11-06;16:30;Fernanda Santos;11980000425;Diadema;SP;Renata Souza;Coloração;Cabelos;160.0;Dinheiro;Concluído;Telefone
101459;2025-11-06;16:30;Monique Gomes;11980000273;Mauá;SP;Patrícia Alves;Design + Henna;Sobrancelhas;60.0;Cartão de crédito;Concluído;Instagram
101460;2025-11-07;09:30;Juliana Ribeiro;11980000282;Diadema;SP;Patrícia Alves;Escova;Cabelos;70.0;Cartão de crédito;Concluído;Instagram
101461;2025-11-07;09:30;Beatriz Santos;11980000065;Mauá;SP;Juliana Martins;Manicure;Unhas;0.0;Dinheiro;Cancelado;Telefone
101462;2025-11-07;09:30;Daniela Lima;11980000399;São Paulo;SP;Fernanda Costa;Manicure;Unhas;31.5;Cartão de débito;Concluído;Presencial
101463;2025-11-07;10:00;Amanda Souza;11980000368;São Paulo;SP;Renata Souza;Esmaltação em gel;Unhas;80.0;Cartão de crédito;Concluído;WhatsApp
101464;2025-11-07;10:00;Elaine Moura;11980000026;São Bernardo do Campo;SP;Juliana Martins;Pedicure;Unhas;40.0;PIX;Concluído;Telefone
101465;2025-11-07;11:00;Gabriela Martins;11980000011;Santo André;SP;Renata Souza;Hidratação;Cabelos;95.0;Dinheiro;Concluído;Telefone
101466;2025-11-07;11:30;Juliana Martins;11980000333;Diadema;SP;Patrícia Alves;Manicure;Unhas;35.0;Cartão de crédito;Concluído;Instagram
101467;2025-11-07;11:30;Rafaela Ribeiro;11980000442;Mauá;SP;Camila Rodrigues;Manicure;Unhas;35.0;PIX;Concluído;Instagram
101468;2025-11-07;11:30;Rafaela Rocha;11980000370;São Paulo;SP;Mariana Silva;Manicure + Pedicure;Unhas;70.0;PIX;Concluído;Presencial
101469;2025-11-07;14:00;Juliana Ribeiro;11980000046;Santo André;SP;Mariana Silva;Manutenção de cílios;Cílios;90.0;Dinheiro;Concluído;WhatsApp
101470;2025-11-07;14:00;Tatiane Costa;11980000194;Diadema;SP;Fernanda Costa;Alongamento de unhas;Unhas;150.0;PIX;Concluído;WhatsApp
101471;2025-11-07;14:00;Viviane Costa;11980000307;São Caetano do Sul;SP;Camila Rodrigues;Manicure;Unhas;35.0;Dinheiro;Concluído;Telefone
101472;2025-11-07;14:00;Patrícia Oliveira;11980000121;São Caetano do Sul;SP;Bruna Oliveira;Manicure;Unhas;35.0;Cartão de débito;Concluído;WhatsApp
101473;2025-11-07;14:30;Cristiane Ferreira;11980000376;São Paulo;SP;Camila Rodrigues;Pedicure;Unhas;38.0;Dinheiro;Concluído;WhatsApp
101474;2025-11-07;14:30;Viviane Ferreira;11980000073;Mauá;SP;Bruna Oliveira;Design de sobrancelhas;Sobrancelhas;45.0;Cartão de débito;Concluído;Instagram
101475;2025-11-07;15:30;Bruna Rocha;11980000081;São Caetano do Sul;SP;Mariana Silva;Coloração;Cabelos;160.0;PIX;Concluído;Instagram
101476;2025-11-07;15:30;Larissa Ribeiro;11980000247;Santo André;SP;Juliana Martins;Manutenção de alongamento;Unhas;100.0;PIX;Concluído;Telefone
101477;2025-11-07;16:00;Juliana Mendes;11980000188;São Caetano do Sul;SP;Fernanda Costa;Escova;Cabelos;70.0;PIX;Concluído;WhatsApp
101478;2025-11-07;17:00;Letícia Lima;11980000209;São Bernardo do Campo;SP;Renata Souza;Pedicure;Unhas;40.0;PIX;Concluído;Instagram
101479;2025-11-07;17:30;Beatriz Silva;11980000439;Santo André;SP;Patrícia Alves;Esmaltação em gel;Unhas;80.0;Cartão de crédito;Concluído;Presencial
101480;2025-11-07;17:30;Gabriela Gomes;11980000257;São Caetano do Sul;SP;Camila Rodrigues;Manicure + Pedicure;Unhas;70.0;Dinheiro;Concluído;WhatsApp
101481;2025-11-07;17:30;Rafaela Souza;11980000280;São Caetano do Sul;SP;Patrícia Alves;Design de sobrancelhas;Sobrancelhas;45.0;PIX;Concluído;Telefone
101482;2025-11-07;18:00;Letícia Pereira;11980000189;Mauá;SP;Renata Souza;Design de sobrancelhas;Sobrancelhas;45.0;Cartão de débito;Concluído;Instagram
101483;2025-11-07;18:00;Paula Barbosa;11980000161;Santo André;SP;Bruna Oliveira;Design + Henna;Sobrancelhas;60.0;Cartão de débito;Concluído;WhatsApp
101484;2025-11-08;09:00;Rafaela Gomes;11980000006;São Paulo;SP;Patrícia Alves;Pedicure;Unhas;0.0;PIX;Não Compareceu;WhatsApp
101485;2025-11-08;09:30;Amanda Ferreira;11980000398;Mauá;SP;Bruna Oliveira;Alongamento de unhas;Unhas;135.0;PIX;Concluído;Presencial
101486;2025-11-08;10:00;Vanessa Almeida;11980000311;São Paulo;SP;Camila Rodrigues;Esmaltação em gel;Unhas;80.0;Cartão de débito;Concluído;WhatsApp
101487;2025-11-08;10:30;Rafaela Santos;11980000040;São Paulo;SP;Fernanda Costa;Design de sobrancelhas;Sobrancelhas;45.0;Cartão de débito;Concluído;Telefone
101488;2025-11-08;10:30;Fernanda Santos;11980000425;Diadema;SP;Fernanda Costa;Design de sobrancelhas;Sobrancelhas;45.0;Cartão de crédito;Concluído;WhatsApp
101489;2025-11-08;11:00;Daniela Rocha;11980000172;São Paulo;SP;Bruna Oliveira;Manicure;Unhas;35.0;PIX;Concluído;Presencial
101490;2025-11-08;11:00;Sabrina Oliveira;11980000266;São Paulo;SP;Juliana Martins;Manicure;Unhas;33.25;PIX;Concluído;Instagram
101491;2025-11-08;11:30;Sabrina Lima;11980000100;Diadema;SP;Patrícia Alves;Escova;Cabelos;0.0;Cartão de crédito;Cancelado;WhatsApp
101492;2025-11-08;11:30;Paula Silva;11980000366;Mauá;SP;Larissa Santos;Spa dos pés;Estética;65.0;Dinheiro;Concluído;Presencial
101493;2025-11-08;13:00;Sabrina Carvalho;11980000124;Mauá;SP;Juliana Martins;Design de sobrancelhas;Sobrancelhas;45.0;Cartão de crédito;Concluído;Telefone
101494;2025-11-08;13:00;Jéssica Silva;11980000448;São Caetano do Sul;SP;Camila Rodrigues;Esmaltação em gel;Unhas;76.0;Dinheiro;Concluído;WhatsApp
101495;2025-11-08;13:00;Cristiane Barbosa;11980000123;São Paulo;SP;Renata Souza;Corte feminino;Cabelos;0.0;Cartão de débito;Cancelado;Instagram
101496;2025-11-08;13:00;Renata Lima;11980000372;São Caetano do Sul;SP;Bruna Oliveira;Corte feminino;Cabelos;85.0;Cartão de débito;Concluído;WhatsApp
101497;2025-11-08;13:30;Daniela Almeida;11980000400;Mauá;SP;Renata Souza;Manicure + Pedicure;Unhas;70.0;Cartão de crédito;Concluído;Instagram
101498;2025-11-08;15:00;Cristiane Barbosa;11980000123;São Paulo;SP;Larissa Santos;Manicure + Pedicure;Unhas;70.0;PIX;Concluído;WhatsApp
101499;2025-11-08;15:00;Juliana Souza;11980000426;São Paulo;SP;Camila Rodrigues;Design + Henna;Sobrancelhas;54.0;PIX;Concluído;Telefone
101500;2025-11-08;15:00;Paula Martins;11980000323;São Paulo;SP;Camila Rodrigues;Manutenção de cílios;Cílios;90.0;Dinheiro;Concluído;WhatsApp
101501;2025-11-08;16:30;Bruna Carvalho;11980000357;Mauá;SP;Fernanda Costa;Manicure;Unhas;0.0;PIX;Cancelado;Telefone
101502;2025-11-08;17:00;Natália Carvalho;11980000047;São Paulo;SP;Juliana Martins;Extensão de cílios;Cílios;180.0;PIX;Concluído;Instagram
101503;2025-11-08;17:00;Monique Mendes;11980000419;Santo André;SP;Camila Rodrigues;Alongamento de unhas;Unhas;150.0;Cartão de crédito;Concluído;Instagram
101504;2025-11-08;17:30;Larissa Ribeiro;11980000116;São Bernardo do Campo;SP;Renata Souza;Alongamento de unhas;Unhas;150.0;PIX;Concluído;Presencial
101505;2025-11-08;17:30;Daniela Ribeiro;11980000171;Diadema;SP;Larissa Santos;Design + Henna;Sobrancelhas;57.0;Cartão de débito;Concluído;WhatsApp
101506;2025-11-10;09:00;Luciana Ferreira;11980000235;São Caetano do Sul;SP;Bruna Oliveira;Spa dos pés;Estética;65.0;Cartão de crédito;Concluído;Telefone
101507;2025-11-10;09:30;Beatriz Oliveira;11980000329;São Caetano do Sul;SP;Bruna Oliveira;Design de sobrancelhas;Sobrancelhas;45.0;Cartão de crédito;Concluído;Telefone
101508;2025-11-10;09:30;Daniela Freitas;11980000025;Diadema;SP;Juliana Martins;Alongamento de unhas;Unhas;150.0;Cartão de débito;Concluído;WhatsApp
101509;2025-11-10;11:00;Viviane Ferreira;11980000073;Mauá;SP;Bruna Oliveira;Manicure + Pedicure;Unhas;70.0;Cartão de débito;Concluído;Instagram
101510;2025-11-10;11:30;Gabriela Lima;11980000321;Mauá;SP;Camila Rodrigues;Escova;Cabelos;70.0;Cartão de crédito;Concluído;Presencial
101511;2025-11-10;13:00;Tatiane Oliveira;11980000258;São Paulo;SP;Renata Souza;Manicure;Unhas;33.25;Cartão de débito;Concluído;WhatsApp
101512;2025-11-10;13:30;Bianca Ribeiro;11980000288;São Paulo;SP;Renata Souza;Esmaltação em gel;Unhas;80.0;Cartão de débito;Concluído;Instagram
101513;2025-11-10;14:30;Luciana Carvalho;11980000337;Mauá;SP;Camila Rodrigues;Escova;Cabelos;63.0;Cartão de débito;Concluído;WhatsApp
101514;2025-11-10;15:00;Beatriz Oliveira;11980000393;Diadema;SP;Renata Souza;Escova;Cabelos;70.0;PIX;Concluído;Instagram
101515;2025-11-10;16:00;Priscila Mendes;11980000308;São Bernardo do Campo;SP;Bruna Oliveira;Corte feminino;Cabelos;85.0;PIX;Concluído;Presencial
101516;2025-11-10;16:30;Viviane Ferreira;11980000440;Santo André;SP;Mariana Silva;Manicure;Unhas;33.25;Cartão de crédito;Concluído;Presencial
101517;2025-11-10;17:30;Fernanda Santos;11980000425;Diadema;SP;Renata Souza;Manicure;Unhas;35.0;PIX;Concluído;Instagram
101518;2025-11-11;09:30;Renata Lima;11980000372;São Caetano do Sul;SP;Larissa Santos;Corte feminino;Cabelos;0.0;PIX;Não Compareceu;Telefone
101519;2025-11-11;09:30;Marcela Rocha;11980000221;Diadema;SP;Fernanda Costa;Manicure + Pedicure;Unhas;70.0;Cartão de crédito;Concluído;WhatsApp
101520;2025-11-11;10:00;Aline Barbosa;11980000056;São Caetano do Sul;SP;Larissa Santos;Esmaltação em gel;Unhas;76.0;Cartão de crédito;Concluído;Instagram
101521;2025-11-11;11:00;Bianca Silva;11980000391;São Caetano do Sul;SP;Bruna Oliveira;Design + Henna;Sobrancelhas;60.0;PIX;Concluído;Presencial
101522;2025-11-11;11:30;Flávia Pereira;11980000348;Diadema;SP;Juliana Martins;Manicure;Unhas;35.0;PIX;Concluído;Presencial
101523;2025-11-11;14:00;Amanda Ribeiro;11980000012;Diadema;SP;Bruna Oliveira;Corte feminino;Cabelos;85.0;Cartão de crédito;Concluído;Presencial
101524;2025-11-11;14:30;Amanda Oliveira;11980000112;São Caetano do Sul;SP;Larissa Santos;Manicure;Unhas;35.0;PIX;Concluído;Instagram
101525;2025-11-11;16:00;Bianca Costa;11980000226;Mauá;SP;Larissa Santos;Design de sobrancelhas;Sobrancelhas;42.75;Dinheiro;Concluído;Presencial
101526;2025-11-11;16:00;Gabriela Silva;11980000443;São Caetano do Sul;SP;Mariana Silva;Manicure;Unhas;31.5;PIX;Concluído;WhatsApp
101527;2025-11-11;17:30;Carla Lima;11980000122;Santo André;SP;Mariana Silva;Manicure;Unhas;35.0;Cartão de débito;Concluído;Instagram
101528;2025-11-12;09:00;Sabrina Oliveira;11980000266;São Paulo;SP;Patrícia Alves;Hidratação;Cabelos;95.0;PIX;Concluído;Instagram
101529;2025-11-12;09:00;Patrícia Almeida;11980000118;São Caetano do Sul;SP;Larissa Santos;Coloração;Cabelos;160.0;Dinheiro;Concluído;WhatsApp
101530;2025-11-12;09:30;Raquel Carvalho;11980000168;Santo André;SP;Bruna Oliveira;Spa dos pés;Estética;65.0;Cartão de débito;Concluído;Telefone
101531;2025-11-12;11:00;Viviane Silva;11980000402;Diadema;SP;Camila Rodrigues;Coloração;Cabelos;152.0;PIX;Concluído;WhatsApp
101532;2025-11-12;11:30;Monique Lima;11980000449;São Bernardo do Campo;SP;Juliana Martins;Escova;Cabelos;70.0;Cartão de débito;Concluído;Telefone
101533;2025-11-12;13:30;Natália Carvalho;11980000047;São Paulo;SP;Mariana Silva;Corte feminino;Cabelos;85.0;Dinheiro;Concluído;Presencial
101534;2025-11-12;15:00;Elaine Barbosa;11980000332;São Bernardo do Campo;SP;Patrícia Alves;Manicure + Pedicure;Unhas;70.0;PIX;Concluído;Telefone
101535;2025-11-12;15:00;Flávia Pereira;11980000348;Diadema;SP;Mariana Silva;Manicure;Unhas;33.25;Dinheiro;Concluído;Telefone
101536;2025-11-12;16:00;Vanessa Lima;11980000233;Mauá;SP;Larissa Santos;Extensão de cílios;Cílios;180.0;Dinheiro;Concluído;Presencial
101537;2025-11-12;16:30;Viviane Silva;11980000402;Diadema;SP;Larissa Santos;Pedicure;Unhas;38.0;Cartão de crédito;Concluído;Instagram
101538;2025-11-12;16:30;Débora Gomes;11980000310;São Paulo;SP;Renata Souza;Design + Henna;Sobrancelhas;0.0;Cartão de débito;Não Compareceu;Telefone
101539;2025-11-12;16:30;Carla Barbosa;11980000053;Mauá;SP;Renata Souza;Pedicure;Unhas;40.0;Cartão de débito;Concluído;Presencial
101540;2025-11-12;17:00;Patrícia Martins;11980000274;Santo André;SP;Juliana Martins;Corte feminino;Cabelos;85.0;Dinheiro;Concluído;Instagram
101541;2025-11-12;18:00;Priscila Ribeiro;11980000178;São Paulo;SP;Larissa Santos;Design de sobrancelhas;Sobrancelhas;45.0;PIX;Concluído;Presencial
101542;2025-11-12;18:00;Isabela Santos;11980000208;Mauá;SP;Patrícia Alves;Manutenção de cílios;Cílios;90.0;Cartão de crédito;Concluído;Instagram
101543;2025-11-13;09:30;Patrícia Barbosa;11980000196;São Caetano do Sul;SP;Mariana Silva;Design + Henna;Sobrancelhas;60.0;PIX;Concluído;Instagram
101544;2025-11-13;10:00;Larissa Santos;11980000175;Diadema;SP;Bruna Oliveira;Pedicure;Unhas;40.0;Cartão de débito;Concluído;Telefone
101545;2025-11-13;13:30;Monique Rocha;11980000350;São Caetano do Sul;SP;Fernanda Costa;Escova;Cabelos;70.0;Cartão de crédito;Concluído;WhatsApp
101546;2025-11-13;14:00;Daniela Lima;11980000399;São Paulo;SP;Mariana Silva;Escova;Cabelos;70.0;Dinheiro;Concluído;Presencial
101547;2025-11-13;14:00;Monique Rocha;11980000350;São Caetano do Sul;SP;Renata Souza;Manicure + Pedicure;Unhas;70.0;Cartão de débito;Concluído;Presencial
101548;2025-11-13;14:30;Camila Rodrigues;11980000009;São Bernardo do Campo;SP;Mariana Silva;Manutenção de cílios;Cílios;90.0;Cartão de crédito;Concluído;Telefone
101549;2025-11-13;14:30;Viviane Barbosa;11980000101;São Bernardo do Campo;SP;Patrícia Alves;Manicure + Pedicure;Unhas;70.0;Cartão de crédito;Concluído;Instagram
101550;2025-11-13;15:00;Rafaela Rocha;11980000370;São Paulo;SP;Larissa Santos;Pedicure;Unhas;40.0;Cartão de crédito;Concluído;Instagram
101551;2025-11-13;15:30;Carla Gomes;11980000445;São Caetano do Sul;SP;Renata Souza;Manicure + Pedicure;Unhas;70.0;PIX;Concluído;Presencial
101552;2025-11-13;17:00;Elaine Barbosa;11980000394;São Bernardo do Campo;SP;Patrícia Alves;Manicure;Unhas;31.5;PIX;Concluído;WhatsApp
101553;2025-11-13;17:30;Bruna Almeida;11980000369;Mauá;SP;Larissa Santos;Esmaltação em gel;Unhas;76.0;Cartão de crédito;Concluído;Presencial
101554;2025-11-13;17:30;Camila Costa;11980000190;São Paulo;SP;Mariana Silva;Manicure;Unhas;31.5;Dinheiro;Concluído;Telefone
101555;2025-11-13;18:00;Aline Pereira;11980000322;Mauá;SP;Juliana Martins;Hidratação;Cabelos;90.25;PIX;Concluído;WhatsApp
101556;2025-11-14;09:00;Gabriela Lima;11980000330;Mauá;SP;Bruna Oliveira;Manicure;Unhas;33.25;Cartão de crédito;Concluído;Telefone
101557;2025-11-14;09:30;Priscila Ribeiro;11980000436;São Paulo;SP;Camila Rodrigues;Hidratação;Cabelos;95.0;Cartão de débito;Concluído;Instagram
101558;2025-11-14;10:00;Jéssica Almeida;11980000052;São Caetano do Sul;SP;Bruna Oliveira;Escova;Cabelos;70.0;Cartão de crédito;Concluído;Instagram
101559;2025-11-14;10:00;Monique Santos;11980000031;Diadema;SP;Bruna Oliveira;Manutenção de cílios;Cílios;90.0;Dinheiro;Concluído;Instagram
101560;2025-11-14;11:00;Renata Oliveira;11980000429;São Bernardo do Campo;SP;Juliana Martins;Manicure;Unhas;35.0;PIX;Concluído;WhatsApp
101561;2025-11-14;11:00;Bruna Carvalho;11980000357;Mauá;SP;Larissa Santos;Design de sobrancelhas;Sobrancelhas;45.0;PIX;Concluído;Instagram
101562;2025-11-14;11:00;Patrícia Oliveira;11980000121;São Caetano do Sul;SP;Mariana Silva;Alongamento de unhas;Unhas;0.0;Dinheiro;Cancelado;Presencial
101563;2025-11-14;11:30;Raquel Silva;11980000341;São Caetano do Sul;SP;Larissa Santos;Pedicure;Unhas;40.0;Dinheiro;Concluído;Telefone
101564;2025-11-14;11:30;Renata Oliveira;11980000429;São Bernardo do Campo;SP;Camila Rodrigues;Manicure + Pedicure;Unhas;70.0;Cartão de crédito;Concluído;Instagram
101565;2025-11-14;11:30;Larissa Pereira;11980000105;Santo André;SP;Larissa Santos;Manicure + Pedicure;Unhas;70.0;Dinheiro;Concluído;WhatsApp
101566;2025-11-14;11:30;Daniela Ferreira;11980000108;Mauá;SP;Juliana Martins;Esmaltação em gel;Unhas;80.0;PIX;Concluído;Instagram
101567;2025-11-14;11:30;Elaine Martins;11980000374;São Paulo;SP;Juliana Martins;Alongamento de unhas;Unhas;150.0;PIX;Concluído;Instagram
101568;2025-11-14;13:00;Raquel Costa;11980000033;São Caetano do Sul;SP;Larissa Santos;Extensão de cílios;Cílios;171.0;Cartão de crédito;Concluído;Instagram
101569;2025-11-14;13:30;Larissa Oliveira;11980000074;São Caetano do Sul;SP;Larissa Santos;Coloração;Cabelos;160.0;Dinheiro;Concluído;Telefone
101570;2025-11-14;13:30;Elaine Gomes;11980000301;Mauá;SP;Renata Souza;Manicure;Unhas;35.0;PIX;Concluído;Telefone
101571;2025-11-14;14:00;Mariana Rocha;11980000383;São Caetano do Sul;SP;Mariana Silva;Design de sobrancelhas;Sobrancelhas;45.0;Dinheiro;Concluído;WhatsApp
101572;2025-11-14;14:00;Tatiane Gomes;11980000230;Santo André;SP;Mariana Silva;Manicure;Unhas;0.0;Cartão de crédito;Cancelado;WhatsApp
101573;2025-11-14;14:30;Flávia Almeida;11980000285;São Paulo;SP;Patrícia Alves;Design + Henna;Sobrancelhas;60.0;Dinheiro;Concluído;Presencial
101574;2025-11-14;15:00;Rafaela Ribeiro;11980000153;São Paulo;SP;Patrícia Alves;Manicure;Unhas;35.0;Cartão de débito;Concluído;Telefone
101575;2025-11-14;15:00;Viviane Lima;11980000036;Mauá;SP;Renata Souza;Manicure;Unhas;35.0;Cartão de crédito;Concluído;Presencial
101576;2025-11-14;15:00;Vanessa Lima;11980000233;Mauá;SP;Juliana Martins;Manicure + Pedicure;Unhas;70.0;Cartão de crédito;Concluído;Telefone
101577;2025-11-14;15:00;Cristiane Ferreira;11980000376;São Paulo;SP;Bruna Oliveira;Coloração;Cabelos;160.0;Cartão de débito;Concluído;Instagram
101578;2025-11-14;15:30;Monique Ribeiro;11980000407;São Paulo;SP;Camila Rodrigues;Manicure;Unhas;35.0;Cartão de débito;Concluído;Telefone
101579;2025-11-14;15:30;Luciana Mendes;11980000146;São Caetano do Sul;SP;Juliana Martins;Manicure;Unhas;35.0;Dinheiro;Concluído;WhatsApp
101580;2025-11-14;17:30;Débora Ribeiro;11980000318;São Caetano do Sul;SP;Renata Souza;Escova;Cabelos;70.0;PIX;Concluído;Presencial
101581;2025-11-14;18:00;Marcela Vieira;11980000030;São Paulo;SP;Mariana Silva;Hidratação;Cabelos;95.0;Dinheiro;Concluído;Telefone
101582;2025-11-14;18:00;Raquel Silva;11980000167;Santo André;SP;Patrícia Alves;Design de sobrancelhas;Sobrancelhas;45.0;Dinheiro;Concluído;Instagram
101583;2025-11-14;18:00;Larissa Santos;11980000248;São Bernardo do Campo;SP;Patrícia Alves;Manicure;Unhas;35.0;Cartão de débito;Concluído;Telefone
101584;2025-11-15;10:00;Fernanda Lima;11980000003;São Paulo;SP;Bruna Oliveira;Spa dos pés;Estética;65.0;Dinheiro;Concluído;WhatsApp
101585;2025-11-15;11:00;Daniela Ferreira;11980000108;Mauá;SP;Juliana Martins;Manicure;Unhas;35.0;Cartão de crédito;Concluído;Telefone
101586;2025-11-15;11:00;Vanessa Gomes;11980000075;Santo André;SP;Bruna Oliveira;Manicure;Unhas;35.0;PIX;Concluído;WhatsApp
101587;2025-11-15;11:00;Carla Almeida;11980000444;Diadema;SP;Larissa Santos;Alongamento de unhas;Unhas;150.0;PIX;Concluído;Presencial
101588;2025-11-15;11:00;Paula Mendes;11980000296;São Caetano do Sul;SP;Mariana Silva;Spa dos pés;Estética;65.0;Dinheiro;Concluído;Instagram
101589;2025-11-15;11:30;Mariana Oliveira;11980000207;São Caetano do Sul;SP;Juliana Martins;Manicure;Unhas;35.0;PIX;Concluído;Telefone
101590;2025-11-15;13:00;Tatiane Mendes;11980000340;Mauá;SP;Camila Rodrigues;Manicure;Unhas;35.0;Cartão de crédito;Concluído;Instagram
101591;2025-11-15;13:00;Raquel Rocha;11980000339;Mauá;SP;Larissa Santos;Corte feminino;Cabelos;0.0;Cartão de crédito;Cancelado;WhatsApp
101592;2025-11-15;13:30;Raquel Silva;11980000167;Santo André;SP;Mariana Silva;Extensão de cílios;Cílios;180.0;Cartão de crédito;Concluído;Telefone
101593;2025-11-15;14:00;Paula Mendes;11980000032;Santo André;SP;Camila Rodrigues;Pedicure;Unhas;0.0;Cartão de crédito;Não Compareceu;Presencial
101594;2025-11-15;15:00;Bruna Almeida;11980000369;Mauá;SP;Juliana Martins;Pedicure;Unhas;40.0;Cartão de crédito;Concluído;WhatsApp
101595;2025-11-15;15:00;Renata Silva;11980000149;Santo André;SP;Renata Souza;Coloração;Cabelos;160.0;Cartão de débito;Concluído;Presencial
101596;2025-11-15;15:00;Bianca Costa;11980000226;Mauá;SP;Juliana Martins;Pedicure;Unhas;40.0;Dinheiro;Concluído;Presencial
101597;2025-11-15;15:00;Elaine Carvalho;11980000151;Mauá;SP;Renata Souza;Manutenção de alongamento;Unhas;100.0;PIX;Concluído;Presencial
101598;2025-11-15;15:00;Paula Barbosa;11980000331;Diadema;SP;Juliana Martins;Escova;Cabelos;70.0;PIX;Concluído;Instagram
101599;2025-11-15;15:30;Simone Oliveira;11980000416;Mauá;SP;Juliana Martins;Manicure;Unhas;35.0;PIX;Concluído;Instagram
101600;2025-11-15;15:30;Beatriz Barbosa;11980000179;São Bernardo do Campo;SP;Renata Souza;Extensão de cílios;Cílios;180.0;Cartão de débito;Concluído;Presencial
101601;2025-11-15;15:30;Natália Mendes;11980000413;Mauá;SP;Renata Souza;Extensão de cílios;Cílios;171.0;Dinheiro;Concluído;WhatsApp
101602;2025-11-15;15:30;Juliana Costa;11980000359;Diadema;SP;Mariana Silva;Spa dos pés;Estética;65.0;PIX;Concluído;WhatsApp
101603;2025-11-15;16:00;Luciana Mendes;11980000146;São Caetano do Sul;SP;Camila Rodrigues;Escova;Cabelos;66.5;Cartão de crédito;Concluído;WhatsApp
101604;2025-11-15;17:00;Simone Silva;11980000137;São Caetano do Sul;SP;Bruna Oliveira;Manicure;Unhas;35.0;Dinheiro;Concluído;Presencial
101605;2025-11-15;17:00;Viviane Gomes;11980000313;Diadema;SP;Juliana Martins;Pedicure;Unhas;40.0;Dinheiro;Concluído;Instagram
101606;2025-11-15;17:30;Vanessa Martins;11980000020;São Bernardo do Campo;SP;Camila Rodrigues;Pedicure;Unhas;40.0;Dinheiro;Concluído;Presencial
101607;2025-11-17;09:00;Juliana Santos;11980000071;São Paulo;SP;Fernanda Costa;Manutenção de alongamento;Unhas;100.0;PIX;Concluído;WhatsApp
101608;2025-11-17;09:30;Beatriz Lima;11980000365;São Caetano do Sul;SP;Renata Souza;Manicure + Pedicure;Unhas;70.0;Cartão de débito;Concluído;Telefone
101609;2025-11-17;09:30;Isabela Silva;11980000238;São Caetano do Sul;SP;Juliana Martins;Pedicure;Unhas;40.0;PIX;Concluído;Presencial
101610;2025-11-17;10:00;Letícia Carvalho;11980000109;Diadema;SP;Camila Rodrigues;Pedicure;Unhas;40.0;Cartão de crédito;Concluído;Presencial
101611;2025-11-17;10:30;Beatriz Santos;11980000065;Mauá;SP;Fernanda Costa;Esmaltação em gel;Unhas;72.0;Cartão de débito;Concluído;Instagram
101612;2025-11-17;11:30;Jéssica Martins;11980000028;Mauá;SP;Bruna Oliveira;Manicure;Unhas;35.0;Dinheiro;Concluído;Instagram
101613;2025-11-17;14:30;Natália Ribeiro;11980000424;São Caetano do Sul;SP;Camila Rodrigues;Pedicure;Unhas;40.0;PIX;Concluído;Telefone
101614;2025-11-17;15:30;Viviane Ferreira;11980000073;Mauá;SP;Fernanda Costa;Pedicure;Unhas;40.0;Cartão de débito;Concluído;Instagram
101615;2025-11-17;16:00;Cristiane Martins;11980000252;Santo André;SP;Fernanda Costa;Pedicure;Unhas;40.0;Cartão de crédito;Concluído;Presencial
101616;2025-11-17;16:30;Vanessa Martins;11980000020;São Bernardo do Campo;SP;Renata Souza;Manicure;Unhas;35.0;PIX;Concluído;Telefone
101617;2025-11-17;16:30;Bianca Silva;11980000391;São Caetano do Sul;SP;Juliana Martins;Esmaltação em gel;Unhas;80.0;PIX;Concluído;Telefone
101618;2025-11-17;17:00;Isabela Santos;11980000208;Mauá;SP;Larissa Santos;Design de sobrancelhas;Sobrancelhas;45.0;Cartão de débito;Concluído;Telefone
101619;2025-11-18;10:00;Bianca Ferreira;11980000300;São Caetano do Sul;SP;Renata Souza;Esmaltação em gel;Unhas;80.0;Cartão de débito;Concluído;Telefone
101620;2025-11-18;10:30;Natália Carvalho;11980000102;Mauá;SP;Larissa Santos;Design de sobrancelhas;Sobrancelhas;45.0;Dinheiro;Concluído;Telefone
101621;2025-11-18;10:30;Carla Barbosa;11980000053;Mauá;SP;Bruna Oliveira;Corte feminino;Cabelos;85.0;Dinheiro;Concluído;WhatsApp
101622;2025-11-18;11:30;Renata Souza;11980000128;Mauá;SP;Juliana Martins;Manicure + Pedicure;Unhas;70.0;PIX;Concluído;Telefone
101623;2025-11-18;13:00;Bianca Ribeiro;11980000288;São Paulo;SP;Camila Rodrigues;Manicure + Pedicure;Unhas;66.5;Cartão de crédito;Concluído;Presencial
101624;2025-11-18;13:30;Luciana Lima;11980000249;São Paulo;SP;Larissa Santos;Design de sobrancelhas;Sobrancelhas;45.0;Cartão de crédito;Concluído;Presencial
101625;2025-11-18;15:00;Patrícia Santos;11980000213;Diadema;SP;Bruna Oliveira;Manicure;Unhas;35.0;PIX;Concluído;WhatsApp
101626;2025-11-18;16:00;Elaine Barbosa;11980000332;São Bernardo do Campo;SP;Larissa Santos;Corte feminino;Cabelos;85.0;Dinheiro;Concluído;WhatsApp
101627;2025-11-18;16:30;Monique Gomes;11980000273;Mauá;SP;Mariana Silva;Manutenção de alongamento;Unhas;100.0;Dinheiro;Concluído;WhatsApp
101628;2025-11-18;17:30;Natália Barbosa;11980000269;Mauá;SP;Renata Souza;Escova;Cabelos;63.0;PIX;Concluído;Presencial
101629;2025-11-19;09:00;Larissa Lima;11980000260;Santo André;SP;Mariana Silva;Manutenção de alongamento;Unhas;100.0;PIX;Concluído;Telefone
101630;2025-11-19;10:00;Raquel Gomes;11980000432;Santo André;SP;Renata Souza;Alongamento de unhas;Unhas;150.0;Dinheiro;Concluído;WhatsApp
101631;2025-11-19;10:30;Cristiane Santos;11980000378;Mauá;SP;Fernanda Costa;Design de sobrancelhas;Sobrancelhas;0.0;Dinheiro;Não Compareceu;WhatsApp
101632;2025-11-19;11:30;Flávia Cardoso;11980000027;Diadema;SP;Larissa Santos;Escova;Cabelos;70.0;Dinheiro;Concluído;Instagram
101633;2025-11-19;14:00;Raquel Rocha;11980000339;Mauá;SP;Camila Rodrigues;Design de sobrancelhas;Sobrancelhas;45.0;PIX;Concluído;Presencial
101634;2025-11-19;14:00;Bruna Rocha;11980000081;São Caetano do Sul;SP;Larissa Santos;Design + Henna;Sobrancelhas;60.0;Dinheiro;Concluído;Instagram
101635;2025-11-19;15:00;Natália Rocha;11980000277;Santo André;SP;Camila Rodrigues;Alongamento de unhas;Unhas;142.5;PIX;Concluído;Instagram
101636;2025-11-19;15:30;Letícia Souza;11980000389;Santo André;SP;Juliana Martins;Manutenção de alongamento;Unhas;100.0;Cartão de crédito;Concluído;Presencial
101637;2025-11-19;16:00;Larissa Souza;11980000418;São Bernardo do Campo;SP;Juliana Martins;Spa dos pés;Estética;65.0;Cartão de débito;Concluído;Instagram
101638;2025-11-19;17:00;Beatriz Gomes;11980000076;Mauá;SP;Juliana Martins;Manicure;Unhas;0.0;Cartão de débito;Cancelado;WhatsApp
101639;2025-11-20;09:30;Beatriz Santos;11980000298;São Caetano do Sul;SP;Bruna Oliveira;Pedicure;Unhas;40.0;Dinheiro;Concluído;Telefone
101640;2025-11-20;09:30;Marcela Gomes;11980000316;São Bernardo do Campo;SP;Juliana Martins;Manutenção de alongamento;Unhas;100.0;Cartão de débito;Concluído;Presencial
101641;2025-11-20;09:30;Jéssica Santos;11980000297;Diadema;SP;Larissa Santos;Design + Henna;Sobrancelhas;60.0;Cartão de débito;Concluído;WhatsApp
101642;2025-11-20;10:00;Camila Carvalho;11980000218;Mauá;SP;Camila Rodrigues;Design de sobrancelhas;Sobrancelhas;45.0;PIX;Concluído;WhatsApp
101643;2025-11-20;10:00;Jéssica Lima;11980000427;Mauá;SP;Patrícia Alves;Manicure;Unhas;35.0;Dinheiro;Concluído;WhatsApp
101644;2025-11-20;11:00;Juliana Santos;11980000071;São Paulo;SP;Fernanda Costa;Alongamento de unhas;Unhas;0.0;Dinheiro;Não Compareceu;WhatsApp
101645;2025-11-20;11:30;Elaine Gomes;11980000301;Mauá;SP;Renata Souza;Manicure + Pedicure;Unhas;0.0;Cartão de crédito;Não Compareceu;Presencial
101646;2025-11-20;13:30;Elaine Souza;11980000091;São Caetano do Sul;SP;Larissa Santos;Manicure + Pedicure;Unhas;70.0;Dinheiro;Concluído;Presencial
101647;2025-11-20;14:00;Patrícia Rocha;11980000085;Mauá;SP;Mariana Silva;Corte feminino;Cabelos;85.0;Dinheiro;Concluído;WhatsApp
101648;2025-11-20;16:00;Ana Carolina Souza;11980000001;São Paulo;SP;Renata Souza;Pedicure;Unhas;40.0;Cartão de crédito;Concluído;Presencial
101649;2025-11-20;16:30;Aline Barbosa;11980000056;São Caetano do Sul;SP;Renata Souza;Pedicure;Unhas;40.0;Cartão de débito;Concluído;Instagram
101650;2025-11-20;16:30;Renata Martins;11980000133;São Caetano do Sul;SP;Juliana Martins;Escova;Cabelos;70.0;Dinheiro;Concluído;Instagram
101651;2025-11-20;17:00;Tatiane Silva;11980000262;São Paulo;SP;Fernanda Costa;Manicure;Unhas;35.0;Cartão de débito;Concluído;Instagram
101652;2025-11-20;18:00;Bianca Lopes;11980000023;Diadema;SP;Fernanda Costa;Manicure + Pedicure;Unhas;70.0;Cartão de débito;Concluído;WhatsApp
101653;2025-11-21;09:00;Monique Santos;11980000031;Diadema;SP;Camila Rodrigues;Manutenção de cílios;Cílios;90.0;Dinheiro;Concluído;Presencial
101654;2025-11-21;09:30;Débora Gomes;11980000310;São Paulo;SP;Mariana Silva;Pedicure;Unhas;40.0;Dinheiro;Concluído;Instagram
101655;2025-11-21;10:00;Rafaela Gomes;11980000356;Diadema;SP;Camila Rodrigues;Manicure + Pedicure;Unhas;70.0;Dinheiro;Concluído;WhatsApp
101656;2025-11-21;10:00;Cristiane Carvalho;11980000287;São Paulo;SP;Patrícia Alves;Pedicure;Unhas;40.0;Cartão de débito;Concluído;WhatsApp
101657;2025-11-21;10:30;Camila Silva;11980000041;São Paulo;SP;Patrícia Alves;Manicure + Pedicure;Unhas;70.0;Cartão de débito;Concluído;Presencial
101658;2025-11-21;11:00;Vanessa Lima;11980000245;São Bernardo do Campo;SP;Larissa Santos;Manicure + Pedicure;Unhas;70.0;PIX;Concluído;WhatsApp
101659;2025-11-21;11:30;Natália Oliveira;11980000061;Mauá;SP;Patrícia Alves;Manicure;Unhas;0.0;Dinheiro;Cancelado;Presencial
101660;2025-11-21;11:30;Cristiane Martins;11980000039;São Bernardo do Campo;SP;Patrícia Alves;Manutenção de cílios;Cílios;90.0;Cartão de débito;Concluído;Presencial
101661;2025-11-21;14:00;Paula Mendes;11980000414;Diadema;SP;Patrícia Alves;Manicure + Pedicure;Unhas;66.5;Cartão de débito;Concluído;Presencial
101662;2025-11-21;14:00;Ana Souza;11980000420;Mauá;SP;Patrícia Alves;Manicure + Pedicure;Unhas;0.0;Cartão de crédito;Cancelado;Telefone
101663;2025-11-21;14:30;Isabela Mendes;11980000135;São Caetano do Sul;SP;Patrícia Alves;Manicure;Unhas;35.0;Cartão de débito;Concluído;Presencial
101664;2025-11-21;14:30;Larissa Santos;11980000175;Diadema;SP;Camila Rodrigues;Design de sobrancelhas;Sobrancelhas;45.0;Cartão de crédito;Concluído;WhatsApp
101665;2025-11-21;15:00;Isabela Barbosa;11980000117;São Paulo;SP;Bruna Oliveira;Pedicure;Unhas;40.0;Cartão de crédito;Concluído;Telefone
101666;2025-11-21;15:00;Rafaela Souza;11980000438;São Caetano do Sul;SP;Patrícia Alves;Manutenção de cílios;Cílios;90.0;PIX;Concluído;Telefone
101667;2025-11-21;15:00;Raquel Carvalho;11980000168;Santo André;SP;Mariana Silva;Design de sobrancelhas;Sobrancelhas;45.0;PIX;Concluído;Instagram
101668;2025-11-21;15:30;Camila Carvalho;11980000218;Mauá;SP;Patrícia Alves;Pedicure;Unhas;38.0;Dinheiro;Concluído;Instagram
101669;2025-11-21;16:00;Elaine Santos;11980000176;São Caetano do Sul;SP;Renata Souza;Manutenção de alongamento;Unhas;100.0;PIX;Concluído;Telefone
101670;2025-11-21;16:00;Raquel Carvalho;11980000168;Santo André;SP;Mariana Silva;Design de sobrancelhas;Sobrancelhas;45.0;PIX;Concluído;Telefone
101671;2025-11-21;16:00;Aline Pereira;11980000319;São Paulo;SP;Patrícia Alves;Corte feminino;Cabelos;0.0;Dinheiro;Cancelado;Instagram
101672;2025-11-21;16:30;Letícia Silva;11980000411;Santo André;SP;Fernanda Costa;Manutenção de alongamento;Unhas;100.0;Cartão de crédito;Concluído;Presencial
101673;2025-11-21;16:30;Monique Rocha;11980000350;São Caetano do Sul;SP;Fernanda Costa;Escova;Cabelos;70.0;Dinheiro;Concluído;Presencial
101674;2025-11-21;17:30;Rafaela Rocha;11980000370;São Paulo;SP;Patrícia Alves;Manicure;Unhas;0.0;Cartão de crédito;Não Compareceu;Presencial
101675;2025-11-22;09:00;Patrícia Ferreira;11980000008;São Bernardo do Campo;SP;Patrícia Alves;Pedicure;Unhas;40.0;Dinheiro;Concluído;Presencial
101676;2025-11-22;09:30;Paula Silva;11980000366;Mauá;SP;Camila Rodrigues;Design + Henna;Sobrancelhas;60.0;PIX;Concluído;Presencial
101677;2025-11-22;09:30;Elaine Gomes;11980000301;Mauá;SP;Patrícia Alves;Hidratação;Cabelos;95.0;Cartão de débito;Concluído;Instagram
101678;2025-11-22;10:30;Luciana Almeida;11980000309;São Paulo;SP;Renata Souza;Manutenção de alongamento;Unhas;100.0;Cartão de débito;Concluído;WhatsApp
101679;2025-11-22;11:30;Juliana Souza;11980000426;São Paulo;SP;Renata Souza;Design de sobrancelhas;Sobrancelhas;45.0;Cartão de crédito;Concluído;WhatsApp
101680;2025-11-22;11:30;Raquel Gomes;11980000432;Santo André;SP;Bruna Oliveira;Manicure + Pedicure;Unhas;66.5;Cartão de débito;Concluído;Telefone
101681;2025-11-22;13:00;Débora Costa;11980000134;São Paulo;SP;Fernanda Costa;Manutenção de alongamento;Unhas;100.0;Cartão de débito;Concluído;Presencial
101682;2025-11-22;13:00;Flávia Lima;11980000089;Diadema;SP;Camila Rodrigues;Extensão de cílios;Cílios;180.0;PIX;Concluído;WhatsApp
101683;2025-11-22;13:00;Carla Lima;11980000433;Mauá;SP;Juliana Martins;Manicure;Unhas;35.0;Dinheiro;Concluído;Presencial
101684;2025-11-22;13:00;Amanda Mendes;11980000127;São Bernardo do Campo;SP;Camila Rodrigues;Pedicure;Unhas;40.0;Cartão de crédito;Concluído;Instagram
101685;2025-11-22;13:30;Simone Silva;11980000137;São Caetano do Sul;SP;Renata Souza;Manicure + Pedicure;Unhas;70.0;PIX;Concluído;WhatsApp
101686;2025-11-22;14:00;Flávia Martins;11980000344;São Paulo;SP;Renata Souza;Esmaltação em gel;Unhas;80.0;Cartão de débito;Concluído;Presencial
101687;2025-11-22;14:30;Natália Martins;11980000131;São Paulo;SP;Fernanda Costa;Design + Henna;Sobrancelhas;60.0;Cartão de débito;Concluído;Instagram
101688;2025-11-22;16:00;Monique Rocha;11980000350;São Caetano do Sul;SP;Juliana Martins;Manutenção de alongamento;Unhas;100.0;Cartão de crédito;Concluído;Instagram
101689;2025-11-22;16:00;Bianca Santos;11980000251;São Caetano do Sul;SP;Patrícia Alves;Manicure;Unhas;33.25;PIX;Concluído;Telefone
101690;2025-11-22;16:00;Isabela Lima;11980000264;Diadema;SP;Juliana Martins;Extensão de cílios;Cílios;180.0;Cartão de débito;Concluído;WhatsApp
101691;2025-11-22;16:00;Gabriela Silva;11980000415;São Paulo;SP;Juliana Martins;Hidratação;Cabelos;95.0;Cartão de crédito;Concluído;Instagram
101692;2025-11-22;17:00;Renata Oliveira;11980000429;São Bernardo do Campo;SP;Larissa Santos;Manicure;Unhas;35.0;Cartão de débito;Concluído;WhatsApp
101693;2025-11-22;18:00;Beatriz Gomes;11980000076;Mauá;SP;Larissa Santos;Coloração;Cabelos;160.0;Dinheiro;Concluído;Presencial
101694;2025-11-22;18:00;Monique Almeida;11980000059;Santo André;SP;Camila Rodrigues;Corte feminino;Cabelos;85.0;Dinheiro;Concluído;WhatsApp
101695;2025-11-23;10:00;Renata Silva;11980000149;Santo André;SP;Mariana Silva;Design + Henna;Sobrancelhas;60.0;PIX;Concluído;Telefone
101696;2025-11-23;14:30;Elaine Ferreira;11980000216;São Paulo;SP;Patrícia Alves;Pedicure;Unhas;38.0;Cartão de débito;Concluído;WhatsApp
101697;2025-11-24;09:00;Luciana Santos;11980000217;Santo André;SP;Fernanda Costa;Manicure;Unhas;33.25;Dinheiro;Concluído;Telefone
101698;2025-11-24;09:00;Bianca Rocha;11980000082;São Paulo;SP;Bruna Oliveira;Design de sobrancelhas;Sobrancelhas;45.0;Dinheiro;Concluído;WhatsApp
101699;2025-11-24;10:00;Elaine Ferreira;11980000242;São Caetano do Sul;SP;Larissa Santos;Escova;Cabelos;70.0;Cartão de débito;Concluído;Presencial
101700;2025-11-24;10:00;Paula Silva;11980000169;Diadema;SP;Bruna Oliveira;Manutenção de alongamento;Unhas;100.0;PIX;Concluído;Presencial
101701;2025-11-24;13:00;Letícia Pereira;11980000189;Mauá;SP;Renata Souza;Manutenção de alongamento;Unhas;100.0;Cartão de crédito;Concluído;Presencial
101702;2025-11-24;13:30;Carla Gomes;11980000445;São Caetano do Sul;SP;Juliana Martins;Extensão de cílios;Cílios;0.0;PIX;Não Compareceu;Presencial
101703;2025-11-24;14:00;Beatriz Lima;11980000278;São Bernardo do Campo;SP;Mariana Silva;Manicure;Unhas;35.0;Dinheiro;Concluído;WhatsApp
101704;2025-11-24;16:00;Natália Carvalho;11980000102;Mauá;SP;Camila Rodrigues;Manutenção de alongamento;Unhas;100.0;PIX;Concluído;Telefone
101705;2025-11-25;09:00;Luciana Costa;11980000255;São Caetano do Sul;SP;Camila Rodrigues;Extensão de cílios;Cílios;0.0;PIX;Cancelado;WhatsApp
101706;2025-11-25;10:30;Jéssica Carvalho;11980000185;Diadema;SP;Mariana Silva;Esmaltação em gel;Unhas;80.0;Dinheiro;Concluído;WhatsApp
101707;2025-11-25;11:00;Rafaela Rocha;11980000370;São Paulo;SP;Mariana Silva;Pedicure;Unhas;40.0;Cartão de débito;Concluído;Telefone
101708;2025-11-25;15:00;Elaine Martins;11980000324;Diadema;SP;Bruna Oliveira;Pedicure;Unhas;40.0;PIX;Concluído;Instagram
101709;2025-11-25;15:30;Camila Silva;11980000041;São Paulo;SP;Camila Rodrigues;Manutenção de cílios;Cílios;0.0;PIX;Cancelado;Presencial
101710;2025-11-25;15:30;Viviane Martins;11980000068;São Paulo;SP;Bruna Oliveira;Hidratação;Cabelos;95.0;Cartão de crédito;Concluído;Telefone
101711;2025-11-25;16:00;Vanessa Lima;11980000233;Mauá;SP;Juliana Martins;Design de sobrancelhas;Sobrancelhas;45.0;Cartão de crédito;Concluído;WhatsApp
101712;2025-11-25;16:00;Juliana Costa;11980000144;São Bernardo do Campo;SP;Juliana Martins;Design de sobrancelhas;Sobrancelhas;0.0;Dinheiro;Cancelado;Telefone
101713;2025-11-25;16:00;Flávia Martins;11980000344;São Paulo;SP;Patrícia Alves;Esmaltação em gel;Unhas;80.0;PIX;Concluído;Instagram
101714;2025-11-25;17:30;Elaine Souza;11980000091;São Caetano do Sul;SP;Patrícia Alves;Manicure;Unhas;35.0;PIX;Concluído;Telefone
101715;2025-11-25;17:30;Natália Ribeiro;11980000424;São Caetano do Sul;SP;Patrícia Alves;Manicure + Pedicure;Unhas;0.0;Cartão de crédito;Não Compareceu;Telefone
101716;2025-11-25;18:00;Luciana Lima;11980000249;São Paulo;SP;Camila Rodrigues;Manicure + Pedicure;Unhas;70.0;Cartão de crédito;Concluído;Telefone
101717;2025-11-26;09:00;Bianca Rocha;11980000082;São Paulo;SP;Renata Souza;Design de sobrancelhas;Sobrancelhas;42.75;Cartão de débito;Concluído;Telefone
101718;2025-11-26;09:00;Luciana Gomes;11980000304;São Caetano do Sul;SP;Mariana Silva;Design + Henna;Sobrancelhas;0.0;Cartão de débito;Cancelado;WhatsApp
101719;2025-11-26;09:00;Natália Carvalho;11980000047;São Paulo;SP;Juliana Martins;Design de sobrancelhas;Sobrancelhas;42.75;Dinheiro;Concluído;WhatsApp
101720;2025-11-26;10:00;Beatriz Lima;11980000278;São Bernardo do Campo;SP;Mariana Silva;Manicure;Unhas;31.5;Cartão de débito;Concluído;WhatsApp
101721;2025-11-26;10:00;Gabriela Barbosa;11980000243;São Paulo;SP;Renata Souza;Escova;Cabelos;70.0;PIX;Concluído;Telefone
101722;2025-11-26;11:00;Amanda Souza;11980000368;São Paulo;SP;Larissa Santos;Pedicure;Unhas;0.0;PIX;Não Compareceu;Presencial
101723;2025-11-26;11:00;Monique Mendes;11980000419;Santo André;SP;Larissa Santos;Manicure;Unhas;35.0;PIX;Concluído;Presencial
101724;2025-11-26;11:30;Beatriz Lima;11980000278;São Bernardo do Campo;SP;Renata Souza;Esmaltação em gel;Unhas;80.0;Cartão de crédito;Concluído;Telefone
101725;2025-11-26;13:30;Marcela Oliveira;11980000382;Mauá;SP;Bruna Oliveira;Manutenção de alongamento;Unhas;0.0;Cartão de débito;Não Compareceu;Telefone
101726;2025-11-26;14:00;Elaine Ferreira;11980000216;São Paulo;SP;Camila Rodrigues;Alongamento de unhas;Unhas;0.0;Dinheiro;Não Compareceu;WhatsApp
101727;2025-11-26;14:30;Isabela Rocha;11980000055;Santo André;SP;Camila Rodrigues;Esmaltação em gel;Unhas;76.0;PIX;Concluído;WhatsApp
101728;2025-11-26;15:00;Isabela Santos;11980000208;Mauá;SP;Patrícia Alves;Esmaltação em gel;Unhas;80.0;Dinheiro;Concluído;Telefone
101729;2025-11-26;15:00;Paula Ribeiro;11980000450;São Caetano do Sul;SP;Fernanda Costa;Design de sobrancelhas;Sobrancelhas;45.0;Cartão de crédito;Concluído;Instagram
101730;2025-11-26;16:00;Cristiane Dias;11980000024;Mauá;SP;Patrícia Alves;Manicure + Pedicure;Unhas;70.0;Cartão de crédito;Concluído;Telefone
101731;2025-11-26;16:30;Larissa Souza;11980000418;São Bernardo do Campo;SP;Juliana Martins;Manicure + Pedicure;Unhas;70.0;PIX;Concluído;Instagram
101732;2025-11-26;17:00;Monique Mendes;11980000361;São Paulo;SP;Camila Rodrigues;Alongamento de unhas;Unhas;150.0;Cartão de débito;Concluído;Presencial
101733;2025-11-26;18:00;Elaine Almeida;11980000110;Diadema;SP;Mariana Silva;Manutenção de alongamento;Unhas;100.0;Cartão de crédito;Concluído;Instagram
101734;2025-11-26;18:00;Fernanda Lima;11980000003;São Paulo;SP;Camila Rodrigues;Manicure;Unhas;35.0;Cartão de crédito;Concluído;Telefone
101735;2025-11-26;18:00;Vanessa Rocha;11980000043;São Paulo;SP;Juliana Martins;Manutenção de alongamento;Unhas;0.0;PIX;Cancelado;WhatsApp
101736;2025-11-27;09:00;Natália Ribeiro;11980000358;Santo André;SP;Juliana Martins;Design + Henna;Sobrancelhas;60.0;Cartão de crédito;Concluído;Telefone
101737;2025-11-27;09:30;Viviane Silva;11980000402;Diadema;SP;Mariana Silva;Hidratação;Cabelos;95.0;Dinheiro;Concluído;WhatsApp
101738;2025-11-27;10:00;Gabriela Lima;11980000330;Mauá;SP;Camila Rodrigues;Corte feminino;Cabelos;85.0;Dinheiro;Concluído;Instagram
101739;2025-11-27;10:30;Rafaela Mendes;11980000156;São Caetano do Sul;SP;Camila Rodrigues;Pedicure;Unhas;40.0;Cartão de débito;Concluído;WhatsApp
101740;2025-11-27;11:00;Jéssica Almeida;11980000052;São Caetano do Sul;SP;Larissa Santos;Extensão de cílios;Cílios;171.0;PIX;Concluído;Telefone
101741;2025-11-27;13:00;Camila Silva;11980000041;São Paulo;SP;Mariana Silva;Manicure;Unhas;33.25;Cartão de crédito;Concluído;Telefone
101742;2025-11-27;15:00;Priscila Ribeiro;11980000178;São Paulo;SP;Renata Souza;Corte feminino;Cabelos;85.0;Cartão de débito;Concluído;WhatsApp
101743;2025-11-27;15:00;Vanessa Carvalho;11980000409;São Caetano do Sul;SP;Fernanda Costa;Manutenção de alongamento;Unhas;100.0;Cartão de débito;Concluído;Presencial
101744;2025-11-27;15:00;Gabriela Lima;11980000321;Mauá;SP;Juliana Martins;Coloração;Cabelos;144.0;Cartão de crédito;Concluído;Telefone
101745;2025-11-27;15:30;Bruna Gomes;11980000087;Diadema;SP;Camila Rodrigues;Alongamento de unhas;Unhas;150.0;Cartão de débito;Concluído;Telefone
101746;2025-11-27;17:00;Natália Mendes;11980000413;Mauá;SP;Fernanda Costa;Extensão de cílios;Cílios;180.0;PIX;Concluído;Instagram
101747;2025-11-27;18:00;Paula Ribeiro;11980000450;São Caetano do Sul;SP;Renata Souza;Manutenção de alongamento;Unhas;100.0;Cartão de débito;Concluído;Telefone
101748;2025-11-28;09:00;Natália Martins;11980000131;São Paulo;SP;Larissa Santos;Spa dos pés;Estética;65.0;Cartão de crédito;Concluído;Presencial
101749;2025-11-28;09:30;Amanda Souza;11980000368;São Paulo;SP;Larissa Santos;Manutenção de alongamento;Unhas;90.0;Cartão de crédito;Concluído;Telefone
101750;2025-11-28;09:30;Viviane Lima;11980000036;Mauá;SP;Camila Rodrigues;Manutenção de cílios;Cílios;85.5;Dinheiro;Concluído;WhatsApp
101751;2025-11-28;10:00;Raquel Silva;11980000275;Diadema;SP;Mariana Silva;Manicure + Pedicure;Unhas;70.0;Cartão de débito;Concluído;Presencial
101752;2025-11-28;10:30;Viviane Carvalho;11980000354;São Caetano do Sul;SP;Larissa Santos;Pedicure;Unhas;40.0;PIX;Concluído;Telefone
101753;2025-11-28;10:30;Débora Ribeiro;11980000371;Santo André;SP;Camila Rodrigues;Design + Henna;Sobrancelhas;60.0;PIX;Concluído;Instagram
101754;2025-11-28;11:00;Larissa Souza;11980000095;Santo André;SP;Camila Rodrigues;Design de sobrancelhas;Sobrancelhas;45.0;Cartão de crédito;Concluído;WhatsApp
101755;2025-11-28;11:00;Flávia Martins;11980000344;São Paulo;SP;Patrícia Alves;Escova;Cabelos;70.0;Cartão de débito;Concluído;WhatsApp
101756;2025-11-28;11:30;Juliana Costa;11980000359;Diadema;SP;Patrícia Alves;Manicure;Unhas;35.0;PIX;Concluído;Presencial
101757;2025-11-28;11:30;Monique Almeida;11980000059;Santo André;SP;Juliana Martins;Escova;Cabelos;70.0;PIX;Concluído;Presencial
101758;2025-11-28;13:00;Rafaela Gomes;11980000356;Diadema;SP;Patrícia Alves;Extensão de cílios;Cílios;180.0;Cartão de débito;Concluído;Telefone
101759;2025-11-28;13:00;Carla Lima;11980000122;Santo André;SP;Larissa Santos;Esmaltação em gel;Unhas;80.0;Dinheiro;Concluído;Instagram
101760;2025-11-28;13:30;Juliana Ribeiro;11980000046;Santo André;SP;Bruna Oliveira;Alongamento de unhas;Unhas;150.0;PIX;Concluído;Telefone
101761;2025-11-28;13:30;Marcela Ferreira;11980000160;Santo André;SP;Patrícia Alves;Alongamento de unhas;Unhas;0.0;Cartão de crédito;Cancelado;Presencial
101762;2025-11-28;16:00;Elaine Gomes;11980000195;Santo André;SP;Mariana Silva;Pedicure;Unhas;40.0;PIX;Concluído;Telefone
101763;2025-11-28;16:30;Aline Barbosa;11980000183;São Caetano do Sul;SP;Renata Souza;Manicure;Unhas;35.0;Cartão de crédito;Concluído;WhatsApp
101764;2025-11-28;17:00;Juliana Santos;11980000234;São Caetano do Sul;SP;Mariana Silva;Manutenção de cílios;Cílios;90.0;Cartão de crédito;Concluído;Presencial
101765;2025-11-28;18:00;Elaine Silva;11980000261;Mauá;SP;Larissa Santos;Corte feminino;Cabelos;80.75;Cartão de débito;Concluído;WhatsApp
101766;2025-11-29;09:30;Viviane Barbosa;11980000101;São Bernardo do Campo;SP;Camila Rodrigues;Design + Henna;Sobrancelhas;57.0;Cartão de crédito;Concluído;Presencial
101767;2025-11-29;09:30;Jéssica Costa;11980000236;São Caetano do Sul;SP;Patrícia Alves;Hidratação;Cabelos;95.0;Cartão de crédito;Concluído;Telefone
101768;2025-11-29;09:30;Bruna Gomes;11980000087;Diadema;SP;Larissa Santos;Pedicure;Unhas;40.0;Cartão de crédito;Concluído;Instagram
101769;2025-11-29;10:00;Simone Gomes;11980000351;São Paulo;SP;Camila Rodrigues;Design + Henna;Sobrancelhas;60.0;PIX;Concluído;Presencial
101770;2025-11-29;10:30;Viviane Lima;11980000198;Mauá;SP;Patrícia Alves;Manutenção de alongamento;Unhas;100.0;Cartão de crédito;Concluído;Presencial
101771;2025-11-29;10:30;Juliana Santos;11980000234;São Caetano do Sul;SP;Larissa Santos;Manicure + Pedicure;Unhas;70.0;Cartão de crédito;Concluído;WhatsApp
101772;2025-11-29;11:00;Paula Mendes;11980000296;São Caetano do Sul;SP;Renata Souza;Extensão de cílios;Cílios;180.0;PIX;Concluído;Instagram
101773;2025-11-29;11:00;Gabriela Lima;11980000321;Mauá;SP;Renata Souza;Manicure;Unhas;35.0;PIX;Concluído;Presencial
101774;2025-11-29;11:00;Elaine Moura;11980000026;São Bernardo do Campo;SP;Fernanda Costa;Corte feminino;Cabelos;85.0;Cartão de crédito;Concluído;Presencial
101775;2025-11-29;13:00;Bianca Costa;11980000226;Mauá;SP;Bruna Oliveira;Alongamento de unhas;Unhas;150.0;Cartão de crédito;Concluído;Presencial
101776;2025-11-29;13:00;Camila Santos;11980000291;São Paulo;SP;Juliana Martins;Escova;Cabelos;0.0;Dinheiro;Cancelado;Presencial
101777;2025-11-29;13:30;Débora Santos;11980000104;São Bernardo do Campo;SP;Camila Rodrigues;Escova;Cabelos;66.5;Cartão de débito;Concluído;Presencial
101778;2025-11-29;14:00;Isabela Mendes;11980000135;São Caetano do Sul;SP;Renata Souza;Escova;Cabelos;70.0;Dinheiro;Concluído;Instagram
101779;2025-11-29;14:00;Isabela Santos;11980000208;Mauá;SP;Camila Rodrigues;Alongamento de unhas;Unhas;150.0;Dinheiro;Concluído;Presencial
101780;2025-11-29;14:30;Monique Costa;11980000186;São Bernardo do Campo;SP;Mariana Silva;Manicure;Unhas;35.0;Cartão de débito;Concluído;WhatsApp
101781;2025-11-29;15:00;Raquel Silva;11980000341;São Caetano do Sul;SP;Patrícia Alves;Corte feminino;Cabelos;0.0;Cartão de débito;Cancelado;Telefone
101782;2025-11-29;15:30;Patrícia Ferreira;11980000008;São Bernardo do Campo;SP;Camila Rodrigues;Manicure + Pedicure;Unhas;0.0;Dinheiro;Cancelado;Presencial
101783;2025-11-29;16:00;Paula Oliveira;11980000177;Mauá;SP;Camila Rodrigues;Manicure + Pedicure;Unhas;70.0;Cartão de crédito;Concluído;Instagram
101784;2025-11-29;16:00;Jéssica Costa;11980000236;São Caetano do Sul;SP;Camila Rodrigues;Alongamento de unhas;Unhas;0.0;PIX;Cancelado;Presencial
101785;2025-11-29;16:30;Luciana Santos;11980000103;São Paulo;SP;Mariana Silva;Spa dos pés;Estética;58.5;Dinheiro;Concluído;Telefone
101786;2025-11-29;16:30;Sabrina Gomes;11980000305;Diadema;SP;Juliana Martins;Manutenção de cílios;Cílios;90.0;Cartão de crédito;Concluído;WhatsApp
101787;2025-11-29;17:00;Viviane Carvalho;11980000354;São Caetano do Sul;SP;Fernanda Costa;Esmaltação em gel;Unhas;80.0;Cartão de débito;Concluído;Telefone
101788;2025-11-29;18:00;Simone Ferreira;11980000202;Mauá;SP;Bruna Oliveira;Corte feminino;Cabelos;85.0;PIX;Concluído;Telefone
101789;2025-11-29;18:00;Luciana Martins;11980000143;Mauá;SP;Renata Souza;Manutenção de cílios;Cílios;90.0;PIX;Concluído;Telefone
101790;2025-12-01;09:00;Elaine Santos;11980000176;São Caetano do Sul;SP;Fernanda Costa;Manicure + Pedicure;Unhas;70.0;Cartão de débito;Concluído;Telefone
101791;2025-12-01;09:00;Débora Lima;11980000113;Diadema;SP;Larissa Santos;Pedicure;Unhas;40.0;PIX;Concluído;Telefone
101792;2025-12-01;10:00;Jéssica Souza;11980000086;Mauá;SP;Patrícia Alves;Corte feminino;Cabelos;85.0;Dinheiro;Concluído;Telefone
101793;2025-12-01;11:30;Beatriz Ferreira;11980000334;São Bernardo do Campo;SP;Renata Souza;Pedicure;Unhas;0.0;PIX;Cancelado;Telefone
101794;2025-12-01;13:00;Amanda Ferreira;11980000398;Mauá;SP;Mariana Silva;Hidratação;Cabelos;95.0;PIX;Concluído;Presencial
101795;2025-12-01;13:30;Renata Almeida;11980000155;Mauá;SP;Larissa Santos;Pedicure;Unhas;40.0;Cartão de débito;Concluído;Telefone
101796;2025-12-01;14:00;Natália Almeida;11980000163;São Caetano do Sul;SP;Patrícia Alves;Pedicure;Unhas;40.0;Cartão de crédito;Concluído;Presencial
101797;2025-12-01;15:00;Larissa Souza;11980000095;Santo André;SP;Bruna Oliveira;Design de sobrancelhas;Sobrancelhas;45.0;Cartão de débito;Concluído;Presencial
101798;2025-12-01;16:00;Amanda Ferreira;11980000398;Mauá;SP;Juliana Martins;Pedicure;Unhas;40.0;Cartão de débito;Concluído;Telefone
101799;2025-12-01;16:30;Fernanda Ribeiro;11980000237;Diadema;SP;Larissa Santos;Manicure;Unhas;35.0;Cartão de débito;Concluído;Instagram
101800;2025-12-01;16:30;Bruna Barbosa;11980000446;Santo André;SP;Camila Rodrigues;Extensão de cílios;Cílios;180.0;Cartão de crédito;Concluído;Presencial
101801;2025-12-01;17:30;Renata Martins;11980000133;São Caetano do Sul;SP;Fernanda Costa;Escova;Cabelos;70.0;Dinheiro;Concluído;Instagram
101802;2025-12-02;09:30;Simone Oliveira;11980000058;São Paulo;SP;Fernanda Costa;Corte feminino;Cabelos;0.0;Cartão de débito;Cancelado;Instagram
101803;2025-12-02;10:00;Juliana Souza;11980000417;Diadema;SP;Larissa Santos;Corte feminino;Cabelos;85.0;Cartão de débito;Concluído;WhatsApp
101804;2025-12-02;11:00;Paula Barbosa;11980000130;Santo André;SP;Patrícia Alves;Manicure + Pedicure;Unhas;70.0;Cartão de crédito;Concluído;Telefone
101805;2025-12-02;11:30;Elaine Moura;11980000026;São Bernardo do Campo;SP;Larissa Santos;Manicure;Unhas;35.0;Dinheiro;Concluído;WhatsApp
101806;2025-12-02;11:30;Elaine Souza;11980000091;São Caetano do Sul;SP;Camila Rodrigues;Design de sobrancelhas;Sobrancelhas;45.0;Dinheiro;Concluído;Telefone
101807;2025-12-02;11:30;Viviane Carvalho;11980000354;São Caetano do Sul;SP;Patrícia Alves;Manicure;Unhas;35.0;PIX;Concluído;Telefone
101808;2025-12-02;13:00;Fernanda Ferreira;11980000392;Mauá;SP;Patrícia Alves;Escova;Cabelos;70.0;PIX;Concluído;WhatsApp
101809;2025-12-02;13:00;Patrícia Rocha;11980000159;Mauá;SP;Patrícia Alves;Manicure + Pedicure;Unhas;70.0;PIX;Concluído;Instagram
101810;2025-12-02;13:00;Bianca Oliveira;11980000294;São Paulo;SP;Juliana Martins;Manutenção de cílios;Cílios;90.0;PIX;Concluído;Instagram
101811;2025-12-02;13:30;Marcela Gomes;11980000080;São Caetano do Sul;SP;Bruna Oliveira;Manicure;Unhas;35.0;Cartão de crédito;Concluído;Presencial
101812;2025-12-02;14:00;Vanessa Lima;11980000342;Mauá;SP;Bruna Oliveira;Corte feminino;Cabelos;85.0;Cartão de débito;Concluído;Presencial
101813;2025-12-02;14:00;Luciana Santos;11980000103;São Paulo;SP;Mariana Silva;Manutenção de alongamento;Unhas;90.0;Cartão de crédito;Concluído;Instagram
101814;2025-12-02;15:00;Isabela Santos;11980000208;Mauá;SP;Camila Rodrigues;Alongamento de unhas;Unhas;142.5;PIX;Concluído;Instagram
101815;2025-12-02;15:30;Bianca Santos;11980000066;São Bernardo do Campo;SP;Mariana Silva;Spa dos pés;Estética;61.75;Cartão de crédito;Concluído;Instagram
101816;2025-12-02;16:00;Renata Alves;11980000018;São Paulo;SP;Renata Souza;Manicure;Unhas;35.0;Cartão de débito;Concluído;Presencial
101817;2025-12-02;17:00;Bruna Gomes;11980000087;Diadema;SP;Patrícia Alves;Design + Henna;Sobrancelhas;57.0;Cartão de crédito;Concluído;Instagram
101818;2025-12-02;17:30;Priscila Castro;11980000019;Santo André;SP;Camila Rodrigues;Corte feminino;Cabelos;85.0;Cartão de crédito;Concluído;WhatsApp
101819;2025-12-02;17:30;Ana Carolina Souza;11980000001;São Paulo;SP;Fernanda Costa;Manicure + Pedicure;Unhas;70.0;Cartão de crédito;Concluído;Instagram
101820;2025-12-03;09:00;Viviane Ferreira;11980000142;Mauá;SP;Juliana Martins;Escova;Cabelos;70.0;Cartão de débito;Concluído;Telefone
101821;2025-12-03;09:00;Natália Mendes;11980000413;Mauá;SP;Patrícia Alves;Manicure;Unhas;35.0;PIX;Concluído;Presencial
101822;2025-12-03;09:00;Elaine Moura;11980000026;São Bernardo do Campo;SP;Mariana Silva;Design de sobrancelhas;Sobrancelhas;45.0;Cartão de débito;Concluído;Instagram
101823;2025-12-03;09:30;Tatiane Santos;11980000094;São Bernardo do Campo;SP;Renata Souza;Manicure;Unhas;35.0;PIX;Concluído;WhatsApp
101824;2025-12-03;09:30;Monique Lima;11980000410;São Bernardo do Campo;SP;Fernanda Costa;Manutenção de alongamento;Unhas;90.0;Dinheiro;Concluído;Presencial
101825;2025-12-03;10:30;Gabriela Silva;11980000443;São Caetano do Sul;SP;Renata Souza;Manicure;Unhas;35.0;Cartão de débito;Concluído;Presencial
101826;2025-12-03;11:30;Larissa Santos;11980000248;São Bernardo do Campo;SP;Renata Souza;Manicure;Unhas;35.0;Dinheiro;Concluído;WhatsApp
101827;2025-12-03;13:00;Paula Mendes;11980000296;São Caetano do Sul;SP;Bruna Oliveira;Design de sobrancelhas;Sobrancelhas;45.0;Dinheiro;Concluído;Telefone
101828;2025-12-03;13:00;Sabrina Ferreira;11980000181;Mauá;SP;Renata Souza;Escova;Cabelos;0.0;Cartão de débito;Cancelado;Instagram
101829;2025-12-03;15:00;Raquel Pereira;11980000037;São Bernardo do Campo;SP;Juliana Martins;Design de sobrancelhas;Sobrancelhas;45.0;Cartão de débito;Concluído;WhatsApp
101830;2025-12-03;15:00;Luciana Carvalho;11980000337;Mauá;SP;Mariana Silva;Alongamento de unhas;Unhas;150.0;Dinheiro;Concluído;Telefone
101831;2025-12-03;15:30;Isabela Silva;11980000238;São Caetano do Sul;SP;Larissa Santos;Manicure;Unhas;35.0;Dinheiro;Concluído;Instagram
101832;2025-12-03;16:00;Letícia Ferreira;11980000397;São Caetano do Sul;SP;Mariana Silva;Esmaltação em gel;Unhas;80.0;Cartão de débito;Concluído;Presencial
101833;2025-12-03;16:00;Natália Carvalho;11980000102;Mauá;SP;Camila Rodrigues;Design de sobrancelhas;Sobrancelhas;0.0;Dinheiro;Não Compareceu;Instagram
101834;2025-12-03;16:00;Carla Santos;11980000060;São Paulo;SP;Juliana Martins;Design de sobrancelhas;Sobrancelhas;45.0;Cartão de crédito;Concluído;Telefone
101835;2025-12-03;16:30;Bianca Ferreira;11980000132;São Paulo;SP;Mariana Silva;Manicure;Unhas;35.0;Cartão de débito;Concluído;Presencial
101836;2025-12-03;16:30;Débora Santos;11980000104;São Bernardo do Campo;SP;Renata Souza;Manutenção de cílios;Cílios;90.0;Dinheiro;Concluído;Presencial
101837;2025-12-03;16:30;Paula Ferreira;11980000203;São Caetano do Sul;SP;Fernanda Costa;Manicure + Pedicure;Unhas;70.0;Cartão de débito;Concluído;Presencial
101838;2025-12-03;17:30;Bianca Rocha;11980000082;São Paulo;SP;Camila Rodrigues;Manicure;Unhas;35.0;PIX;Concluído;WhatsApp
101839;2025-12-03;18:00;Flávia Rocha;11980000090;São Paulo;SP;Bruna Oliveira;Design + Henna;Sobrancelhas;60.0;Dinheiro;Concluído;Presencial
101840;2025-12-04;09:00;Viviane Ferreira;11980000440;Santo André;SP;Patrícia Alves;Manicure;Unhas;35.0;Cartão de débito;Concluído;Telefone
101841;2025-12-04;09:30;Renata Almeida;11980000155;Mauá;SP;Renata Souza;Escova;Cabelos;63.0;Cartão de débito;Concluído;Instagram
101842;2025-12-04;10:00;Mariana Oliveira;11980000002;São Bernardo do Campo;SP;Bruna Oliveira;Spa dos pés;Estética;0.0;Cartão de crédito;Cancelado;WhatsApp
101843;2025-12-04;10:30;Simone Martins;11980000067;Mauá;SP;Camila Rodrigues;Extensão de cílios;Cílios;180.0;PIX;Concluído;Telefone
101844;2025-12-04;11:00;Luciana Gomes;11980000304;São Caetano do Sul;SP;Mariana Silva;Esmaltação em gel;Unhas;80.0;Dinheiro;Concluído;Instagram
101845;2025-12-04;11:00;Beatriz Ferreira;11980000098;São Bernardo do Campo;SP;Bruna Oliveira;Pedicure;Unhas;40.0;Cartão de crédito;Concluído;Presencial
101846;2025-12-04;11:00;Natália Carvalho;11980000102;Mauá;SP;Renata Souza;Manicure;Unhas;35.0;Cartão de crédito;Concluído;WhatsApp
101847;2025-12-04;11:30;Cristiane Ferreira;11980000295;Diadema;SP;Fernanda Costa;Manicure;Unhas;31.5;PIX;Concluído;Presencial
101848;2025-12-04;13:00;Isabela Rocha;11980000055;Santo André;SP;Patrícia Alves;Manutenção de cílios;Cílios;90.0;Dinheiro;Concluído;Presencial
101849;2025-12-04;13:00;Débora Costa;11980000134;São Paulo;SP;Mariana Silva;Design de sobrancelhas;Sobrancelhas;45.0;Cartão de débito;Concluído;Instagram
101850;2025-12-04;13:00;Priscila Barbosa;11980000150;Santo André;SP;Patrícia Alves;Pedicure;Unhas;40.0;PIX;Concluído;Presencial
101851;2025-12-04;13:30;Patrícia Barbosa;11980000196;São Caetano do Sul;SP;Juliana Martins;Manicure;Unhas;35.0;PIX;Concluído;Telefone
101852;2025-12-04;14:00;Amanda Mendes;11980000127;São Bernardo do Campo;SP;Fernanda Costa;Spa dos pés;Estética;65.0;Cartão de débito;Concluído;Telefone
101853;2025-12-04;14:00;Paula Almeida;11980000364;São Paulo;SP;Patrícia Alves;Design de sobrancelhas;Sobrancelhas;45.0;PIX;Concluído;WhatsApp
101854;2025-12-04;14:30;Paula Almeida;11980000364;São Paulo;SP;Fernanda Costa;Escova;Cabelos;70.0;Dinheiro;Concluído;Instagram
101855;2025-12-04;15:00;Aline Almeida;11980000083;Mauá;SP;Fernanda Costa;Alongamento de unhas;Unhas;150.0;Cartão de débito;Concluído;Instagram
101856;2025-12-04;15:30;Patrícia Ribeiro;11980000044;São Bernardo do Campo;SP;Juliana Martins;Pedicure;Unhas;40.0;Cartão de crédito;Concluído;Instagram
101857;2025-12-04;16:00;Paula Silva;11980000366;Mauá;SP;Bruna Oliveira;Esmaltação em gel;Unhas;80.0;PIX;Concluído;Telefone
101858;2025-12-04;16:00;Gabriela Silva;11980000443;São Caetano do Sul;SP;Mariana Silva;Esmaltação em gel;Unhas;80.0;Cartão de débito;Concluído;Presencial
101859;2025-12-04;18:00;Paula Ribeiro;11980000450;São Caetano do Sul;SP;Bruna Oliveira;Pedicure;Unhas;40.0;Cartão de crédito;Concluído;WhatsApp
101860;2025-12-05;09:00;Marcela Santos;11980000206;São Paulo;SP;Juliana Martins;Pedicure;Unhas;40.0;Cartão de crédito;Concluído;Presencial
101861;2025-12-05;09:00;Bianca Rocha;11980000082;São Paulo;SP;Mariana Silva;Design de sobrancelhas;Sobrancelhas;45.0;Dinheiro;Concluído;WhatsApp
101862;2025-12-05;09:30;Juliana Santos;11980000385;Diadema;SP;Mariana Silva;Pedicure;Unhas;40.0;Cartão de débito;Concluído;WhatsApp
101863;2025-12-05;10:00;Aline Pereira;11980000322;Mauá;SP;Renata Souza;Manutenção de alongamento;Unhas;100.0;PIX;Concluído;WhatsApp
101864;2025-12-05;10:00;Paula Mendes;11980000414;Diadema;SP;Camila Rodrigues;Design + Henna;Sobrancelhas;57.0;PIX;Concluído;Presencial
101865;2025-12-05;10:30;Letícia Gomes;11980000240;Santo André;SP;Larissa Santos;Manicure;Unhas;35.0;Dinheiro;Concluído;Telefone
101866;2025-12-05;10:30;Raquel Rocha;11980000339;Mauá;SP;Larissa Santos;Manutenção de cílios;Cílios;90.0;Dinheiro;Concluído;Presencial
101867;2025-12-05;11:00;Beatriz Lima;11980000365;São Caetano do Sul;SP;Fernanda Costa;Corte feminino;Cabelos;0.0;Dinheiro;Cancelado;Instagram
101868;2025-12-05;11:30;Paula Martins;11980000165;Mauá;SP;Fernanda Costa;Alongamento de unhas;Unhas;0.0;PIX;Cancelado;Presencial
101869;2025-12-05;13:00;Sabrina Lima;11980000100;Diadema;SP;Camila Rodrigues;Extensão de cílios;Cílios;180.0;Cartão de débito;Concluído;Presencial
101870;2025-12-05;13:30;Priscila Barbosa;11980000150;Santo André;SP;Camila Rodrigues;Escova;Cabelos;70.0;Cartão de débito;Concluído;Telefone
101871;2025-12-05;14:00;Bianca Rocha;11980000082;São Paulo;SP;Mariana Silva;Alongamento de unhas;Unhas;150.0;Dinheiro;Concluído;Instagram
101872;2025-12-05;14:00;Flávia Lima;11980000089;Diadema;SP;Renata Souza;Manutenção de cílios;Cílios;90.0;Cartão de crédito;Concluído;Instagram
101873;2025-12-05;14:30;Monique Barbosa;11980000139;São Caetano do Sul;SP;Patrícia Alves;Manicure;Unhas;35.0;PIX;Concluído;Instagram
101874;2025-12-05;14:30;Tatiane Santos;11980000094;São Bernardo do Campo;SP;Patrícia Alves;Manicure;Unhas;35.0;PIX;Concluído;Presencial
101875;2025-12-05;15:00;Viviane Rocha;11980000259;São Caetano do Sul;SP;Juliana Martins;Pedicure;Unhas;40.0;Cartão de débito;Concluído;Telefone
101876;2025-12-05;15:00;Rafaela Gomes;11980000356;Diadema;SP;Mariana Silva;Pedicure;Unhas;40.0;PIX;Concluído;Instagram
101877;2025-12-05;15:30;Viviane Ferreira;11980000073;Mauá;SP;Patrícia Alves;Manicure;Unhas;35.0;Cartão de crédito;Concluído;Telefone
101878;2025-12-05;15:30;Jéssica Gomes;11980000084;São Paulo;SP;Patrícia Alves;Manicure + Pedicure;Unhas;66.5;Dinheiro;Concluído;Telefone
101879;2025-12-05;15:30;Gabriela Martins;11980000011;Santo André;SP;Patrícia Alves;Manicure;Unhas;35.0;Dinheiro;Concluído;Telefone
101880;2025-12-05;16:00;Flávia Rocha;11980000090;São Paulo;SP;Patrícia Alves;Corte feminino;Cabelos;85.0;Cartão de crédito;Concluído;Presencial
101881;2025-12-05;16:30;Larissa Souza;11980000418;São Bernardo do Campo;SP;Camila Rodrigues;Manutenção de alongamento;Unhas;100.0;Dinheiro;Concluído;Telefone
101882;2025-12-05;17:00;Jéssica Carvalho;11980000185;Diadema;SP;Renata Souza;Esmaltação em gel;Unhas;80.0;Dinheiro;Concluído;Telefone
101883;2025-12-05;17:00;Raquel Pereira;11980000037;São Bernardo do Campo;SP;Mariana Silva;Pedicure;Unhas;40.0;Cartão de crédito;Concluído;Instagram
101884;2025-12-05;18:00;Paula Ribeiro;11980000450;São Caetano do Sul;SP;Camila Rodrigues;Manicure + Pedicure;Unhas;70.0;Cartão de débito;Concluído;Presencial
101885;2025-12-05;18:00;Daniela Freitas;11980000025;Diadema;SP;Juliana Martins;Esmaltação em gel;Unhas;72.0;Cartão de débito;Concluído;Presencial
101886;2025-12-06;09:30;Elaine Lima;11980000447;Mauá;SP;Juliana Martins;Manicure;Unhas;35.0;Cartão de crédito;Concluído;Instagram
101887;2025-12-06;10:00;Elaine Almeida;11980000110;Diadema;SP;Larissa Santos;Alongamento de unhas;Unhas;142.5;PIX;Concluído;Presencial
101888;2025-12-06;10:30;Amanda Oliveira;11980000112;São Caetano do Sul;SP;Fernanda Costa;Design + Henna;Sobrancelhas;60.0;Dinheiro;Concluído;Instagram
101889;2025-12-06;10:30;Monique Gomes;11980000273;Mauá;SP;Renata Souza;Escova;Cabelos;66.5;Dinheiro;Concluído;WhatsApp
101890;2025-12-06;10:30;Carla Mendes;11980000005;Mauá;SP;Juliana Martins;Manutenção de cílios;Cílios;90.0;Cartão de débito;Concluído;WhatsApp
101891;2025-12-06;11:00;Natália Costa;11980000120;São Paulo;SP;Bruna Oliveira;Pedicure;Unhas;38.0;Cartão de crédito;Concluído;Telefone
101892;2025-12-06;11:00;Fernanda Martins;11980000200;Diadema;SP;Fernanda Costa;Spa dos pés;Estética;65.0;PIX;Concluído;Presencial
101893;2025-12-06;11:00;Monique Ribeiro;11980000166;Diadema;SP;Bruna Oliveira;Pedicure;Unhas;40.0;Cartão de débito;Concluído;Presencial
101894;2025-12-06;11:30;Juliana Ribeiro;11980000282;Diadema;SP;Camila Rodrigues;Corte feminino;Cabelos;0.0;Cartão de crédito;Cancelado;WhatsApp
101895;2025-12-06;11:30;Beatriz Ribeiro;11980000051;São Bernardo do Campo;SP;Renata Souza;Manicure + Pedicure;Unhas;70.0;PIX;Concluído;Telefone
101896;2025-12-06;11:30;Elaine Souza;11980000091;São Caetano do Sul;SP;Patrícia Alves;Manicure;Unhas;35.0;Cartão de débito;Concluído;WhatsApp
101897;2025-12-06;11:30;Fernanda Lima;11980000003;São Paulo;SP;Mariana Silva;Corte feminino;Cabelos;85.0;Cartão de crédito;Concluído;Instagram
101898;2025-12-06;13:00;Viviane Ferreira;11980000440;Santo André;SP;Renata Souza;Pedicure;Unhas;40.0;Dinheiro;Concluído;Instagram
101899;2025-12-06;13:00;Paula Barbosa;11980000331;Diadema;SP;Mariana Silva;Manicure;Unhas;35.0;Cartão de crédito;Concluído;WhatsApp
101900;2025-12-06;13:30;Bianca Lopes;11980000023;Diadema;SP;Fernanda Costa;Design de sobrancelhas;Sobrancelhas;45.0;Cartão de crédito;Concluído;WhatsApp
101901;2025-12-06;13:30;Elaine Souza;11980000091;São Caetano do Sul;SP;Bruna Oliveira;Manutenção de alongamento;Unhas;90.0;Cartão de débito;Concluído;WhatsApp
101902;2025-12-06;14:30;Cristiane Martins;11980000039;São Bernardo do Campo;SP;Renata Souza;Pedicure;Unhas;40.0;PIX;Concluído;Telefone
101903;2025-12-06;16:00;Raquel Silva;11980000341;São Caetano do Sul;SP;Patrícia Alves;Manicure;Unhas;35.0;Cartão de débito;Concluído;WhatsApp
101904;2025-12-06;16:00;Elaine Silva;11980000327;São Caetano do Sul;SP;Bruna Oliveira;Manicure + Pedicure;Unhas;70.0;PIX;Concluído;Instagram
101905;2025-12-06;16:30;Beatriz Lima;11980000365;São Caetano do Sul;SP;Mariana Silva;Esmaltação em gel;Unhas;72.0;Dinheiro;Concluído;Telefone
101906;2025-12-06;16:30;Monique Santos;11980000031;Diadema;SP;Larissa Santos;Alongamento de unhas;Unhas;150.0;Dinheiro;Concluído;Instagram
101907;2025-12-06;16:30;Marcela Vieira;11980000030;São Paulo;SP;Renata Souza;Hidratação;Cabelos;95.0;Cartão de crédito;Concluído;WhatsApp
101908;2025-12-06;17:00;Natália Carvalho;11980000047;São Paulo;SP;Larissa Santos;Hidratação;Cabelos;95.0;Dinheiro;Concluído;Telefone
101909;2025-12-06;18:00;Ana Carolina Souza;11980000001;São Paulo;SP;Juliana Martins;Pedicure;Unhas;38.0;Cartão de crédito;Concluído;Instagram
101910;2025-12-06;18:00;Cristiane Ferreira;11980000295;Diadema;SP;Juliana Martins;Design + Henna;Sobrancelhas;60.0;PIX;Concluído;WhatsApp
101911;2025-12-06;18:00;Elaine Souza;11980000091;São Caetano do Sul;SP;Larissa Santos;Manutenção de alongamento;Unhas;100.0;Cartão de débito;Concluído;Presencial
101912;2025-12-08;09:00;Natália Almeida;11980000077;São Bernardo do Campo;SP;Larissa Santos;Escova;Cabelos;70.0;Cartão de crédito;Concluído;Telefone
101913;2025-12-08;09:30;Daniela Barbosa;11980000253;Mauá;SP;Bruna Oliveira;Manicure;Unhas;33.25;Cartão de débito;Concluído;Instagram
101914;2025-12-08;10:30;Monique Barbosa;11980000139;São Caetano do Sul;SP;Fernanda Costa;Manicure + Pedicure;Unhas;70.0;PIX;Concluído;Instagram
101915;2025-12-08;10:30;Vanessa Rocha;11980000314;São Paulo;SP;Mariana Silva;Design de sobrancelhas;Sobrancelhas;45.0;Dinheiro;Concluído;Instagram
101916;2025-12-08;11:30;Monique Lima;11980000449;São Bernardo do Campo;SP;Camila Rodrigues;Manicure + Pedicure;Unhas;70.0;PIX;Concluído;Instagram
101917;2025-12-08;14:00;Elaine Santos;11980000176;São Caetano do Sul;SP;Mariana Silva;Pedicure;Unhas;40.0;PIX;Concluído;Telefone
101918;2025-12-08;14:00;Juliana Costa;11980000004;Santo André;SP;Juliana Martins;Hidratação;Cabelos;95.0;PIX;Concluído;Presencial
101919;2025-12-08;14:00;Simone Almeida;11980000184;Santo André;SP;Bruna Oliveira;Manicure + Pedicure;Unhas;66.5;Cartão de crédito;Concluído;Telefone
101920;2025-12-08;14:30;Luciana Ferreira;11980000235;São Caetano do Sul;SP;Camila Rodrigues;Alongamento de unhas;Unhas;150.0;PIX;Concluído;Instagram
101921;2025-12-08;14:30;Jéssica Santos;11980000297;Diadema;SP;Renata Souza;Esmaltação em gel;Unhas;80.0;Dinheiro;Concluído;WhatsApp
101922;2025-12-08;14:30;Jéssica Silva;11980000448;São Caetano do Sul;SP;Camila Rodrigues;Manicure + Pedicure;Unhas;70.0;Cartão de crédito;Concluído;Presencial
101923;2025-12-08;15:00;Amanda Ferreira;11980000398;Mauá;SP;Camila Rodrigues;Pedicure;Unhas;40.0;Cartão de crédito;Concluído;Presencial
101924;2025-12-08;15:00;Bruna Ferreira;11980000148;Santo André;SP;Larissa Santos;Esmaltação em gel;Unhas;72.0;PIX;Concluído;Telefone
101925;2025-12-08;15:30;Elaine Oliveira;11980000158;Diadema;SP;Larissa Santos;Pedicure;Unhas;40.0;Cartão de débito;Concluído;WhatsApp
101926;2025-12-08;16:00;Raquel Costa;11980000033;São Caetano do Sul;SP;Larissa Santos;Design de sobrancelhas;Sobrancelhas;45.0;PIX;Concluído;Presencial
101927;2025-12-08;16:00;Bruna Almeida;11980000369;Mauá;SP;Bruna Oliveira;Manutenção de cílios;Cílios;90.0;Cartão de débito;Concluído;WhatsApp
101928;2025-12-08;17:30;Tatiane Pereira;11980000070;São Paulo;SP;Camila Rodrigues;Manutenção de alongamento;Unhas;100.0;Dinheiro;Concluído;Telefone
101929;2025-12-08;18:00;Elaine Silva;11980000261;Mauá;SP;Renata Souza;Escova;Cabelos;70.0;PIX;Concluído;Instagram
101930;2025-12-09;09:00;Rafaela Souza;11980000438;São Caetano do Sul;SP;Patrícia Alves;Manicure;Unhas;33.25;Cartão de crédito;Concluído;Telefone
101931;2025-12-09;09:30;Amanda Oliveira;11980000112;São Caetano do Sul;SP;Juliana Martins;Pedicure;Unhas;40.0;Cartão de crédito;Concluído;Instagram
101932;2025-12-09;09:30;Letícia Pereira;11980000189;Mauá;SP;Juliana Martins;Manutenção de alongamento;Unhas;100.0;PIX;Concluído;WhatsApp
101933;2025-12-09;09:30;Aline Almeida;11980000083;Mauá;SP;Bruna Oliveira;Hidratação;Cabelos;95.0;Cartão de crédito;Concluído;WhatsApp
101934;2025-12-09;10:00;Gabriela Pereira;11980000272;Mauá;SP;Renata Souza;Alongamento de unhas;Unhas;142.5;Cartão de crédito;Concluído;Instagram
101935;2025-12-09;10:30;Tatiane Silva;11980000072;São Paulo;SP;Mariana Silva;Manicure;Unhas;0.0;Cartão de débito;Não Compareceu;Presencial
101936;2025-12-09;11:00;Viviane Gomes;11980000313;Diadema;SP;Bruna Oliveira;Hidratação;Cabelos;95.0;Dinheiro;Concluído;Instagram
101937;2025-12-09;11:30;Beatriz Lima;11980000365;São Caetano do Sul;SP;Mariana Silva;Design de sobrancelhas;Sobrancelhas;45.0;Cartão de débito;Concluído;Telefone
101938;2025-12-09;13:30;Simone Gomes;11980000351;São Paulo;SP;Mariana Silva;Manicure + Pedicure;Unhas;70.0;Cartão de débito;Concluído;Instagram
101939;2025-12-09;13:30;Renata Barbosa;11980000434;Diadema;SP;Renata Souza;Manicure;Unhas;35.0;PIX;Concluído;WhatsApp
101940;2025-12-09;14:00;Monique Costa;11980000186;São Bernardo do Campo;SP;Fernanda Costa;Design de sobrancelhas;Sobrancelhas;45.0;Cartão de débito;Concluído;Instagram
101941;2025-12-09;14:00;Bruna Lima;11980000254;Mauá;SP;Patrícia Alves;Manutenção de alongamento;Unhas;100.0;Cartão de crédito;Concluído;Telefone
101942;2025-12-09;14:30;Bianca Costa;11980000226;Mauá;SP;Camila Rodrigues;Pedicure;Unhas;40.0;Dinheiro;Concluído;Telefone
101943;2025-12-09;14:30;Simone Oliveira;11980000058;São Paulo;SP;Larissa Santos;Manicure;Unhas;35.0;Dinheiro;Concluído;Telefone
101944;2025-12-09;14:30;Daniela Freitas;11980000025;Diadema;SP;Renata Souza;Manicure + Pedicure;Unhas;70.0;Cartão de débito;Concluído;WhatsApp
101945;2025-12-09;15:00;Simone Ferreira;11980000202;Mauá;SP;Larissa Santos;Manicure + Pedicure;Unhas;0.0;Dinheiro;Cancelado;Telefone
101946;2025-12-09;15:30;Fernanda Ferreira;11980000392;Mauá;SP;Mariana Silva;Design + Henna;Sobrancelhas;60.0;Cartão de débito;Concluído;Telefone
101947;2025-12-09;16:00;Patrícia Rocha;11980000085;Mauá;SP;Fernanda Costa;Corte feminino;Cabelos;85.0;Cartão de crédito;Concluído;Telefone
101948;2025-12-09;17:30;Natália Carvalho;11980000047;São Paulo;SP;Juliana Martins;Corte feminino;Cabelos;85.0;Cartão de crédito;Concluído;Presencial
101949;2025-12-09;17:30;Patrícia Martins;11980000274;Santo André;SP;Renata Souza;Manicure + Pedicure;Unhas;70.0;Cartão de crédito;Concluído;Telefone
101950;2025-12-10;09:00;Daniela Freitas;11980000025;Diadema;SP;Mariana Silva;Manutenção de alongamento;Unhas;95.0;Cartão de crédito;Concluído;Telefone
101951;2025-12-10;10:00;Bianca Costa;11980000226;Mauá;SP;Larissa Santos;Manutenção de cílios;Cílios;90.0;Cartão de débito;Concluído;Instagram
101952;2025-12-10;10:30;Larissa Santos;11980000248;São Bernardo do Campo;SP;Camila Rodrigues;Manicure;Unhas;35.0;Dinheiro;Concluído;Telefone
101953;2025-12-10;10:30;Luciana Barbosa;11980000271;São Caetano do Sul;SP;Mariana Silva;Manutenção de cílios;Cílios;90.0;Cartão de crédito;Concluído;Presencial
101954;2025-12-10;10:30;Gabriela Barbosa;11980000268;Santo André;SP;Bruna Oliveira;Spa dos pés;Estética;65.0;Cartão de crédito;Concluído;Instagram
101955;2025-12-10;10:30;Daniela Rocha;11980000387;Santo André;SP;Patrícia Alves;Coloração;Cabelos;160.0;PIX;Concluído;WhatsApp
101956;2025-12-10;11:30;Jéssica Gomes;11980000263;Santo André;SP;Larissa Santos;Esmaltação em gel;Unhas;80.0;PIX;Concluído;Instagram
101957;2025-12-10;13:30;Luciana Oliveira;11980000302;São Bernardo do Campo;SP;Juliana Martins;Spa dos pés;Estética;65.0;Dinheiro;Concluído;Telefone
101958;2025-12-10;14:00;Isabela Mendes;11980000135;São Caetano do Sul;SP;Mariana Silva;Escova;Cabelos;70.0;Cartão de crédito;Concluído;Instagram
101959;2025-12-10;14:30;Paula Barbosa;11980000161;Santo André;SP;Patrícia Alves;Manicure;Unhas;33.25;Cartão de crédito;Concluído;Instagram
101960;2025-12-10;14:30;Patrícia Pereira;11980000246;São Caetano do Sul;SP;Larissa Santos;Pedicure;Unhas;40.0;Dinheiro;Concluído;WhatsApp
101961;2025-12-10;15:00;Raquel Carvalho;11980000193;São Bernardo do Campo;SP;Bruna Oliveira;Pedicure;Unhas;40.0;PIX;Concluído;WhatsApp
101962;2025-12-10;15:00;Isabela Mendes;11980000428;São Caetano do Sul;SP;Juliana Martins;Manicure + Pedicure;Unhas;70.0;PIX;Concluído;Instagram
101963;2025-12-10;15:30;Jéssica Almeida;11980000299;São Paulo;SP;Mariana Silva;Manutenção de alongamento;Unhas;100.0;Dinheiro;Concluído;Telefone
101964;2025-12-10;16:30;Jéssica Gomes;11980000084;São Paulo;SP;Juliana Martins;Extensão de cílios;Cílios;171.0;Cartão de débito;Concluído;Instagram
101965;2025-12-10;17:00;Natália Barbosa;11980000328;Santo André;SP;Larissa Santos;Corte feminino;Cabelos;85.0;Cartão de débito;Concluído;Telefone
101966;2025-12-10;17:30;Bruna Barbosa;11980000446;Santo André;SP;Bruna Oliveira;Esmaltação em gel;Unhas;76.0;Dinheiro;Concluído;Presencial
101967;2025-12-10;18:00;Beatriz Ferreira;11980000334;São Bernardo do Campo;SP;Fernanda Costa;Alongamento de unhas;Unhas;150.0;Cartão de débito;Concluído;Presencial
101968;2025-12-11;09:00;Elaine Ferreira;11980000242;São Caetano do Sul;SP;Larissa Santos;Pedicure;Unhas;36.0;Dinheiro;Concluído;Presencial
101969;2025-12-11;10:00;Natália Carvalho;11980000063;Diadema;SP;Renata Souza;Escova;Cabelos;66.5;Cartão de crédito;Concluído;Presencial
101970;2025-12-11;11:00;Letícia Gomes;11980000240;Santo André;SP;Camila Rodrigues;Manicure + Pedicure;Unhas;66.5;Dinheiro;Concluído;Instagram
101971;2025-12-11;13:00;Elaine Silva;11980000261;Mauá;SP;Bruna Oliveira;Design de sobrancelhas;Sobrancelhas;45.0;PIX;Concluído;Telefone
101972;2025-12-11;13:30;Camila Carvalho;11980000210;São Bernardo do Campo;SP;Camila Rodrigues;Manicure + Pedicure;Unhas;70.0;PIX;Concluído;Telefone
101973;2025-12-11;14:30;Priscila Ribeiro;11980000178;São Paulo;SP;Juliana Martins;Manicure;Unhas;35.0;PIX;Concluído;Instagram
101974;2025-12-11;15:00;Carla Oliveira;11980000384;Diadema;SP;Camila Rodrigues;Manutenção de cílios;Cílios;90.0;Dinheiro;Concluído;WhatsApp
101975;2025-12-11;15:00;Elaine Oliveira;11980000158;Diadema;SP;Patrícia Alves;Design + Henna;Sobrancelhas;60.0;Cartão de crédito;Concluído;WhatsApp
101976;2025-12-11;15:00;Bianca Oliveira;11980000294;São Paulo;SP;Camila Rodrigues;Extensão de cílios;Cílios;171.0;PIX;Concluído;WhatsApp
101977;2025-12-11;16:00;Elaine Santos;11980000176;São Caetano do Sul;SP;Larissa Santos;Pedicure;Unhas;40.0;Dinheiro;Concluído;Telefone
101978;2025-12-11;16:00;Viviane Ribeiro;11980000045;Mauá;SP;Mariana Silva;Hidratação;Cabelos;95.0;Dinheiro;Concluído;Telefone
101979;2025-12-11;16:30;Monique Silva;11980000279;São Paulo;SP;Mariana Silva;Spa dos pés;Estética;65.0;Cartão de débito;Concluído;Instagram
101980;2025-12-12;09:00;Marcela Lima;11980000064;Santo André;SP;Camila Rodrigues;Pedicure;Unhas;40.0;Cartão de crédito;Concluído;Instagram
101981;2025-12-12;09:30;Amanda Ribeiro;11980000012;Diadema;SP;Bruna Oliveira;Design de sobrancelhas;Sobrancelhas;45.0;Dinheiro;Concluído;WhatsApp
101982;2025-12-12;10:00;Simone Silva;11980000201;Diadema;SP;Bruna Oliveira;Manutenção de cílios;Cílios;90.0;Cartão de crédito;Concluído;WhatsApp
101983;2025-12-12;10:30;Débora Gomes;11980000310;São Paulo;SP;Camila Rodrigues;Design de sobrancelhas;Sobrancelhas;0.0;Cartão de débito;Cancelado;Instagram
101984;2025-12-12;10:30;Monique Mendes;11980000419;Santo André;SP;Bruna Oliveira;Manicure;Unhas;31.5;Dinheiro;Concluído;Telefone
101985;2025-12-12;10:30;Beatriz Oliveira;11980000329;São Caetano do Sul;SP;Bruna Oliveira;Escova;Cabelos;66.5;Dinheiro;Concluído;Telefone
101986;2025-12-12;10:30;Bruna Martins;11980000136;São Bernardo do Campo;SP;Renata Souza;Pedicure;Unhas;40.0;PIX;Concluído;Telefone
101987;2025-12-12;11:00;Paula Silva;11980000366;Mauá;SP;Fernanda Costa;Manicure;Unhas;35.0;Cartão de débito;Concluído;Presencial
101988;2025-12-12;11:00;Monique Barbosa;11980000250;São Paulo;SP;Bruna Oliveira;Pedicure;Unhas;0.0;PIX;Cancelado;Telefone
101989;2025-12-12;11:30;Jéssica Gomes;11980000263;Santo André;SP;Bruna Oliveira;Spa dos pés;Estética;65.0;Dinheiro;Concluído;Telefone
101990;2025-12-12;13:00;Amanda Ferreira;11980000398;Mauá;SP;Camila Rodrigues;Pedicure;Unhas;40.0;PIX;Concluído;Instagram
101991;2025-12-12;13:30;Bianca Rocha;11980000082;São Paulo;SP;Fernanda Costa;Manicure + Pedicure;Unhas;70.0;PIX;Concluído;Presencial
101992;2025-12-12;14:00;Bruna Oliveira;11980000404;São Caetano do Sul;SP;Patrícia Alves;Spa dos pés;Estética;61.75;Cartão de crédito;Concluído;Instagram
101993;2025-12-12;14:00;Fernanda Pereira;11980000292;Santo André;SP;Patrícia Alves;Pedicure;Unhas;0.0;Dinheiro;Cancelado;Telefone
101994;2025-12-12;15:00;Rafaela Gomes;11980000006;São Paulo;SP;Mariana Silva;Manutenção de alongamento;Unhas;100.0;PIX;Concluído;Instagram
101995;2025-12-12;15:30;Patrícia Ribeiro;11980000044;São Bernardo do Campo;SP;Camila Rodrigues;Manutenção de cílios;Cílios;90.0;Cartão de crédito;Concluído;Telefone
101996;2025-12-12;15:30;Sabrina Ferreira;11980000281;Santo André;SP;Larissa Santos;Manutenção de alongamento;Unhas;0.0;Cartão de crédito;Cancelado;Instagram
101997;2025-12-12;15:30;Elaine Lima;11980000447;Mauá;SP;Mariana Silva;Manutenção de cílios;Cílios;85.5;Cartão de crédito;Concluído;Telefone
101998;2025-12-12;16:00;Letícia Fernandes;11980000015;São Caetano do Sul;SP;Larissa Santos;Manicure;Unhas;0.0;Dinheiro;Não Compareceu;Instagram
101999;2025-12-12;16:00;Patrícia Barbosa;11980000196;São Caetano do Sul;SP;Bruna Oliveira;Manicure;Unhas;35.0;Dinheiro;Concluído;Presencial
102000;2025-12-12;17:00;Daniela Ribeiro;11980000171;Diadema;SP;Camila Rodrigues;Manicure;Unhas;35.0;Dinheiro;Concluído;WhatsApp
102001;2025-12-12;17:00;Luciana Ferreira;11980000325;Diadema;SP;Fernanda Costa;Design + Henna;Sobrancelhas;60.0;Cartão de crédito;Concluído;Instagram
102002;2025-12-12;17:30;Elaine Almeida;11980000110;Diadema;SP;Bruna Oliveira;Manicure + Pedicure;Unhas;70.0;Cartão de débito;Concluído;WhatsApp
102003;2025-12-12;17:30;Bianca Souza;11980000276;Diadema;SP;Larissa Santos;Manicure;Unhas;33.25;Cartão de débito;Concluído;WhatsApp
102004;2025-12-12;17:30;Sabrina Oliveira;11980000034;São Bernardo do Campo;SP;Camila Rodrigues;Manicure;Unhas;35.0;Cartão de débito;Concluído;Instagram
102005;2025-12-12;17:30;Tatiane Santos;11980000094;São Bernardo do Campo;SP;Patrícia Alves;Alongamento de unhas;Unhas;150.0;Cartão de crédito;Concluído;WhatsApp
102006;2025-12-13;09:00;Rafaela Mendes;11980000114;Santo André;SP;Mariana Silva;Spa dos pés;Estética;65.0;PIX;Concluído;WhatsApp
102007;2025-12-13;09:00;Paula Ribeiro;11980000450;São Caetano do Sul;SP;Renata Souza;Manutenção de cílios;Cílios;90.0;PIX;Concluído;Presencial
102008;2025-12-13;09:30;Bianca Ferreira;11980000300;São Caetano do Sul;SP;Mariana Silva;Manicure;Unhas;35.0;PIX;Concluído;WhatsApp
102009;2025-12-13;09:30;Patrícia Pereira;11980000246;São Caetano do Sul;SP;Fernanda Costa;Alongamento de unhas;Unhas;150.0;Cartão de débito;Concluído;Instagram
102010;2025-12-13;10:00;Simone Silva;11980000137;São Caetano do Sul;SP;Camila Rodrigues;Escova;Cabelos;66.5;Cartão de crédito;Concluído;Instagram
102011;2025-12-13;10:30;Carla Martins;11980000265;Santo André;SP;Juliana Martins;Manicure;Unhas;35.0;PIX;Concluído;WhatsApp
102012;2025-12-13;11:00;Cristiane Costa;11980000197;São Paulo;SP;Patrícia Alves;Escova;Cabelos;66.5;Cartão de crédito;Concluído;Presencial
102013;2025-12-13;11:00;Priscila Barbosa;11980000162;São Paulo;SP;Juliana Martins;Pedicure;Unhas;40.0;PIX;Concluído;Telefone
102014;2025-12-13;11:00;Bruna Almeida;11980000369;Mauá;SP;Camila Rodrigues;Spa dos pés;Estética;61.75;Cartão de débito;Concluído;Telefone
102015;2025-12-13;11:00;Simone Mendes;11980000293;São Caetano do Sul;SP;Renata Souza;Alongamento de unhas;Unhas;135.0;Cartão de débito;Concluído;Telefone
102016;2025-12-13;11:00;Luciana Santos;11980000103;São Paulo;SP;Larissa Santos;Design + Henna;Sobrancelhas;57.0;Cartão de débito;Concluído;WhatsApp
102017;2025-12-13;11:00;Cristiane Martins;11980000252;Santo André;SP;Fernanda Costa;Design de sobrancelhas;Sobrancelhas;45.0;Cartão de débito;Concluído;Presencial
102018;2025-12-13;11:00;Débora Ribeiro;11980000371;Santo André;SP;Patrícia Alves;Pedicure;Unhas;40.0;Dinheiro;Concluído;WhatsApp
102019;2025-12-13;11:30;Cristiane Martins;11980000039;São Bernardo do Campo;SP;Bruna Oliveira;Esmaltação em gel;Unhas;80.0;Cartão de débito;Concluído;Telefone
102020;2025-12-13;11:30;Monique Almeida;11980000059;Santo André;SP;Camila Rodrigues;Manicure;Unhas;35.0;Cartão de débito;Concluído;WhatsApp
102021;2025-12-13;13:00;Monique Almeida;11980000093;São Paulo;SP;Bruna Oliveira;Design de sobrancelhas;Sobrancelhas;45.0;Dinheiro;Concluído;Telefone
102022;2025-12-13;13:00;Débora Costa;11980000088;São Paulo;SP;Patrícia Alves;Manicure;Unhas;35.0;Dinheiro;Concluído;Presencial
102023;2025-12-13;13:30;Jéssica Martins;11980000028;Mauá;SP;Juliana Martins;Manicure;Unhas;35.0;Dinheiro;Concluído;WhatsApp
102024;2025-12-13;13:30;Rafaela Santos;11980000223;Diadema;SP;Juliana Martins;Hidratação;Cabelos;0.0;PIX;Cancelado;WhatsApp
102025;2025-12-13;14:00;Natália Almeida;11980000077;São Bernardo do Campo;SP;Camila Rodrigues;Pedicure;Unhas;40.0;PIX;Concluído;Instagram
102026;2025-12-13;14:00;Natália Rocha;11980000277;Santo André;SP;Fernanda Costa;Esmaltação em gel;Unhas;80.0;PIX;Concluído;WhatsApp
102027;2025-12-13;14:30;Renata Rocha;11980000423;Santo André;SP;Renata Souza;Manutenção de cílios;Cílios;90.0;Cartão de crédito;Concluído;Instagram
102028;2025-12-13;14:30;Jéssica Gomes;11980000263;Santo André;SP;Larissa Santos;Design de sobrancelhas;Sobrancelhas;0.0;Cartão de crédito;Cancelado;Presencial
102029;2025-12-13;14:30;Gabriela Barbosa;11980000243;São Paulo;SP;Camila Rodrigues;Manutenção de alongamento;Unhas;90.0;PIX;Concluído;Instagram
102030;2025-12-13;14:30;Cristiane Ferreira;11980000376;São Paulo;SP;Camila Rodrigues;Design de sobrancelhas;Sobrancelhas;45.0;Dinheiro;Concluído;Presencial
102031;2025-12-13;15:00;Monique Ribeiro;11980000048;Diadema;SP;Bruna Oliveira;Manicure;Unhas;35.0;Cartão de débito;Concluído;Instagram
102032;2025-12-13;15:00;Débora Lima;11980000396;São Bernardo do Campo;SP;Patrícia Alves;Design de sobrancelhas;Sobrancelhas;45.0;PIX;Concluído;WhatsApp
102033;2025-12-13;15:30;Tatiane Pereira;11980000070;São Paulo;SP;Larissa Santos;Pedicure;Unhas;40.0;Cartão de crédito;Concluído;Instagram
102034;2025-12-13;15:30;Gabriela Barbosa;11980000268;Santo André;SP;Juliana Martins;Manicure + Pedicure;Unhas;70.0;Cartão de débito;Concluído;Telefone
102035;2025-12-13;16:00;Renata Souza;11980000128;Mauá;SP;Fernanda Costa;Manutenção de cílios;Cílios;90.0;PIX;Concluído;WhatsApp
102036;2025-12-13;16:30;Letícia Costa;11980000164;Diadema;SP;Juliana Martins;Pedicure;Unhas;36.0;Dinheiro;Concluído;Telefone
102037;2025-12-13;16:30;Luciana Mendes;11980000146;São Caetano do Sul;SP;Fernanda Costa;Hidratação;Cabelos;95.0;PIX;Concluído;Instagram
102038;2025-12-13;16:30;Carla Oliveira;11980000115;Santo André;SP;Bruna Oliveira;Manicure + Pedicure;Unhas;70.0;PIX;Concluído;Instagram
102039;2025-12-13;16:30;Monique Ribeiro;11980000166;Diadema;SP;Renata Souza;Manicure + Pedicure;Unhas;70.0;Cartão de débito;Concluído;Telefone
102040;2025-12-13;16:30;Cristiane Ferreira;11980000376;São Paulo;SP;Bruna Oliveira;Pedicure;Unhas;40.0;Dinheiro;Concluído;Presencial
102041;2025-12-13;17:30;Rafaela Barbosa;11980000381;Santo André;SP;Bruna Oliveira;Escova;Cabelos;70.0;Cartão de crédito;Concluído;WhatsApp
102042;2025-12-13;18:00;Elaine Gomes;11980000195;Santo André;SP;Camila Rodrigues;Corte feminino;Cabelos;85.0;Cartão de débito;Concluído;WhatsApp
102043;2025-12-13;18:00;Viviane Ferreira;11980000073;Mauá;SP;Camila Rodrigues;Esmaltação em gel;Unhas;80.0;Dinheiro;Concluído;Telefone
102044;2025-12-15;09:00;Débora Lima;11980000113;Diadema;SP;Fernanda Costa;Alongamento de unhas;Unhas;150.0;PIX;Concluído;WhatsApp
102045;2025-12-15;11:00;Juliana Martins;11980000180;São Caetano do Sul;SP;Bruna Oliveira;Coloração;Cabelos;144.0;PIX;Concluído;Presencial
102046;2025-12-15;13:00;Tatiane Mendes;11980000340;Mauá;SP;Patrícia Alves;Design de sobrancelhas;Sobrancelhas;45.0;PIX;Concluído;WhatsApp
102047;2025-12-15;13:00;Juliana Mendes;11980000188;São Caetano do Sul;SP;Larissa Santos;Extensão de cílios;Cílios;0.0;Cartão de débito;Cancelado;Presencial
102048;2025-12-15;13:00;Patrícia Oliveira;11980000121;São Caetano do Sul;SP;Mariana Silva;Hidratação;Cabelos;95.0;Cartão de débito;Concluído;Presencial
102049;2025-12-15;14:00;Camila Carvalho;11980000210;São Bernardo do Campo;SP;Larissa Santos;Esmaltação em gel;Unhas;80.0;Cartão de débito;Concluído;WhatsApp
102050;2025-12-15;14:30;Marcela Ferreira;11980000160;Santo André;SP;Bruna Oliveira;Manutenção de cílios;Cílios;81.0;Cartão de crédito;Concluído;Presencial
102051;2025-12-15;15:00;Patrícia Martins;11980000274;Santo André;SP;Patrícia Alves;Pedicure;Unhas;38.0;Cartão de crédito;Concluído;Instagram
102052;2025-12-15;15:30;Carla Lima;11980000433;Mauá;SP;Patrícia Alves;Pedicure;Unhas;40.0;Dinheiro;Concluído;Presencial
102053;2025-12-15;16:30;Monique Gomes;11980000273;Mauá;SP;Mariana Silva;Manicure;Unhas;35.0;Cartão de débito;Concluído;Telefone
102054;2025-12-15;17:30;Natália Mendes;11980000413;Mauá;SP;Fernanda Costa;Esmaltação em gel;Unhas;0.0;Cartão de crédito;Não Compareceu;Instagram
102055;2025-12-15;18:00;Simone Ferreira;11980000202;Mauá;SP;Larissa Santos;Spa dos pés;Estética;65.0;Dinheiro;Concluído;Presencial
102056;2025-12-16;09:00;Isabela Santos;11980000208;Mauá;SP;Fernanda Costa;Hidratação;Cabelos;95.0;PIX;Concluído;WhatsApp
102057;2025-12-16;09:00;Cristiane Carvalho;11980000287;São Paulo;SP;Juliana Martins;Corte feminino;Cabelos;85.0;Cartão de débito;Concluído;Telefone
102058;2025-12-16;09:00;Simone Oliveira;11980000058;São Paulo;SP;Bruna Oliveira;Manicure;Unhas;35.0;PIX;Concluído;Presencial
102059;2025-12-16;09:00;Gabriela Pereira;11980000272;Mauá;SP;Patrícia Alves;Extensão de cílios;Cílios;180.0;Cartão de crédito;Concluído;Presencial
102060;2025-12-16;10:30;Carla Gomes;11980000445;São Caetano do Sul;SP;Mariana Silva;Corte feminino;Cabelos;85.0;Dinheiro;Concluído;Telefone
102061;2025-12-16;11:00;Paula Martins;11980000323;São Paulo;SP;Bruna Oliveira;Hidratação;Cabelos;95.0;Cartão de débito;Concluído;WhatsApp
102062;2025-12-16;13:00;Isabela Mendes;11980000428;São Caetano do Sul;SP;Patrícia Alves;Manicure;Unhas;35.0;Dinheiro;Concluído;Presencial
102063;2025-12-16;14:30;Rafaela Rocha;11980000370;São Paulo;SP;Fernanda Costa;Manicure;Unhas;33.25;Dinheiro;Concluído;Telefone
102064;2025-12-16;16:00;Amanda Mendes;11980000127;São Bernardo do Campo;SP;Camila Rodrigues;Manicure;Unhas;35.0;Dinheiro;Concluído;Instagram
102065;2025-12-16;16:00;Cristiane Ferreira;11980000295;Diadema;SP;Patrícia Alves;Manicure;Unhas;35.0;Cartão de débito;Concluído;WhatsApp
102066;2025-12-16;16:30;Renata Souza;11980000128;Mauá;SP;Camila Rodrigues;Hidratação;Cabelos;95.0;Cartão de crédito;Concluído;Telefone
102067;2025-12-16;17:00;Gabriela Barbosa;11980000268;Santo André;SP;Camila Rodrigues;Manutenção de alongamento;Unhas;100.0;PIX;Concluído;Presencial
102068;2025-12-16;17:00;Natália Ribeiro;11980000358;Santo André;SP;Renata Souza;Manicure;Unhas;35.0;PIX;Concluído;Telefone
102069;2025-12-16;17:00;Mariana Rocha;11980000383;São Caetano do Sul;SP;Juliana Martins;Design de sobrancelhas;Sobrancelhas;45.0;Dinheiro;Concluído;WhatsApp
102070;2025-12-16;17:30;Aline Moreira;11980000017;São Caetano do Sul;SP;Camila Rodrigues;Pedicure;Unhas;40.0;Cartão de crédito;Concluído;Presencial
102071;2025-12-16;17:30;Letícia Ferreira;11980000397;São Caetano do Sul;SP;Juliana Martins;Esmaltação em gel;Unhas;80.0;Cartão de crédito;Concluído;Presencial
102072;2025-12-16;17:30;Beatriz Oliveira;11980000393;Diadema;SP;Juliana Martins;Manicure;Unhas;35.0;PIX;Concluído;Presencial
102073;2025-12-16;18:00;Luciana Costa;11980000255;São Caetano do Sul;SP;Patrícia Alves;Manicure;Unhas;35.0;PIX;Concluído;WhatsApp
102074;2025-12-16;18:00;Gabriela Gomes;11980000257;São Caetano do Sul;SP;Patrícia Alves;Manutenção de cílios;Cílios;90.0;Dinheiro;Concluído;Presencial
102075;2025-12-17;09:00;Renata Martins;11980000133;São Caetano do Sul;SP;Bruna Oliveira;Design + Henna;Sobrancelhas;60.0;Dinheiro;Concluído;Telefone
102076;2025-12-17;09:00;Beatriz Barbosa;11980000214;Mauá;SP;Bruna Oliveira;Pedicure;Unhas;40.0;Dinheiro;Concluído;Instagram
102077;2025-12-17;09:00;Sabrina Souza;11980000038;Mauá;SP;Camila Rodrigues;Manutenção de alongamento;Unhas;100.0;Cartão de débito;Concluído;Telefone
102078;2025-12-17;09:30;Débora Lima;11980000396;São Bernardo do Campo;SP;Larissa Santos;Manutenção de alongamento;Unhas;100.0;Dinheiro;Concluído;Presencial
102079;2025-12-17;09:30;Monique Costa;11980000186;São Bernardo do Campo;SP;Fernanda Costa;Pedicure;Unhas;40.0;Dinheiro;Concluído;Presencial
102080;2025-12-17;09:30;Monique Gomes;11980000273;Mauá;SP;Renata Souza;Manutenção de alongamento;Unhas;100.0;Dinheiro;Concluído;Instagram
102081;2025-12-17;10:00;Beatriz Gomes;11980000076;Mauá;SP;Juliana Martins;Manicure + Pedicure;Unhas;70.0;Cartão de débito;Concluído;Presencial
102082;2025-12-17;10:00;Isabela Rocha;11980000055;Santo André;SP;Bruna Oliveira;Design de sobrancelhas;Sobrancelhas;42.75;Cartão de débito;Concluído;WhatsApp
102083;2025-12-17;10:30;Paula Souza;11980000283;São Paulo;SP;Mariana Silva;Manicure + Pedicure;Unhas;66.5;PIX;Concluído;Presencial
102084;2025-12-17;10:30;Sabrina Oliveira;11980000034;São Bernardo do Campo;SP;Bruna Oliveira;Design de sobrancelhas;Sobrancelhas;45.0;Cartão de débito;Concluído;Instagram
102085;2025-12-17;10:30;Juliana Ribeiro;11980000046;Santo André;SP;Mariana Silva;Manicure;Unhas;33.25;Cartão de débito;Concluído;Presencial
102086;2025-12-17;11:30;Elaine Almeida;11980000110;Diadema;SP;Bruna Oliveira;Coloração;Cabelos;0.0;PIX;Não Compareceu;Presencial
102087;2025-12-17;13:00;Vanessa Lima;11980000245;São Bernardo do Campo;SP;Juliana Martins;Hidratação;Cabelos;0.0;Cartão de crédito;Cancelado;Presencial
102088;2025-12-17;13:00;Vanessa Silva;11980000401;Diadema;SP;Patrícia Alves;Manicure + Pedicure;Unhas;70.0;PIX;Concluído;Instagram
102089;2025-12-17;14:00;Paula Ferreira;11980000239;São Bernardo do Campo;SP;Camila Rodrigues;Manicure;Unhas;35.0;Cartão de débito;Concluído;Instagram
102090;2025-12-17;14:30;Paula Mendes;11980000296;São Caetano do Sul;SP;Patrícia Alves;Manicure + Pedicure;Unhas;70.0;Cartão de crédito;Concluído;Telefone
102091;2025-12-17;14:30;Larissa Almeida;11980000010;Santo André;SP;Patrícia Alves;Manicure + Pedicure;Unhas;70.0;Cartão de débito;Concluído;Presencial
102092;2025-12-17;15:30;Paula Silva;11980000169;Diadema;SP;Juliana Martins;Manicure;Unhas;35.0;Dinheiro;Concluído;Telefone
102093;2025-12-17;15:30;Beatriz Ribeiro;11980000244;Diadema;SP;Bruna Oliveira;Extensão de cílios;Cílios;171.0;Cartão de crédito;Concluído;Presencial
102094;2025-12-17;16:00;Bianca Ferreira;11980000300;São Caetano do Sul;SP;Camila Rodrigues;Escova;Cabelos;70.0;Dinheiro;Concluído;Presencial
102095;2025-12-17;16:00;Juliana Santos;11980000362;São Paulo;SP;Larissa Santos;Design + Henna;Sobrancelhas;60.0;Cartão de crédito;Concluído;Presencial
102096;2025-12-17;16:30;Renata Martins;11980000133;São Caetano do Sul;SP;Patrícia Alves;Esmaltação em gel;Unhas;80.0;PIX;Concluído;Instagram
102097;2025-12-17;17:00;Simone Gomes;11980000351;São Paulo;SP;Bruna Oliveira;Spa dos pés;Estética;58.5;Cartão de débito;Concluído;Presencial
102098;2025-12-17;17:00;Larissa Pereira;11980000105;Santo André;SP;Camila Rodrigues;Escova;Cabelos;70.0;Dinheiro;Concluído;Presencial
102099;2025-12-17;17:00;Gabriela Pereira;11980000272;Mauá;SP;Camila Rodrigues;Manutenção de cílios;Cílios;85.5;PIX;Concluído;Telefone
102100;2025-12-18;09:00;Mariana Rocha;11980000383;São Caetano do Sul;SP;Bruna Oliveira;Spa dos pés;Estética;65.0;Cartão de débito;Concluído;Presencial
102101;2025-12-18;09:00;Ana Santos;11980000054;São Bernardo do Campo;SP;Bruna Oliveira;Coloração;Cabelos;160.0;Cartão de crédito;Concluído;Instagram
102102;2025-12-18;09:30;Cristiane Martins;11980000252;Santo André;SP;Juliana Martins;Alongamento de unhas;Unhas;150.0;Cartão de crédito;Concluído;Telefone
102103;2025-12-18;09:30;Camila Mendes;11980000138;Santo André;SP;Larissa Santos;Escova;Cabelos;66.5;PIX;Concluído;Presencial
102104;2025-12-18;10:00;Paula Oliveira;11980000177;Mauá;SP;Fernanda Costa;Pedicure;Unhas;40.0;PIX;Concluído;Telefone
102105;2025-12-18;10:00;Isabela Silva;11980000238;São Caetano do Sul;SP;Camila Rodrigues;Corte feminino;Cabelos;85.0;Cartão de crédito;Concluído;WhatsApp
102106;2025-12-18;10:30;Bruna Gomes;11980000087;Diadema;SP;Camila Rodrigues;Esmaltação em gel;Unhas;80.0;Cartão de crédito;Concluído;Instagram
102107;2025-12-18;10:30;Monique Almeida;11980000093;São Paulo;SP;Juliana Martins;Pedicure;Unhas;40.0;Cartão de crédito;Concluído;WhatsApp
102108;2025-12-18;11:00;Bruna Oliveira;11980000404;São Caetano do Sul;SP;Camila Rodrigues;Extensão de cílios;Cílios;180.0;Dinheiro;Concluído;Telefone
102109;2025-12-18;11:30;Natália Pereira;11980000422;Mauá;SP;Patrícia Alves;Manutenção de alongamento;Unhas;100.0;Cartão de débito;Concluído;Instagram
102110;2025-12-18;11:30;Renata Martins;11980000133;São Caetano do Sul;SP;Camila Rodrigues;Design de sobrancelhas;Sobrancelhas;40.5;Cartão de débito;Concluído;Instagram
102111;2025-12-18;11:30;Monique Almeida;11980000093;São Paulo;SP;Camila Rodrigues;Extensão de cílios;Cílios;0.0;Cartão de crédito;Cancelado;Presencial
102112;2025-12-18;13:30;Aline Barbosa;11980000056;São Caetano do Sul;SP;Renata Souza;Manutenção de cílios;Cílios;81.0;Cartão de crédito;Concluído;Presencial
102113;2025-12-18;14:00;Patrícia Souza;11980000306;São Paulo;SP;Larissa Santos;Manutenção de alongamento;Unhas;100.0;Cartão de débito;Concluído;Telefone
102114;2025-12-18;14:30;Elaine Santos;11980000176;São Caetano do Sul;SP;Camila Rodrigues;Coloração;Cabelos;160.0;Cartão de crédito;Concluído;Presencial
102115;2025-12-18;15:00;Tatiane Silva;11980000289;Santo André;SP;Camila Rodrigues;Manutenção de cílios;Cílios;85.5;Cartão de crédito;Concluído;Telefone
102116;2025-12-18;15:00;Cristiane Gomes;11980000303;Diadema;SP;Renata Souza;Pedicure;Unhas;40.0;Cartão de crédito;Concluído;Telefone
102117;2025-12-18;15:30;Luciana Oliveira;11980000302;São Bernardo do Campo;SP;Larissa Santos;Pedicure;Unhas;40.0;PIX;Concluído;Presencial
102118;2025-12-18;16:00;Beatriz Gomes;11980000076;Mauá;SP;Patrícia Alves;Manutenção de alongamento;Unhas;100.0;Cartão de crédito;Concluído;Instagram
102119;2025-12-18;16:00;Tatiane Santos;11980000094;São Bernardo do Campo;SP;Fernanda Costa;Corte feminino;Cabelos;80.75;PIX;Concluído;Presencial
102120;2025-12-18;16:00;Monique Almeida;11980000059;Santo André;SP;Fernanda Costa;Pedicure;Unhas;40.0;Cartão de crédito;Concluído;Instagram
102121;2025-12-18;16:30;Isabela Mendes;11980000428;São Caetano do Sul;SP;Larissa Santos;Design de sobrancelhas;Sobrancelhas;45.0;PIX;Concluído;Presencial
102122;2025-12-18;16:30;Bianca Rocha;11980000082;São Paulo;SP;Fernanda Costa;Escova;Cabelos;0.0;PIX;Não Compareceu;Instagram
102123;2025-12-18;17:00;Carla Barbosa;11980000053;Mauá;SP;Juliana Martins;Manutenção de cílios;Cílios;90.0;Dinheiro;Concluído;WhatsApp
102124;2025-12-18;17:30;Renata Almeida;11980000155;Mauá;SP;Camila Rodrigues;Alongamento de unhas;Unhas;0.0;Dinheiro;Não Compareceu;WhatsApp
102125;2025-12-18;17:30;Camila Souza;11980000211;São Caetano do Sul;SP;Larissa Santos;Manicure;Unhas;35.0;Dinheiro;Concluído;Telefone
102126;2025-12-19;09:00;Luciana Martins;11980000143;Mauá;SP;Patrícia Alves;Manicure;Unhas;35.0;Cartão de débito;Concluído;Instagram
102127;2025-12-19;10:00;Juliana Costa;11980000004;Santo André;SP;Patrícia Alves;Pedicure;Unhas;38.0;Cartão de débito;Concluído;Telefone
102128;2025-12-19;10:00;Rafaela Lima;11980000441;Diadema;SP;Patrícia Alves;Pedicure;Unhas;40.0;Cartão de crédito;Concluído;Telefone
102129;2025-12-19;10:30;Aline Pereira;11980000322;Mauá;SP;Mariana Silva;Extensão de cílios;Cílios;180.0;PIX;Concluído;Presencial
102130;2025-12-19;10:30;Tatiane Gomes;11980000230;Santo André;SP;Mariana Silva;Design de sobrancelhas;Sobrancelhas;45.0;Cartão de crédito;Concluído;WhatsApp
102131;2025-12-19;11:00;Simone Ferreira;11980000202;Mauá;SP;Patrícia Alves;Design de sobrancelhas;Sobrancelhas;45.0;PIX;Concluído;Instagram
102132;2025-12-19;11:00;Rafaela Souza;11980000438;São Caetano do Sul;SP;Fernanda Costa;Manutenção de alongamento;Unhas;100.0;Dinheiro;Concluído;WhatsApp
102133;2025-12-19;11:00;Cristiane Lima;11980000338;Mauá;SP;Fernanda Costa;Manicure + Pedicure;Unhas;70.0;Cartão de crédito;Concluído;WhatsApp
102134;2025-12-19;11:30;Luciana Barbosa;11980000204;São Bernardo do Campo;SP;Larissa Santos;Manicure;Unhas;33.25;Cartão de crédito;Concluído;Telefone
102135;2025-12-19;13:30;Simone Santos;11980000320;Mauá;SP;Renata Souza;Manutenção de cílios;Cílios;90.0;Cartão de crédito;Concluído;Instagram
102136;2025-12-19;13:30;Paula Oliveira;11980000177;Mauá;SP;Camila Rodrigues;Manicure;Unhas;0.0;Cartão de débito;Não Compareceu;Telefone
102137;2025-12-19;14:00;Natália Carvalho;11980000063;Diadema;SP;Patrícia Alves;Escova;Cabelos;70.0;PIX;Concluído;WhatsApp
102138;2025-12-19;15:00;Raquel Costa;11980000033;São Caetano do Sul;SP;Mariana Silva;Extensão de cílios;Cílios;180.0;Cartão de débito;Concluído;Instagram
102139;2025-12-19;15:30;Daniela Silva;11980000267;São Bernardo do Campo;SP;Mariana Silva;Design + Henna;Sobrancelhas;57.0;Cartão de crédito;Concluído;Instagram
102140;2025-12-19;15:30;Camila Souza;11980000360;Mauá;SP;Renata Souza;Manicure;Unhas;35.0;Dinheiro;Concluído;Presencial
102141;2025-12-19;15:30;Carla Mendes;11980000005;Mauá;SP;Juliana Martins;Esmaltação em gel;Unhas;80.0;Dinheiro;Concluído;Telefone
102142;2025-12-19;16:00;Daniela Barbosa;11980000253;Mauá;SP;Camila Rodrigues;Manutenção de alongamento;Unhas;90.0;Cartão de crédito;Concluído;Instagram
102143;2025-12-19;16:00;Larissa Oliveira;11980000074;São Caetano do Sul;SP;Renata Souza;Spa dos pés;Estética;65.0;Dinheiro;Concluído;Telefone
102144;2025-12-19;16:00;Débora Martins;11980000408;Diadema;SP;Camila Rodrigues;Pedicure;Unhas;40.0;Cartão de débito;Concluído;Instagram
102145;2025-12-19;16:00;Cristiane Santos;11980000378;Mauá;SP;Mariana Silva;Manicure;Unhas;35.0;Cartão de crédito;Concluído;Telefone
102146;2025-12-19;16:00;Renata Ribeiro;11980000228;Diadema;SP;Mariana Silva;Manutenção de cílios;Cílios;81.0;Cartão de crédito;Concluído;WhatsApp
102147;2025-12-19;16:30;Bianca Costa;11980000388;São Bernardo do Campo;SP;Patrícia Alves;Design de sobrancelhas;Sobrancelhas;42.75;Cartão de débito;Concluído;WhatsApp
102148;2025-12-19;16:30;Viviane Ferreira;11980000073;Mauá;SP;Camila Rodrigues;Hidratação;Cabelos;95.0;Cartão de crédito;Concluído;Instagram
102149;2025-12-19;17:30;Letícia Ferreira;11980000397;São Caetano do Sul;SP;Mariana Silva;Extensão de cílios;Cílios;180.0;Cartão de crédito;Concluído;Telefone
102150;2025-12-20;09:00;Rafaela Gomes;11980000356;Diadema;SP;Camila Rodrigues;Alongamento de unhas;Unhas;0.0;Cartão de crédito;Cancelado;Presencial
102151;2025-12-20;09:00;Larissa Santos;11980000248;São Bernardo do Campo;SP;Larissa Santos;Design + Henna;Sobrancelhas;60.0;Dinheiro;Concluído;WhatsApp
102152;2025-12-20;09:00;Cristiane Ferreira;11980000376;São Paulo;SP;Fernanda Costa;Manicure;Unhas;0.0;PIX;Não Compareceu;Telefone
102153;2025-12-20;09:00;Renata Lima;11980000372;São Caetano do Sul;SP;Fernanda Costa;Pedicure;Unhas;40.0;PIX;Concluído;Instagram
102154;2025-12-20;09:30;Raquel Gomes;11980000432;Santo André;SP;Patrícia Alves;Alongamento de unhas;Unhas;150.0;Dinheiro;Concluído;Presencial
102155;2025-12-20;09:30;Juliana Souza;11980000426;São Paulo;SP;Mariana Silva;Escova;Cabelos;0.0;Cartão de débito;Cancelado;Presencial
102156;2025-12-20;10:00;Daniela Rocha;11980000387;Santo André;SP;Renata Souza;Alongamento de unhas;Unhas;142.5;Cartão de débito;Concluído;WhatsApp
102157;2025-12-20;10:00;Flávia Cardoso;11980000027;Diadema;SP;Bruna Oliveira;Manutenção de cílios;Cílios;85.5;Dinheiro;Concluído;Telefone
102158;2025-12-20;10:30;Beatriz Ribeiro;11980000244;Diadema;SP;Patrícia Alves;Design de sobrancelhas;Sobrancelhas;45.0;Cartão de débito;Concluído;Presencial
102159;2025-12-20;13:00;Isabela Mendes;11980000428;São Caetano do Sul;SP;Larissa Santos;Design de sobrancelhas;Sobrancelhas;45.0;Cartão de crédito;Concluído;Instagram
102160;2025-12-20;13:00;Beatriz Silva;11980000439;Santo André;SP;Renata Souza;Design + Henna;Sobrancelhas;0.0;Cartão de crédito;Não Compareceu;Presencial
102161;2025-12-20;13:30;Elaine Moura;11980000026;São Bernardo do Campo;SP;Juliana Martins;Design de sobrancelhas;Sobrancelhas;45.0;Cartão de crédito;Concluído;Instagram
102162;2025-12-20;13:30;Juliana Martins;11980000333;Diadema;SP;Bruna Oliveira;Manicure;Unhas;35.0;Dinheiro;Concluído;WhatsApp
102163;2025-12-20;14:00;Isabela Barbosa;11980000117;São Paulo;SP;Larissa Santos;Pedicure;Unhas;38.0;Dinheiro;Concluído;Instagram
102164;2025-12-20;14:00;Priscila Barbosa;11980000147;Santo André;SP;Renata Souza;Manutenção de alongamento;Unhas;100.0;PIX;Concluído;Instagram
102165;2025-12-20;14:00;Tatiane Martins;11980000406;Santo André;SP;Patrícia Alves;Pedicure;Unhas;40.0;Cartão de crédito;Concluído;WhatsApp
102166;2025-12-20;14:00;Luciana Lima;11980000249;São Paulo;SP;Camila Rodrigues;Manicure + Pedicure;Unhas;66.5;Dinheiro;Concluído;WhatsApp
102167;2025-12-20;14:00;Monique Almeida;11980000059;Santo André;SP;Camila Rodrigues;Design + Henna;Sobrancelhas;54.0;PIX;Concluído;Telefone
102168;2025-12-20;14:00;Paula Souza;11980000283;São Paulo;SP;Bruna Oliveira;Pedicure;Unhas;40.0;PIX;Concluído;Instagram
102169;2025-12-20;14:30;Luciana Santos;11980000217;Santo André;SP;Renata Souza;Escova;Cabelos;70.0;PIX;Concluído;Presencial
102170;2025-12-20;14:30;Fernanda Pereira;11980000292;Santo André;SP;Camila Rodrigues;Pedicure;Unhas;40.0;Cartão de débito;Concluído;Presencial
102171;2025-12-20;14:30;Sabrina Lima;11980000100;Diadema;SP;Patrícia Alves;Manicure;Unhas;35.0;PIX;Concluído;WhatsApp
102172;2025-12-20;15:00;Isabela Barbosa;11980000117;São Paulo;SP;Mariana Silva;Design de sobrancelhas;Sobrancelhas;45.0;Cartão de débito;Concluído;Presencial
102173;2025-12-20;15:00;Débora Lima;11980000113;Diadema;SP;Fernanda Costa;Manicure + Pedicure;Unhas;70.0;Dinheiro;Concluído;Presencial
102174;2025-12-20;15:00;Gabriela Silva;11980000415;São Paulo;SP;Juliana Martins;Manutenção de alongamento;Unhas;100.0;Dinheiro;Concluído;WhatsApp
102175;2025-12-20;16:00;Juliana Santos;11980000071;São Paulo;SP;Renata Souza;Extensão de cílios;Cílios;180.0;Cartão de débito;Concluído;Instagram
102176;2025-12-20;16:00;Gabriela Barbosa;11980000243;São Paulo;SP;Bruna Oliveira;Hidratação;Cabelos;95.0;Cartão de débito;Concluído;Telefone
102177;2025-12-20;16:00;Jéssica Costa;11980000236;São Caetano do Sul;SP;Patrícia Alves;Manutenção de alongamento;Unhas;90.0;Dinheiro;Concluído;WhatsApp
102178;2025-12-20;16:30;Vanessa Lima;11980000245;São Bernardo do Campo;SP;Juliana Martins;Pedicure;Unhas;38.0;Dinheiro;Concluído;Presencial
102179;2025-12-20;16:30;Paula Ribeiro;11980000450;São Caetano do Sul;SP;Bruna Oliveira;Pedicure;Unhas;40.0;Cartão de crédito;Concluído;Presencial
102180;2025-12-20;16:30;Isabela Barbosa;11980000117;São Paulo;SP;Renata Souza;Manutenção de alongamento;Unhas;100.0;Cartão de crédito;Concluído;Presencial
102181;2025-12-20;17:00;Vanessa Almeida;11980000311;São Paulo;SP;Bruna Oliveira;Alongamento de unhas;Unhas;150.0;Dinheiro;Concluído;Telefone
102182;2025-12-20;17:00;Cristiane Santos;11980000378;Mauá;SP;Juliana Martins;Manicure + Pedicure;Unhas;70.0;Cartão de débito;Concluído;Presencial
102183;2025-12-20;17:00;Beatriz Silva;11980000069;São Caetano do Sul;SP;Patrícia Alves;Manicure + Pedicure;Unhas;70.0;Cartão de crédito;Concluído;WhatsApp
102184;2025-12-21;16:30;Tatiane Pereira;11980000070;São Paulo;SP;Patrícia Alves;Manutenção de cílios;Cílios;85.5;Dinheiro;Concluído;Telefone
102185;2025-12-22;09:00;Bianca Silva;11980000391;São Caetano do Sul;SP;Patrícia Alves;Design de sobrancelhas;Sobrancelhas;45.0;Cartão de crédito;Concluído;WhatsApp
102186;2025-12-22;09:00;Patrícia Santos;11980000213;Diadema;SP;Larissa Santos;Esmaltação em gel;Unhas;72.0;Dinheiro;Concluído;Telefone
102187;2025-12-22;09:00;Sabrina Souza;11980000286;Diadema;SP;Camila Rodrigues;Esmaltação em gel;Unhas;80.0;PIX;Concluído;Instagram
102188;2025-12-22;09:30;Letícia Ferreira;11980000397;São Caetano do Sul;SP;Camila Rodrigues;Manicure;Unhas;0.0;Cartão de crédito;Cancelado;Presencial
102189;2025-12-22;09:30;Paula Martins;11980000323;São Paulo;SP;Fernanda Costa;Manicure;Unhas;35.0;PIX;Concluído;WhatsApp
102190;2025-12-22;11:00;Cristiane Lima;11980000338;Mauá;SP;Renata Souza;Escova;Cabelos;70.0;PIX;Concluído;WhatsApp
102191;2025-12-22;11:00;Letícia Oliveira;11980000345;Mauá;SP;Patrícia Alves;Esmaltação em gel;Unhas;72.0;Cartão de débito;Concluído;Instagram
102192;2025-12-22;11:30;Bruna Almeida;11980000369;Mauá;SP;Bruna Oliveira;Hidratação;Cabelos;95.0;Dinheiro;Concluído;WhatsApp
102193;2025-12-22;13:00;Paula Mendes;11980000414;Diadema;SP;Camila Rodrigues;Alongamento de unhas;Unhas;150.0;Cartão de crédito;Concluído;Instagram
102194;2025-12-22;14:00;Elaine Ferreira;11980000216;São Paulo;SP;Renata Souza;Design + Henna;Sobrancelhas;60.0;Cartão de crédito;Concluído;Presencial
102195;2025-12-22;14:30;Daniela Ferreira;11980000435;São Bernardo do Campo;SP;Camila Rodrigues;Escova;Cabelos;66.5;Cartão de crédito;Concluído;Presencial
102196;2025-12-22;14:30;Sabrina Ferreira;11980000042;São Bernardo do Campo;SP;Patrícia Alves;Manicure;Unhas;35.0;Cartão de crédito;Concluído;Telefone
102197;2025-12-22;14:30;Viviane Gomes;11980000313;Diadema;SP;Fernanda Costa;Pedicure;Unhas;40.0;Cartão de crédito;Concluído;Instagram
102198;2025-12-22;14:30;Viviane Ribeiro;11980000045;Mauá;SP;Renata Souza;Coloração;Cabelos;160.0;PIX;Concluído;Telefone
102199;2025-12-22;15:00;Jéssica Lima;11980000427;Mauá;SP;Fernanda Costa;Escova;Cabelos;70.0;PIX;Concluído;WhatsApp
102200;2025-12-22;15:00;Paula Martins;11980000323;São Paulo;SP;Patrícia Alves;Design + Henna;Sobrancelhas;0.0;Dinheiro;Não Compareceu;WhatsApp
102201;2025-12-22;15:00;Tatiane Mendes;11980000340;Mauá;SP;Renata Souza;Design + Henna;Sobrancelhas;60.0;PIX;Concluído;Telefone
102202;2025-12-22;16:00;Monique Rocha;11980000350;São Caetano do Sul;SP;Larissa Santos;Manicure;Unhas;35.0;PIX;Concluído;Presencial
102203;2025-12-22;16:30;Monique Santos;11980000031;Diadema;SP;Fernanda Costa;Design + Henna;Sobrancelhas;60.0;PIX;Concluído;Presencial
102204;2025-12-22;17:00;Débora Lima;11980000396;São Bernardo do Campo;SP;Renata Souza;Manutenção de alongamento;Unhas;100.0;PIX;Concluído;Telefone
102205;2025-12-22;18:00;Beatriz Ferreira;11980000098;São Bernardo do Campo;SP;Camila Rodrigues;Manicure + Pedicure;Unhas;70.0;Cartão de débito;Concluído;Telefone
102206;2025-12-22;18:00;Vanessa Lima;11980000233;Mauá;SP;Patrícia Alves;Alongamento de unhas;Unhas;150.0;Dinheiro;Concluído;Telefone
102207;2025-12-22;18:00;Débora Lima;11980000396;São Bernardo do Campo;SP;Patrícia Alves;Corte feminino;Cabelos;85.0;PIX;Concluído;Presencial
102208;2025-12-23;09:30;Amanda Mendes;11980000127;São Bernardo do Campo;SP;Fernanda Costa;Esmaltação em gel;Unhas;76.0;Cartão de débito;Concluído;Instagram
102209;2025-12-23;10:00;Mariana Oliveira;11980000207;São Caetano do Sul;SP;Camila Rodrigues;Manicure;Unhas;35.0;PIX;Concluído;Presencial
102210;2025-12-23;11:00;Patrícia Souza;11980000306;São Paulo;SP;Camila Rodrigues;Design de sobrancelhas;Sobrancelhas;0.0;Dinheiro;Cancelado;Telefone
102211;2025-12-23;11:30;Carla Oliveira;11980000384;Diadema;SP;Camila Rodrigues;Coloração;Cabelos;160.0;Dinheiro;Concluído;Presencial
102212;2025-12-23;11:30;Paula Almeida;11980000364;São Paulo;SP;Larissa Santos;Manutenção de alongamento;Unhas;100.0;Dinheiro;Concluído;WhatsApp
102213;2025-12-23;13:00;Viviane Ferreira;11980000142;Mauá;SP;Bruna Oliveira;Alongamento de unhas;Unhas;0.0;Cartão de crédito;Cancelado;Presencial
102214;2025-12-23;14:00;Juliana Costa;11980000359;Diadema;SP;Larissa Santos;Escova;Cabelos;66.5;Cartão de crédito;Concluído;Telefone
102215;2025-12-23;14:00;Renata Souza;11980000128;Mauá;SP;Camila Rodrigues;Pedicure;Unhas;38.0;Dinheiro;Concluído;WhatsApp
102216;2025-12-23;15:30;Beatriz Silva;11980000069;São Caetano do Sul;SP;Fernanda Costa;Manicure;Unhas;35.0;Dinheiro;Concluído;WhatsApp
102217;2025-12-23;16:00;Elaine Souza;11980000091;São Caetano do Sul;SP;Renata Souza;Hidratação;Cabelos;95.0;Cartão de crédito;Concluído;Instagram
102218;2025-12-23;16:30;Tatiane Silva;11980000289;Santo André;SP;Patrícia Alves;Manicure;Unhas;31.5;Dinheiro;Concluído;Presencial
102219;2025-12-23;17:00;Renata Souza;11980000128;Mauá;SP;Bruna Oliveira;Design + Henna;Sobrancelhas;60.0;Cartão de débito;Concluído;Telefone
102220;2025-12-23;17:00;Vanessa Martins;11980000020;São Bernardo do Campo;SP;Bruna Oliveira;Alongamento de unhas;Unhas;150.0;Dinheiro;Concluído;WhatsApp
102221;2025-12-23;17:00;Daniela Lima;11980000431;Diadema;SP;Patrícia Alves;Manicure;Unhas;0.0;Cartão de crédito;Não Compareceu;Telefone
102222;2025-12-23;17:30;Elaine Souza;11980000111;Santo André;SP;Mariana Silva;Manutenção de cílios;Cílios;90.0;Dinheiro;Concluído;Presencial
102223;2025-12-23;17:30;Simone Martins;11980000067;Mauá;SP;Mariana Silva;Design de sobrancelhas;Sobrancelhas;0.0;Cartão de crédito;Cancelado;Instagram
102224;2025-12-23;18:00;Jéssica Gomes;11980000049;Diadema;SP;Mariana Silva;Pedicure;Unhas;40.0;PIX;Concluído;Instagram
102225;2025-12-24;09:00;Daniela Almeida;11980000400;Mauá;SP;Fernanda Costa;Esmaltação em gel;Unhas;76.0;Dinheiro;Concluído;Instagram
102226;2025-12-24;09:00;Priscila Barbosa;11980000162;São Paulo;SP;Juliana Martins;Corte feminino;Cabelos;85.0;Dinheiro;Concluído;WhatsApp
102227;2025-12-24;09:30;Cristiane Carvalho;11980000287;São Paulo;SP;Bruna Oliveira;Manicure;Unhas;35.0;Cartão de débito;Concluído;Instagram
102228;2025-12-24;09:30;Daniela Lima;11980000399;São Paulo;SP;Juliana Martins;Escova;Cabelos;0.0;Cartão de débito;Não Compareceu;WhatsApp
102229;2025-12-24;09:30;Cristiane Costa;11980000197;São Paulo;SP;Renata Souza;Spa dos pés;Estética;65.0;PIX;Concluído;Telefone
102230;2025-12-24;11:00;Fernanda Ferreira;11980000152;São Paulo;SP;Camila Rodrigues;Manicure + Pedicure;Unhas;70.0;Cartão de crédito;Concluído;Instagram
102231;2025-12-24;11:30;Larissa Santos;11980000248;São Bernardo do Campo;SP;Renata Souza;Coloração;Cabelos;160.0;Cartão de débito;Concluído;Telefone
102232;2025-12-24;14:30;Daniela Ferreira;11980000435;São Bernardo do Campo;SP;Camila Rodrigues;Manicure + Pedicure;Unhas;70.0;PIX;Concluído;Telefone
102233;2025-12-24;14:30;Daniela Lima;11980000431;Diadema;SP;Juliana Martins;Coloração;Cabelos;152.0;Cartão de crédito;Concluído;Telefone
102234;2025-12-24;15:30;Fernanda Lima;11980000003;São Paulo;SP;Juliana Martins;Manutenção de alongamento;Unhas;100.0;PIX;Concluído;Presencial
102235;2025-12-24;16:30;Viviane Martins;11980000068;São Paulo;SP;Camila Rodrigues;Design de sobrancelhas;Sobrancelhas;45.0;Dinheiro;Concluído;Instagram
102236;2025-12-24;16:30;Natália Barbosa;11980000016;Diadema;SP;Larissa Santos;Spa dos pés;Estética;65.0;PIX;Concluído;Telefone
102237;2025-12-24;17:30;Beatriz Santos;11980000007;Mauá;SP;Camila Rodrigues;Esmaltação em gel;Unhas;80.0;Cartão de crédito;Concluído;Telefone
102238;2025-12-24;17:30;Larissa Ribeiro;11980000116;São Bernardo do Campo;SP;Juliana Martins;Design + Henna;Sobrancelhas;57.0;Cartão de débito;Concluído;WhatsApp
102239;2025-12-24;18:00;Jéssica Lima;11980000427;Mauá;SP;Juliana Martins;Design de sobrancelhas;Sobrancelhas;45.0;Cartão de crédito;Concluído;Instagram
102240;2025-12-25;09:00;Simone Gomes;11980000351;São Paulo;SP;Fernanda Costa;Design de sobrancelhas;Sobrancelhas;45.0;PIX;Concluído;Telefone
102241;2025-12-25;09:00;Débora Gomes;11980000310;São Paulo;SP;Larissa Santos;Manicure + Pedicure;Unhas;70.0;PIX;Concluído;Presencial
102242;2025-12-25;09:30;Fernanda Ferreira;11980000152;São Paulo;SP;Larissa Santos;Manutenção de cílios;Cílios;85.5;Cartão de crédito;Concluído;Instagram
102243;2025-12-25;09:30;Bianca Souza;11980000276;Diadema;SP;Fernanda Costa;Design de sobrancelhas;Sobrancelhas;45.0;Dinheiro;Concluído;WhatsApp
102244;2025-12-25;10:00;Paula Oliveira;11980000177;Mauá;SP;Mariana Silva;Esmaltação em gel;Unhas;80.0;PIX;Concluído;Presencial
102245;2025-12-25;10:00;Tatiane Souza;11980000022;Santo André;SP;Juliana Martins;Design de sobrancelhas;Sobrancelhas;42.75;Cartão de débito;Concluído;WhatsApp
102246;2025-12-25;11:00;Monique Ribeiro;11980000048;Diadema;SP;Renata Souza;Design + Henna;Sobrancelhas;60.0;Dinheiro;Concluído;Telefone
102247;2025-12-25;11:00;Simone Ferreira;11980000390;Mauá;SP;Renata Souza;Design de sobrancelhas;Sobrancelhas;45.0;PIX;Concluído;Presencial
102248;2025-12-25;14:30;Camila Silva;11980000041;São Paulo;SP;Larissa Santos;Manutenção de cílios;Cílios;85.5;PIX;Concluído;Telefone
102249;2025-12-25;15:00;Viviane Martins;11980000068;São Paulo;SP;Bruna Oliveira;Pedicure;Unhas;38.0;Dinheiro;Concluído;Telefone
102250;2025-12-25;15:00;Carla Almeida;11980000444;Diadema;SP;Renata Souza;Manutenção de cílios;Cílios;90.0;Cartão de crédito;Concluído;Instagram
102251;2025-12-25;15:00;Fernanda Santos;11980000425;Diadema;SP;Camila Rodrigues;Extensão de cílios;Cílios;180.0;PIX;Concluído;WhatsApp
102252;2025-12-25;16:00;Débora Costa;11980000134;São Paulo;SP;Fernanda Costa;Extensão de cílios;Cílios;180.0;Cartão de crédito;Concluído;WhatsApp
102253;2025-12-25;16:30;Elaine Martins;11980000374;São Paulo;SP;Renata Souza;Design de sobrancelhas;Sobrancelhas;45.0;Dinheiro;Concluído;Presencial
102254;2025-12-25;17:30;Luciana Barbosa;11980000204;São Bernardo do Campo;SP;Camila Rodrigues;Design + Henna;Sobrancelhas;60.0;Cartão de débito;Concluído;Instagram
102255;2025-12-25;17:30;Larissa Ribeiro;11980000116;São Bernardo do Campo;SP;Larissa Santos;Design + Henna;Sobrancelhas;60.0;Cartão de débito;Concluído;Telefone
102256;2025-12-25;17:30;Monique Barbosa;11980000250;São Paulo;SP;Camila Rodrigues;Esmaltação em gel;Unhas;0.0;PIX;Não Compareceu;Instagram
102257;2025-12-26;10:00;Bianca Costa;11980000226;Mauá;SP;Renata Souza;Design + Henna;Sobrancelhas;60.0;PIX;Concluído;WhatsApp
102258;2025-12-26;10:00;Débora Ribeiro;11980000371;Santo André;SP;Larissa Santos;Manicure;Unhas;35.0;Dinheiro;Concluído;Telefone
102259;2025-12-26;10:30;Beatriz Silva;11980000439;Santo André;SP;Camila Rodrigues;Escova;Cabelos;70.0;Cartão de crédito;Concluído;Telefone
102260;2025-12-26;10:30;Rafaela Gomes;11980000006;São Paulo;SP;Renata Souza;Design de sobrancelhas;Sobrancelhas;0.0;PIX;Não Compareceu;Instagram
102261;2025-12-26;10:30;Marcela Lima;11980000064;Santo André;SP;Camila Rodrigues;Design de sobrancelhas;Sobrancelhas;45.0;Dinheiro;Concluído;Telefone
102262;2025-12-26;11:00;Natália Barbosa;11980000328;Santo André;SP;Camila Rodrigues;Manicure;Unhas;35.0;Cartão de débito;Concluído;Instagram
102263;2025-12-26;13:30;Priscila Barbosa;11980000162;São Paulo;SP;Bruna Oliveira;Alongamento de unhas;Unhas;0.0;Dinheiro;Cancelado;WhatsApp
102264;2025-12-26;14:00;Marcela Rocha;11980000126;São Caetano do Sul;SP;Mariana Silva;Manicure + Pedicure;Unhas;63.0;Dinheiro;Concluído;Telefone
102265;2025-12-26;14:30;Bianca Lopes;11980000023;Diadema;SP;Mariana Silva;Manicure + Pedicure;Unhas;70.0;Cartão de débito;Concluído;WhatsApp
102266;2025-12-26;14:30;Simone Oliveira;11980000416;Mauá;SP;Bruna Oliveira;Escova;Cabelos;70.0;PIX;Concluído;Telefone
102267;2025-12-26;14:30;Juliana Santos;11980000071;São Paulo;SP;Bruna Oliveira;Manicure;Unhas;35.0;Cartão de débito;Concluído;Presencial
102268;2025-12-26;14:30;Gabriela Pereira;11980000272;Mauá;SP;Renata Souza;Manicure + Pedicure;Unhas;63.0;Dinheiro;Concluído;Instagram
102269;2025-12-26;15:00;Beatriz Barbosa;11980000179;São Bernardo do Campo;SP;Larissa Santos;Corte feminino;Cabelos;76.5;Cartão de débito;Concluído;Instagram
102270;2025-12-26;15:30;Priscila Ribeiro;11980000178;São Paulo;SP;Larissa Santos;Design de sobrancelhas;Sobrancelhas;45.0;Cartão de débito;Concluído;Instagram
102271;2025-12-26;15:30;Juliana Mendes;11980000188;São Caetano do Sul;SP;Mariana Silva;Manicure;Unhas;0.0;PIX;Cancelado;WhatsApp
102272;2025-12-26;15:30;Carla Almeida;11980000444;Diadema;SP;Patrícia Alves;Design de sobrancelhas;Sobrancelhas;45.0;Dinheiro;Concluído;WhatsApp
102273;2025-12-26;16:00;Simone Ferreira;11980000202;Mauá;SP;Renata Souza;Manicure;Unhas;35.0;PIX;Concluído;Instagram
102274;2025-12-26;16:00;Tatiane Gomes;11980000230;Santo André;SP;Patrícia Alves;Manutenção de cílios;Cílios;90.0;Cartão de crédito;Concluído;WhatsApp
102275;2025-12-26;16:30;Letícia Ribeiro;11980000375;São Bernardo do Campo;SP;Juliana Martins;Design + Henna;Sobrancelhas;60.0;PIX;Concluído;WhatsApp
102276;2025-12-26;17:00;Monique Ribeiro;11980000166;Diadema;SP;Larissa Santos;Pedicure;Unhas;40.0;PIX;Concluído;Presencial
102277;2025-12-26;17:00;Beatriz Oliveira;11980000393;Diadema;SP;Larissa Santos;Manutenção de cílios;Cílios;90.0;Cartão de débito;Concluído;WhatsApp
102278;2025-12-26;17:30;Elaine Moura;11980000026;São Bernardo do Campo;SP;Patrícia Alves;Spa dos pés;Estética;65.0;PIX;Concluído;Instagram
102279;2025-12-26;18:00;Juliana Costa;11980000004;Santo André;SP;Renata Souza;Corte feminino;Cabelos;80.75;Cartão de débito;Concluído;WhatsApp
102280;2025-12-27;09:00;Natália Martins;11980000131;São Paulo;SP;Larissa Santos;Manutenção de alongamento;Unhas;100.0;Dinheiro;Concluído;Telefone
102281;2025-12-27;09:00;Tatiane Pereira;11980000070;São Paulo;SP;Renata Souza;Design + Henna;Sobrancelhas;60.0;Cartão de débito;Concluído;WhatsApp
102282;2025-12-27;09:00;Bianca Ribeiro;11980000288;São Paulo;SP;Mariana Silva;Pedicure;Unhas;40.0;PIX;Concluído;Presencial
102283;2025-12-27;09:30;Daniela Ferreira;11980000108;Mauá;SP;Bruna Oliveira;Manicure + Pedicure;Unhas;70.0;Cartão de crédito;Concluído;Instagram
102284;2025-12-27;10:00;Jéssica Almeida;11980000052;São Caetano do Sul;SP;Patrícia Alves;Manicure;Unhas;35.0;PIX;Concluído;Telefone
102285;2025-12-27;10:00;Débora Martins;11980000408;Diadema;SP;Fernanda Costa;Coloração;Cabelos;160.0;Dinheiro;Concluído;Presencial
102286;2025-12-27;10:30;Beatriz Rocha;11980000079;Santo André;SP;Renata Souza;Alongamento de unhas;Unhas;150.0;PIX;Concluído;Instagram
102287;2025-12-27;11:00;Sabrina Carvalho;11980000124;Mauá;SP;Renata Souza;Pedicure;Unhas;40.0;Dinheiro;Concluído;Instagram
102288;2025-12-27;11:00;Beatriz Barbosa;11980000214;Mauá;SP;Juliana Martins;Alongamento de unhas;Unhas;150.0;Dinheiro;Concluído;Telefone
102289;2025-12-27;11:00;Larissa Souza;11980000095;Santo André;SP;Bruna Oliveira;Spa dos pés;Estética;65.0;Dinheiro;Concluído;Presencial
102290;2025-12-27;13:00;Cristiane Costa;11980000197;São Paulo;SP;Juliana Martins;Spa dos pés;Estética;65.0;Cartão de débito;Concluído;Telefone
102291;2025-12-27;13:00;Paula Barbosa;11980000331;Diadema;SP;Renata Souza;Manicure;Unhas;0.0;Dinheiro;Não Compareceu;Telefone
102292;2025-12-27;13:00;Carla Almeida;11980000444;Diadema;SP;Fernanda Costa;Design de sobrancelhas;Sobrancelhas;45.0;Dinheiro;Concluído;Presencial
102293;2025-12-27;13:30;Sabrina Oliveira;11980000034;São Bernardo do Campo;SP;Bruna Oliveira;Design de sobrancelhas;Sobrancelhas;45.0;Cartão de crédito;Concluído;Telefone
102294;2025-12-27;14:00;Marcela Santos;11980000206;São Paulo;SP;Fernanda Costa;Manutenção de alongamento;Unhas;100.0;Cartão de débito;Concluído;Presencial
102295;2025-12-27;15:00;Monique Lima;11980000410;São Bernardo do Campo;SP;Larissa Santos;Manicure + Pedicure;Unhas;66.5;Cartão de débito;Concluído;Telefone
102296;2025-12-27;15:30;Raquel Silva;11980000341;São Caetano do Sul;SP;Bruna Oliveira;Manicure + Pedicure;Unhas;70.0;Cartão de débito;Concluído;Instagram
102297;2025-12-27;16:00;Marcela Lima;11980000064;Santo André;SP;Camila Rodrigues;Manicure;Unhas;35.0;Cartão de crédito;Concluído;Instagram
102298;2025-12-27;16:00;Simone Santos;11980000320;Mauá;SP;Fernanda Costa;Design de sobrancelhas;Sobrancelhas;40.5;Cartão de crédito;Concluído;Presencial
102299;2025-12-27;16:30;Fernanda Gomes;11980000191;São Paulo;SP;Camila Rodrigues;Escova;Cabelos;66.5;PIX;Concluído;Instagram
102300;2025-12-27;16:30;Cristiane Ferreira;11980000376;São Paulo;SP;Larissa Santos;Design + Henna;Sobrancelhas;0.0;Cartão de débito;Cancelado;Presencial
102301;2025-12-27;16:30;Amanda Oliveira;11980000112;São Caetano do Sul;SP;Renata Souza;Corte feminino;Cabelos;76.5;PIX;Concluído;Presencial
102302;2025-12-27;17:00;Flávia Lima;11980000089;Diadema;SP;Patrícia Alves;Manicure + Pedicure;Unhas;70.0;Dinheiro;Concluído;Instagram
102303;2025-12-27;17:00;Rafaela Ribeiro;11980000153;São Paulo;SP;Larissa Santos;Manicure;Unhas;35.0;Cartão de débito;Concluído;Presencial
102304;2025-12-27;17:00;Larissa Souza;11980000418;São Bernardo do Campo;SP;Bruna Oliveira;Corte feminino;Cabelos;85.0;Cartão de crédito;Concluído;Presencial
102305;2025-12-27;17:00;Beatriz Santos;11980000065;Mauá;SP;Bruna Oliveira;Manicure;Unhas;35.0;PIX;Concluído;Instagram
102306;2025-12-27;17:30;Juliana Santos;11980000071;São Paulo;SP;Renata Souza;Coloração;Cabelos;152.0;Cartão de crédito;Concluído;WhatsApp
102307;2025-12-27;17:30;Bianca Santos;11980000066;São Bernardo do Campo;SP;Renata Souza;Manutenção de alongamento;Unhas;100.0;Cartão de débito;Concluído;WhatsApp
102308;2025-12-27;18:00;Juliana Santos;11980000362;São Paulo;SP;Bruna Oliveira;Pedicure;Unhas;40.0;Cartão de débito;Concluído;Presencial
102309;2025-12-27;18:00;Raquel Gomes;11980000432;Santo André;SP;Juliana Martins;Pedicure;Unhas;40.0;Cartão de débito;Concluído;WhatsApp
102310;2025-12-28;10:30;Patrícia Barbosa;11980000196;São Caetano do Sul;SP;Mariana Silva;Pedicure;Unhas;38.0;Cartão de débito;Concluído;Telefone
102311;2025-12-28;11:00;Rafaela Barbosa;11980000403;São Caetano do Sul;SP;Bruna Oliveira;Escova;Cabelos;70.0;PIX;Concluído;Presencial
102312;2025-12-29;09:00;Luciana Oliveira;11980000302;São Bernardo do Campo;SP;Larissa Santos;Corte feminino;Cabelos;85.0;Cartão de crédito;Concluído;Presencial
102313;2025-12-29;09:00;Natália Barbosa;11980000328;Santo André;SP;Renata Souza;Design de sobrancelhas;Sobrancelhas;45.0;PIX;Concluído;Presencial
102314;2025-12-29;10:30;Jéssica Costa;11980000236;São Caetano do Sul;SP;Mariana Silva;Design de sobrancelhas;Sobrancelhas;45.0;PIX;Concluído;Presencial
102315;2025-12-29;11:00;Tatiane Pereira;11980000070;São Paulo;SP;Fernanda Costa;Manicure + Pedicure;Unhas;70.0;PIX;Concluído;Presencial
102316;2025-12-29;13:30;Patrícia Martins;11980000274;Santo André;SP;Bruna Oliveira;Manicure;Unhas;33.25;Dinheiro;Concluído;WhatsApp
102317;2025-12-29;13:30;Letícia Ribeiro;11980000375;São Bernardo do Campo;SP;Camila Rodrigues;Esmaltação em gel;Unhas;80.0;Cartão de débito;Concluído;Instagram
102318;2025-12-29;14:00;Daniela Ribeiro;11980000182;Diadema;SP;Patrícia Alves;Manicure + Pedicure;Unhas;70.0;PIX;Concluído;Telefone
102319;2025-12-29;14:00;Ana Carolina Souza;11980000001;São Paulo;SP;Patrícia Alves;Extensão de cílios;Cílios;180.0;PIX;Concluído;WhatsApp
102320;2025-12-29;14:30;Viviane Gomes;11980000313;Diadema;SP;Fernanda Costa;Esmaltação em gel;Unhas;80.0;PIX;Concluído;Telefone
102321;2025-12-29;16:30;Camila Mendes;11980000138;Santo André;SP;Camila Rodrigues;Design de sobrancelhas;Sobrancelhas;45.0;Dinheiro;Concluído;Presencial
102322;2025-12-29;16:30;Beatriz Rocha;11980000079;Santo André;SP;Renata Souza;Esmaltação em gel;Unhas;80.0;PIX;Concluído;Telefone
102323;2025-12-29;16:30;Isabela Rocha;11980000232;Diadema;SP;Camila Rodrigues;Coloração;Cabelos;160.0;Cartão de débito;Concluído;Telefone
102324;2025-12-29;17:00;Beatriz Rocha;11980000079;Santo André;SP;Camila Rodrigues;Pedicure;Unhas;40.0;Dinheiro;Concluído;Presencial
102325;2025-12-29;17:30;Camila Ferreira;11980000386;São Caetano do Sul;SP;Bruna Oliveira;Manutenção de cílios;Cílios;90.0;PIX;Concluído;Presencial
102326;2025-12-29;18:00;Cristiane Santos;11980000378;Mauá;SP;Fernanda Costa;Spa dos pés;Estética;65.0;Cartão de crédito;Concluído;Instagram
102327;2025-12-30;09:30;Débora Costa;11980000088;São Paulo;SP;Renata Souza;Manutenção de alongamento;Unhas;100.0;Dinheiro;Concluído;Telefone
102328;2025-12-30;11:00;Patrícia Santos;11980000213;Diadema;SP;Camila Rodrigues;Corte feminino;Cabelos;85.0;Dinheiro;Concluído;Instagram
102329;2025-12-30;11:00;Débora Lima;11980000113;Diadema;SP;Larissa Santos;Manutenção de cílios;Cílios;90.0;Cartão de crédito;Concluído;Presencial
102330;2025-12-30;11:00;Simone Gomes;11980000351;São Paulo;SP;Larissa Santos;Alongamento de unhas;Unhas;150.0;Dinheiro;Concluído;Instagram
102331;2025-12-30;11:00;Natália Rocha;11980000277;Santo André;SP;Patrícia Alves;Manicure + Pedicure;Unhas;66.5;Cartão de débito;Concluído;Telefone
102332;2025-12-30;11:30;Juliana Ribeiro;11980000099;Santo André;SP;Camila Rodrigues;Alongamento de unhas;Unhas;150.0;Cartão de crédito;Concluído;WhatsApp
102333;2025-12-30;13:00;Beatriz Oliveira;11980000393;Diadema;SP;Patrícia Alves;Escova;Cabelos;70.0;Cartão de débito;Concluído;WhatsApp
102334;2025-12-30;14:00;Rafaela Barbosa;11980000403;São Caetano do Sul;SP;Bruna Oliveira;Extensão de cílios;Cílios;180.0;Dinheiro;Concluído;Instagram
102335;2025-12-30;14:00;Elaine Lima;11980000447;Mauá;SP;Larissa Santos;Manicure;Unhas;35.0;Dinheiro;Concluído;Telefone
102336;2025-12-30;14:30;Daniela Barbosa;11980000253;Mauá;SP;Camila Rodrigues;Design de sobrancelhas;Sobrancelhas;45.0;Dinheiro;Concluído;Instagram
102337;2025-12-30;15:00;Monique Almeida;11980000059;Santo André;SP;Camila Rodrigues;Design de sobrancelhas;Sobrancelhas;45.0;PIX;Concluído;Presencial
102338;2025-12-30;15:00;Raquel Pereira;11980000037;São Bernardo do Campo;SP;Larissa Santos;Alongamento de unhas;Unhas;135.0;PIX;Concluído;WhatsApp
102339;2025-12-30;15:30;Bruna Gomes;11980000087;Diadema;SP;Bruna Oliveira;Manicure;Unhas;35.0;Dinheiro;Concluído;Telefone
102340;2025-12-30;17:00;Viviane Rocha;11980000259;São Caetano do Sul;SP;Fernanda Costa;Esmaltação em gel;Unhas;76.0;PIX;Concluído;WhatsApp
102341;2025-12-30;17:00;Beatriz Ferreira;11980000098;São Bernardo do Campo;SP;Mariana Silva;Manicure + Pedicure;Unhas;70.0;Dinheiro;Concluído;WhatsApp
102342;2025-12-30;17:00;Raquel Rocha;11980000339;Mauá;SP;Fernanda Costa;Design de sobrancelhas;Sobrancelhas;0.0;Cartão de crédito;Cancelado;Telefone
102343;2025-12-30;17:00;Raquel Gomes;11980000432;Santo André;SP;Larissa Santos;Manutenção de cílios;Cílios;90.0;Cartão de débito;Concluído;Telefone
102344;2025-12-30;17:30;Patrícia Rocha;11980000085;Mauá;SP;Larissa Santos;Alongamento de unhas;Unhas;150.0;Cartão de crédito;Concluído;Presencial
102345;2025-12-30;18:00;Elaine Gomes;11980000335;Santo André;SP;Larissa Santos;Manicure;Unhas;0.0;PIX;Cancelado;Instagram
102346;2025-12-30;18:00;Fernanda Gomes;11980000191;São Paulo;SP;Juliana Martins;Spa dos pés;Estética;0.0;PIX;Cancelado;Presencial
102347;2025-12-31;09:00;Camila Carvalho;11980000218;Mauá;SP;Mariana Silva;Spa dos pés;Estética;65.0;Dinheiro;Concluído;Instagram
102348;2025-12-31;09:00;Renata Lima;11980000372;São Caetano do Sul;SP;Bruna Oliveira;Coloração;Cabelos;152.0;Cartão de crédito;Concluído;Telefone
102349;2025-12-31;09:30;Raquel Costa;11980000033;São Caetano do Sul;SP;Fernanda Costa;Hidratação;Cabelos;95.0;PIX;Concluído;Instagram
102350;2025-12-31;10:00;Bianca Costa;11980000226;Mauá;SP;Camila Rodrigues;Manicure + Pedicure;Unhas;70.0;Cartão de crédito;Concluído;Telefone
102351;2025-12-31;11:30;Juliana Mendes;11980000188;São Caetano do Sul;SP;Larissa Santos;Extensão de cílios;Cílios;180.0;Cartão de crédito;Concluído;Instagram
102352;2025-12-31;11:30;Mariana Oliveira;11980000002;São Bernardo do Campo;SP;Mariana Silva;Manicure;Unhas;35.0;PIX;Concluído;WhatsApp
102353;2025-12-31;13:00;Elaine Barbosa;11980000332;São Bernardo do Campo;SP;Mariana Silva;Escova;Cabelos;70.0;Dinheiro;Concluído;Presencial
102354;2025-12-31;13:00;Ana Santos;11980000054;São Bernardo do Campo;SP;Bruna Oliveira;Coloração;Cabelos;160.0;Cartão de crédito;Concluído;WhatsApp
102355;2025-12-31;13:30;Beatriz Silva;11980000069;São Caetano do Sul;SP;Patrícia Alves;Manicure;Unhas;35.0;PIX;Concluído;Instagram
102356;2025-12-31;13:30;Raquel Silva;11980000275;Diadema;SP;Bruna Oliveira;Manicure + Pedicure;Unhas;0.0;PIX;Não Compareceu;Instagram
102357;2025-12-31;14:00;Priscila Barbosa;11980000150;Santo André;SP;Bruna Oliveira;Escova;Cabelos;70.0;PIX;Concluído;Telefone
102358;2025-12-31;14:30;Viviane Rocha;11980000170;Diadema;SP;Mariana Silva;Corte feminino;Cabelos;85.0;Cartão de crédito;Concluído;Telefone
102359;2025-12-31;14:30;Isabela Santos;11980000208;Mauá;SP;Juliana Martins;Design + Henna;Sobrancelhas;60.0;PIX;Concluído;Telefone
102360;2025-12-31;14:30;Jéssica Silva;11980000448;São Caetano do Sul;SP;Patrícia Alves;Pedicure;Unhas;40.0;Cartão de débito;Concluído;Telefone
102361;2025-12-31;15:00;Rafaela Santos;11980000223;Diadema;SP;Juliana Martins;Manicure;Unhas;35.0;Cartão de crédito;Concluído;WhatsApp
102362;2025-12-31;15:30;Natália Carvalho;11980000047;São Paulo;SP;Bruna Oliveira;Escova;Cabelos;70.0;Cartão de débito;Concluído;Telefone
102363;2025-12-31;16:00;Renata Oliveira;11980000429;São Bernardo do Campo;SP;Fernanda Costa;Design + Henna;Sobrancelhas;60.0;PIX;Concluído;Telefone
102364;2025-12-31;16:00;Bianca Souza;11980000276;Diadema;SP;Renata Souza;Design de sobrancelhas;Sobrancelhas;42.75;Dinheiro;Concluído;Telefone
102365;2025-12-31;17:00;Carla Santos;11980000060;São Paulo;SP;Renata Souza;Alongamento de unhas;Unhas;135.0;Dinheiro;Concluído;Presencial
102366;2025-12-31;17:00;Monique Mendes;11980000419;Santo André;SP;Renata Souza;Extensão de cílios;Cílios;180.0;Cartão de crédito;Concluído;Instagram
102367;2025-12-31;17:00;Ana Souza;11980000420;Mauá;SP;Juliana Martins;Manutenção de cílios;Cílios;90.0;Dinheiro;Concluído;WhatsApp
102368;2025-12-31;17:30;Monique Silva;11980000279;São Paulo;SP;Fernanda Costa;Design + Henna;Sobrancelhas;60.0;PIX;Concluído;Presencial
102369;2025-12-31;18:00;Patrícia Pereira;11980000246;São Caetano do Sul;SP;Renata Souza;Manutenção de cílios;Cílios;90.0;PIX;Concluído;Presencial
102370;2025-12-31;18:00;Isabela Mendes;11980000135;São Caetano do Sul;SP;Camila Rodrigues;Manicure + Pedicure;Unhas;63.0;PIX;Concluído;Telefone
102371;2026-01-01;10:00;Paula Barbosa;11980000130;Santo André;SP;Mariana Silva;Manicure + Pedicure;Unhas;70.0;Dinheiro;Concluído;Instagram
102372;2026-01-01;10:00;Bianca Santos;11980000251;São Caetano do Sul;SP;Patrícia Alves;Alongamento de unhas;Unhas;150.0;Cartão de débito;Concluído;Presencial
102373;2026-01-01;10:00;Marcela Ferreira;11980000106;Santo André;SP;Juliana Martins;Manicure + Pedicure;Unhas;70.0;Dinheiro;Concluído;Presencial
102374;2026-01-01;11:00;Luciana Oliveira;11980000302;São Bernardo do Campo;SP;Mariana Silva;Pedicure;Unhas;40.0;PIX;Concluído;Telefone
102375;2026-01-01;11:30;Vanessa Rocha;11980000314;São Paulo;SP;Mariana Silva;Manicure + Pedicure;Unhas;70.0;Dinheiro;Concluído;Presencial
102376;2026-01-01;14:00;Natália Almeida;11980000077;São Bernardo do Campo;SP;Mariana Silva;Manicure;Unhas;35.0;Dinheiro;Concluído;Presencial
102377;2026-01-01;14:00;Daniela Almeida;11980000400;Mauá;SP;Fernanda Costa;Corte feminino;Cabelos;85.0;Dinheiro;Concluído;Instagram
102378;2026-01-01;14:30;Priscila Ribeiro;11980000436;São Paulo;SP;Fernanda Costa;Escova;Cabelos;70.0;PIX;Concluído;Telefone
102379;2026-01-01;14:30;Patrícia Martins;11980000274;Santo André;SP;Renata Souza;Design de sobrancelhas;Sobrancelhas;40.5;Cartão de crédito;Concluído;WhatsApp
102380;2026-01-01;14:30;Flávia Santos;11980000315;São Bernardo do Campo;SP;Juliana Martins;Manicure + Pedicure;Unhas;70.0;Dinheiro;Concluído;Telefone
102381;2026-01-01;15:00;Mariana Oliveira;11980000002;São Bernardo do Campo;SP;Patrícia Alves;Manutenção de cílios;Cílios;85.5;Cartão de crédito;Concluído;Telefone
102382;2026-01-01;15:30;Isabela Rocha;11980000014;Santo André;SP;Patrícia Alves;Pedicure;Unhas;38.0;Cartão de débito;Concluído;Telefone
102383;2026-01-01;16:00;Rafaela Santos;11980000223;Diadema;SP;Fernanda Costa;Manicure;Unhas;35.0;PIX;Concluído;Instagram
102384;2026-01-01;16:30;Priscila Barbosa;11980000147;Santo André;SP;Renata Souza;Manutenção de alongamento;Unhas;100.0;Cartão de crédito;Concluído;Telefone
102385;2026-01-01;17:30;Luciana Santos;11980000217;Santo André;SP;Renata Souza;Hidratação;Cabelos;95.0;PIX;Concluído;Presencial
102386;2026-01-01;17:30;Tatiane Oliveira;11980000258;São Paulo;SP;Camila Rodrigues;Manicure;Unhas;0.0;PIX;Cancelado;Telefone
102387;2026-01-02;09:00;Larissa Rocha;11980000430;Santo André;SP;Camila Rodrigues;Alongamento de unhas;Unhas;142.5;Dinheiro;Concluído;Instagram
102388;2026-01-02;09:00;Juliana Costa;11980000050;Santo André;SP;Fernanda Costa;Escova;Cabelos;70.0;Dinheiro;Concluído;Telefone
102389;2026-01-02;09:00;Elaine Barbosa;11980000332;São Bernardo do Campo;SP;Mariana Silva;Corte feminino;Cabelos;85.0;Cartão de crédito;Concluído;WhatsApp
102390;2026-01-02;10:30;Jéssica Gomes;11980000049;Diadema;SP;Camila Rodrigues;Escova;Cabelos;70.0;Cartão de débito;Concluído;Instagram
102391;2026-01-02;11:00;Marcela Ferreira;11980000106;Santo André;SP;Patrícia Alves;Manicure;Unhas;31.5;PIX;Concluído;Instagram
102392;2026-01-02;11:00;Cristiane Martins;11980000039;São Bernardo do Campo;SP;Fernanda Costa;Manicure + Pedicure;Unhas;70.0;Dinheiro;Concluído;Instagram
102393;2026-01-02;11:30;Jéssica Martins;11980000028;Mauá;SP;Patrícia Alves;Pedicure;Unhas;0.0;Dinheiro;Cancelado;Telefone
102394;2026-01-02;11:30;Carla Gomes;11980000445;São Caetano do Sul;SP;Patrícia Alves;Pedicure;Unhas;40.0;Dinheiro;Concluído;WhatsApp
102395;2026-01-02;11:30;Carla Oliveira;11980000115;Santo André;SP;Juliana Martins;Pedicure;Unhas;36.0;Dinheiro;Concluído;WhatsApp
102396;2026-01-02;14:00;Marcela Rocha;11980000126;São Caetano do Sul;SP;Juliana Martins;Manicure + Pedicure;Unhas;70.0;Cartão de crédito;Concluído;WhatsApp
102397;2026-01-02;14:00;Débora Martins;11980000408;Diadema;SP;Renata Souza;Pedicure;Unhas;40.0;Dinheiro;Concluído;Telefone
102398;2026-01-02;15:00;Flávia Martins;11980000344;São Paulo;SP;Bruna Oliveira;Design de sobrancelhas;Sobrancelhas;45.0;Cartão de crédito;Concluído;Presencial
102399;2026-01-02;16:00;Daniela Rocha;11980000172;São Paulo;SP;Patrícia Alves;Spa dos pés;Estética;65.0;Cartão de débito;Concluído;WhatsApp
102400;2026-01-02;16:00;Simone Silva;11980000137;São Caetano do Sul;SP;Larissa Santos;Manutenção de cílios;Cílios;0.0;Cartão de débito;Cancelado;Instagram
102401;2026-01-02;17:30;Viviane Ferreira;11980000142;Mauá;SP;Mariana Silva;Pedicure;Unhas;40.0;Cartão de débito;Concluído;WhatsApp
102402;2026-01-02;18:00;Beatriz Santos;11980000065;Mauá;SP;Renata Souza;Manicure + Pedicure;Unhas;70.0;Cartão de débito;Concluído;Presencial
102403;2026-01-02;18:00;Monique Ribeiro;11980000407;São Paulo;SP;Camila Rodrigues;Pedicure;Unhas;40.0;Cartão de crédito;Concluído;WhatsApp
102404;2026-01-03;09:00;Monique Santos;11980000031;Diadema;SP;Larissa Santos;Extensão de cílios;Cílios;0.0;Cartão de débito;Cancelado;Presencial
102405;2026-01-03;09:00;Aline Barbosa;11980000056;São Caetano do Sul;SP;Patrícia Alves;Manicure + Pedicure;Unhas;70.0;Cartão de crédito;Concluído;Telefone
102406;2026-01-03;10:00;Rafaela Ribeiro;11980000153;São Paulo;SP;Juliana Martins;Manicure + Pedicure;Unhas;66.5;Dinheiro;Concluído;Presencial
102407;2026-01-03;10:00;Letícia Ribeiro;11980000375;São Bernardo do Campo;SP;Camila Rodrigues;Manutenção de cílios;Cílios;90.0;Cartão de crédito;Concluído;Telefone
102408;2026-01-03;10:00;Amanda Souza;11980000368;São Paulo;SP;Fernanda Costa;Design de sobrancelhas;Sobrancelhas;40.5;Dinheiro;Concluído;WhatsApp
102409;2026-01-03;10:30;Tatiane Ferreira;11980000078;São Paulo;SP;Bruna Oliveira;Escova;Cabelos;70.0;PIX;Concluído;WhatsApp
102410;2026-01-03;10:30;Bianca Oliveira;11980000294;São Paulo;SP;Renata Souza;Manicure;Unhas;0.0;Dinheiro;Não Compareceu;Instagram
102411;2026-01-03;10:30;Paula Mendes;11980000032;Santo André;SP;Bruna Oliveira;Alongamento de unhas;Unhas;150.0;Cartão de débito;Concluído;Presencial
102412;2026-01-03;11:00;Monique Lima;11980000449;São Bernardo do Campo;SP;Camila Rodrigues;Pedicure;Unhas;40.0;Cartão de crédito;Concluído;Telefone
102413;2026-01-03;13:00;Viviane Barbosa;11980000101;São Bernardo do Campo;SP;Renata Souza;Manicure + Pedicure;Unhas;0.0;Cartão de débito;Cancelado;Presencial
102414;2026-01-03;13:00;Mariana Rocha;11980000383;São Caetano do Sul;SP;Renata Souza;Pedicure;Unhas;40.0;Dinheiro;Concluído;Instagram
102415;2026-01-03;13:30;Patrícia Santos;11980000213;Diadema;SP;Juliana Martins;Manicure + Pedicure;Unhas;70.0;PIX;Concluído;Instagram
102416;2026-01-03;13:30;Camila Souza;11980000211;São Caetano do Sul;SP;Renata Souza;Pedicure;Unhas;40.0;PIX;Concluído;Presencial
102417;2026-01-03;13:30;Rafaela Gomes;11980000356;Diadema;SP;Larissa Santos;Manicure;Unhas;35.0;Cartão de crédito;Concluído;Presencial
102418;2026-01-03;14:00;Daniela Barbosa;11980000253;Mauá;SP;Renata Souza;Manicure;Unhas;35.0;PIX;Concluído;WhatsApp
102419;2026-01-03;14:30;Viviane Costa;11980000307;São Caetano do Sul;SP;Juliana Martins;Manutenção de alongamento;Unhas;95.0;Dinheiro;Concluído;Telefone
102420;2026-01-03;16:30;Sabrina Ferreira;11980000281;Santo André;SP;Mariana Silva;Esmaltação em gel;Unhas;80.0;PIX;Concluído;WhatsApp
102421;2026-01-03;16:30;Elaine Souza;11980000111;Santo André;SP;Larissa Santos;Corte feminino;Cabelos;76.5;Cartão de crédito;Concluído;Telefone
102422;2026-01-03;17:00;Daniela Ferreira;11980000435;São Bernardo do Campo;SP;Mariana Silva;Pedicure;Unhas;38.0;Cartão de débito;Concluído;Presencial
102423;2026-01-03;17:00;Luciana Gomes;11980000304;São Caetano do Sul;SP;Fernanda Costa;Escova;Cabelos;70.0;Cartão de débito;Concluído;Instagram
102424;2026-01-03;17:30;Simone Ferreira;11980000202;Mauá;SP;Patrícia Alves;Manicure + Pedicure;Unhas;70.0;Cartão de crédito;Concluído;WhatsApp
102425;2026-01-05;09:00;Raquel Pereira;11980000379;Mauá;SP;Fernanda Costa;Hidratação;Cabelos;95.0;Cartão de débito;Concluído;WhatsApp
102426;2026-01-05;09:00;Jéssica Almeida;11980000299;São Paulo;SP;Fernanda Costa;Corte feminino;Cabelos;0.0;Cartão de débito;Não Compareceu;Presencial
102427;2026-01-05;09:30;Natália Oliveira;11980000061;Mauá;SP;Mariana Silva;Manicure + Pedicure;Unhas;70.0;Cartão de crédito;Concluído;Telefone
102428;2026-01-05;10:00;Rafaela Lima;11980000441;Diadema;SP;Bruna Oliveira;Pedicure;Unhas;40.0;PIX;Concluído;Presencial
102429;2026-01-05;10:30;Rafaela Souza;11980000438;São Caetano do Sul;SP;Juliana Martins;Escova;Cabelos;70.0;Cartão de crédito;Concluído;WhatsApp
102430;2026-01-05;13:00;Marcela Gomes;11980000080;São Caetano do Sul;SP;Camila Rodrigues;Pedicure;Unhas;40.0;PIX;Concluído;WhatsApp
102431;2026-01-05;14:00;Fernanda Almeida;11980000363;Diadema;SP;Larissa Santos;Design de sobrancelhas;Sobrancelhas;45.0;Cartão de débito;Concluído;Telefone
102432;2026-01-05;14:30;Viviane Martins;11980000068;São Paulo;SP;Larissa Santos;Escova;Cabelos;66.5;Dinheiro;Concluído;WhatsApp
102433;2026-01-05;15:30;Simone Silva;11980000035;São Paulo;SP;Bruna Oliveira;Esmaltação em gel;Unhas;80.0;Cartão de débito;Concluído;Presencial
102434;2026-01-05;16:00;Luciana Lima;11980000249;São Paulo;SP;Juliana Martins;Pedicure;Unhas;40.0;Cartão de débito;Concluído;WhatsApp
102435;2026-01-05;16:00;Renata Almeida;11980000155;Mauá;SP;Juliana Martins;Design + Henna;Sobrancelhas;60.0;Cartão de débito;Concluído;Instagram
102436;2026-01-05;16:30;Amanda Oliveira;11980000112;São Caetano do Sul;SP;Mariana Silva;Manicure;Unhas;0.0;Cartão de crédito;Cancelado;Presencial
102437;2026-01-05;17:30;Débora Lima;11980000396;São Bernardo do Campo;SP;Renata Souza;Spa dos pés;Estética;65.0;Cartão de débito;Concluído;Telefone
102438;2026-01-05;18:00;Vanessa Mendes;11980000343;Santo André;SP;Camila Rodrigues;Pedicure;Unhas;40.0;PIX;Concluído;WhatsApp
102439;2026-01-06;09:00;Viviane Costa;11980000307;São Caetano do Sul;SP;Renata Souza;Spa dos pés;Estética;65.0;Cartão de débito;Concluído;Telefone
102440;2026-01-06;10:30;Camila Carvalho;11980000210;São Bernardo do Campo;SP;Camila Rodrigues;Design + Henna;Sobrancelhas;60.0;Cartão de crédito;Concluído;Presencial
102441;2026-01-06;10:30;Bruna Gomes;11980000087;Diadema;SP;Renata Souza;Esmaltação em gel;Unhas;80.0;Cartão de crédito;Concluído;Instagram
102442;2026-01-06;10:30;Débora Nunes;11980000021;São Paulo;SP;Larissa Santos;Manutenção de cílios;Cílios;81.0;PIX;Concluído;Presencial
102443;2026-01-06;10:30;Isabela Rocha;11980000232;Diadema;SP;Juliana Martins;Pedicure;Unhas;40.0;Cartão de crédito;Concluído;WhatsApp
102444;2026-01-06;11:00;Paula Souza;11980000283;São Paulo;SP;Patrícia Alves;Pedicure;Unhas;40.0;Cartão de débito;Concluído;Instagram
102445;2026-01-06;15:30;Tatiane Mendes;11980000340;Mauá;SP;Bruna Oliveira;Pedicure;Unhas;38.0;Cartão de débito;Concluído;Instagram
102446;2026-01-06;16:00;Tatiane Gomes;11980000230;Santo André;SP;Juliana Martins;Manutenção de alongamento;Unhas;100.0;Cartão de débito;Concluído;WhatsApp
102447;2026-01-06;16:00;Viviane Mendes;11980000057;São Bernardo do Campo;SP;Renata Souza;Manicure;Unhas;33.25;Dinheiro;Concluído;Telefone
102448;2026-01-06;16:30;Renata Rocha;11980000423;Santo André;SP;Camila Rodrigues;Escova;Cabelos;63.0;Cartão de débito;Concluído;WhatsApp
102449;2026-01-06;17:30;Renata Martins;11980000133;São Caetano do Sul;SP;Bruna Oliveira;Hidratação;Cabelos;95.0;PIX;Concluído;Telefone
102450;2026-01-07;09:00;Luciana Gomes;11980000304;São Caetano do Sul;SP;Fernanda Costa;Extensão de cílios;Cílios;180.0;Cartão de débito;Concluído;WhatsApp
102451;2026-01-07;09:00;Bianca Costa;11980000388;São Bernardo do Campo;SP;Mariana Silva;Esmaltação em gel;Unhas;80.0;Cartão de crédito;Concluído;WhatsApp
102452;2026-01-07;09:00;Tatiane Silva;11980000072;São Paulo;SP;Mariana Silva;Pedicure;Unhas;40.0;Cartão de crédito;Concluído;Presencial
102453;2026-01-07;10:00;Beatriz Rocha;11980000079;Santo André;SP;Bruna Oliveira;Manicure;Unhas;35.0;Dinheiro;Concluído;Presencial
102454;2026-01-07;14:00;Sabrina Carvalho;11980000124;Mauá;SP;Renata Souza;Manutenção de alongamento;Unhas;100.0;PIX;Concluído;Telefone
102455;2026-01-07;14:30;Patrícia Martins;11980000274;Santo André;SP;Mariana Silva;Manicure + Pedicure;Unhas;70.0;PIX;Concluído;Presencial
102456;2026-01-07;15:00;Paula Almeida;11980000364;São Paulo;SP;Patrícia Alves;Manicure + Pedicure;Unhas;70.0;Dinheiro;Concluído;Telefone
102457;2026-01-07;15:00;Patrícia Souza;11980000306;São Paulo;SP;Camila Rodrigues;Manicure + Pedicure;Unhas;66.5;Cartão de débito;Concluído;Telefone
102458;2026-01-07;16:00;Marcela Gomes;11980000316;São Bernardo do Campo;SP;Patrícia Alves;Design + Henna;Sobrancelhas;60.0;Cartão de débito;Concluído;Presencial
102459;2026-01-07;16:30;Isabela Mendes;11980000428;São Caetano do Sul;SP;Bruna Oliveira;Design de sobrancelhas;Sobrancelhas;45.0;PIX;Concluído;Telefone
102460;2026-01-07;18:00;Flávia Mendes;11980000129;Mauá;SP;Patrícia Alves;Pedicure;Unhas;40.0;PIX;Concluído;Presencial
102461;2026-01-07;18:00;Juliana Ribeiro;11980000282;Diadema;SP;Camila Rodrigues;Pedicure;Unhas;40.0;Cartão de crédito;Concluído;Instagram
102462;2026-01-08;09:00;Débora Gomes;11980000310;São Paulo;SP;Renata Souza;Manutenção de alongamento;Unhas;100.0;Cartão de crédito;Concluído;WhatsApp
102463;2026-01-08;11:00;Daniela Ferreira;11980000435;São Bernardo do Campo;SP;Juliana Martins;Manicure + Pedicure;Unhas;70.0;Cartão de crédito;Concluído;WhatsApp
102464;2026-01-08;11:00;Luciana Lima;11980000249;São Paulo;SP;Fernanda Costa;Coloração;Cabelos;160.0;PIX;Concluído;Presencial
102465;2026-01-08;11:30;Elaine Souza;11980000111;Santo André;SP;Juliana Martins;Escova;Cabelos;70.0;Cartão de débito;Concluído;Telefone
102466;2026-01-08;11:30;Mariana Oliveira;11980000002;São Bernardo do Campo;SP;Camila Rodrigues;Design + Henna;Sobrancelhas;60.0;Cartão de débito;Concluído;Presencial
102467;2026-01-08;13:30;Gabriela Lima;11980000330;Mauá;SP;Renata Souza;Pedicure;Unhas;40.0;Dinheiro;Concluído;WhatsApp
102468;2026-01-08;13:30;Renata Silva;11980000149;Santo André;SP;Larissa Santos;Manutenção de cílios;Cílios;90.0;PIX;Concluído;Telefone
102469;2026-01-08;14:30;Isabela Lima;11980000264;Diadema;SP;Mariana Silva;Manicure + Pedicure;Unhas;70.0;Dinheiro;Concluído;Instagram
102470;2026-01-08;15:00;Rafaela Mendes;11980000114;Santo André;SP;Patrícia Alves;Design de sobrancelhas;Sobrancelhas;45.0;Cartão de débito;Concluído;Instagram
102471;2026-01-08;15:30;Patrícia Ferreira;11980000008;São Bernardo do Campo;SP;Patrícia Alves;Manicure + Pedicure;Unhas;63.0;Cartão de crédito;Concluído;Instagram
102472;2026-01-08;15:30;Isabela Barbosa;11980000117;São Paulo;SP;Camila Rodrigues;Manicure + Pedicure;Unhas;70.0;Cartão de crédito;Concluído;Instagram
102473;2026-01-08;15:30;Isabela Silva;11980000238;São Caetano do Sul;SP;Patrícia Alves;Corte feminino;Cabelos;80.75;Cartão de crédito;Concluído;Presencial
102474;2026-01-08;16:00;Fernanda Santos;11980000425;Diadema;SP;Patrícia Alves;Design de sobrancelhas;Sobrancelhas;45.0;PIX;Concluído;WhatsApp
102475;2026-01-08;16:00;Vanessa Gomes;11980000075;Santo André;SP;Patrícia Alves;Escova;Cabelos;70.0;Cartão de débito;Concluído;WhatsApp
102476;2026-01-08;16:30;Juliana Costa;11980000004;Santo André;SP;Patrícia Alves;Manicure;Unhas;35.0;PIX;Concluído;Instagram
102477;2026-01-08;17:00;Vanessa Rocha;11980000043;São Paulo;SP;Bruna Oliveira;Design + Henna;Sobrancelhas;60.0;PIX;Concluído;Presencial
102478;2026-01-09;09:30;Letícia Lima;11980000209;São Bernardo do Campo;SP;Juliana Martins;Escova;Cabelos;70.0;Cartão de crédito;Concluído;WhatsApp
102479;2026-01-09;10:00;Letícia Silva;11980000411;Santo André;SP;Larissa Santos;Alongamento de unhas;Unhas;142.5;Cartão de débito;Concluído;Instagram
102480;2026-01-09;10:00;Jéssica Silva;11980000448;São Caetano do Sul;SP;Renata Souza;Extensão de cílios;Cílios;180.0;Cartão de débito;Concluído;Presencial
102481;2026-01-09;10:30;Juliana Souza;11980000417;Diadema;SP;Fernanda Costa;Extensão de cílios;Cílios;180.0;Dinheiro;Concluído;Telefone
102482;2026-01-09;11:30;Jéssica Gomes;11980000084;São Paulo;SP;Bruna Oliveira;Alongamento de unhas;Unhas;142.5;Cartão de crédito;Concluído;Telefone
102483;2026-01-09;11:30;Simone Silva;11980000035;São Paulo;SP;Patrícia Alves;Manicure;Unhas;35.0;Cartão de débito;Concluído;WhatsApp
102484;2026-01-09;13:00;Daniela Rocha;11980000172;São Paulo;SP;Renata Souza;Manicure;Unhas;35.0;PIX;Concluído;Instagram
102485;2026-01-09;14:00;Raquel Costa;11980000033;São Caetano do Sul;SP;Patrícia Alves;Esmaltação em gel;Unhas;80.0;Cartão de débito;Concluído;Instagram
102486;2026-01-09;14:00;Tatiane Souza;11980000022;Santo André;SP;Juliana Martins;Manicure;Unhas;35.0;PIX;Concluído;Telefone
102487;2026-01-09;15:00;Mariana Rocha;11980000383;São Caetano do Sul;SP;Renata Souza;Manutenção de alongamento;Unhas;100.0;Cartão de crédito;Concluído;Instagram
102488;2026-01-09;15:30;Beatriz Lima;11980000365;São Caetano do Sul;SP;Bruna Oliveira;Manicure + Pedicure;Unhas;70.0;Dinheiro;Concluído;Presencial
102489;2026-01-09;16:30;Fernanda Lima;11980000003;São Paulo;SP;Bruna Oliveira;Design de sobrancelhas;Sobrancelhas;42.75;Cartão de débito;Concluído;Instagram
102490;2026-01-09;17:00;Simone Silva;11980000201;Diadema;SP;Larissa Santos;Design de sobrancelhas;Sobrancelhas;45.0;Dinheiro;Concluído;Instagram
102491;2026-01-09;17:00;Juliana Costa;11980000359;Diadema;SP;Juliana Martins;Corte feminino;Cabelos;0.0;Dinheiro;Não Compareceu;Presencial
102492;2026-01-10;09:00;Flávia Almeida;11980000192;São Bernardo do Campo;SP;Camila Rodrigues;Escova;Cabelos;70.0;Cartão de débito;Concluído;WhatsApp
102493;2026-01-10;09:30;Monique Ribeiro;11980000407;São Paulo;SP;Patrícia Alves;Manicure;Unhas;35.0;Cartão de débito;Concluído;Telefone
102494;2026-01-10;10:00;Elaine Souza;11980000111;Santo André;SP;Camila Rodrigues;Manicure + Pedicure;Unhas;70.0;PIX;Concluído;WhatsApp
102495;2026-01-10;10:30;Carla Almeida;11980000444;Diadema;SP;Patrícia Alves;Manicure;Unhas;33.25;Cartão de débito;Concluído;Instagram
102496;2026-01-10;10:30;Larissa Santos;11980000248;São Bernardo do Campo;SP;Juliana Martins;Manutenção de alongamento;Unhas;100.0;Dinheiro;Concluído;Presencial
102497;2026-01-10;11:00;Letícia Ferreira;11980000397;São Caetano do Sul;SP;Renata Souza;Pedicure;Unhas;40.0;Cartão de débito;Concluído;Presencial
102498;2026-01-10;13:00;Gabriela Barbosa;11980000268;Santo André;SP;Juliana Martins;Manicure + Pedicure;Unhas;70.0;Dinheiro;Concluído;WhatsApp
102499;2026-01-10;13:00;Beatriz Santos;11980000065;Mauá;SP;Bruna Oliveira;Escova;Cabelos;70.0;Cartão de crédito;Concluído;Presencial
102500;2026-01-10;15:00;Natália Ribeiro;11980000358;Santo André;SP;Renata Souza;Alongamento de unhas;Unhas;150.0;Cartão de débito;Concluído;Telefone
102501;2026-01-10;15:30;Rafaela Santos;11980000223;Diadema;SP;Patrícia Alves;Manicure;Unhas;35.0;Cartão de débito;Concluído;WhatsApp
102502;2026-01-10;15:30;Monique Almeida;11980000059;Santo André;SP;Renata Souza;Manicure;Unhas;33.25;PIX;Concluído;Instagram
102503;2026-01-10;17:00;Raquel Pereira;11980000379;Mauá;SP;Mariana Silva;Extensão de cílios;Cílios;180.0;Cartão de crédito;Concluído;Telefone
102504;2026-01-10;17:00;Monique Barbosa;11980000250;São Paulo;SP;Bruna Oliveira;Manutenção de cílios;Cílios;90.0;Cartão de crédito;Concluído;Instagram
102505;2026-01-10;17:30;Beatriz Gomes;11980000076;Mauá;SP;Renata Souza;Manicure + Pedicure;Unhas;70.0;PIX;Concluído;Telefone
102506;2026-01-10;17:30;Patrícia Barbosa;11980000196;São Caetano do Sul;SP;Fernanda Costa;Manutenção de alongamento;Unhas;100.0;Dinheiro;Concluído;WhatsApp
102507;2026-01-10;18:00;Flávia Martins;11980000344;São Paulo;SP;Patrícia Alves;Escova;Cabelos;70.0;PIX;Concluído;Instagram
102508;2026-01-10;18:00;Beatriz Ribeiro;11980000244;Diadema;SP;Mariana Silva;Escova;Cabelos;70.0;PIX;Concluído;WhatsApp
102509;2026-01-10;18:00;Beatriz Barbosa;11980000179;São Bernardo do Campo;SP;Bruna Oliveira;Alongamento de unhas;Unhas;142.5;Cartão de crédito;Concluído;Instagram
102510;2026-01-10;18:00;Luciana Ferreira;11980000235;São Caetano do Sul;SP;Camila Rodrigues;Pedicure;Unhas;40.0;Cartão de débito;Concluído;Instagram
102511;2026-01-10;18:00;Daniela Silva;11980000346;São Paulo;SP;Bruna Oliveira;Manicure;Unhas;35.0;Dinheiro;Concluído;WhatsApp
102512;2026-01-12;09:30;Elaine Silva;11980000327;São Caetano do Sul;SP;Mariana Silva;Escova;Cabelos;66.5;Cartão de crédito;Concluído;Telefone
102513;2026-01-12;10:00;Flávia Almeida;11980000192;São Bernardo do Campo;SP;Renata Souza;Pedicure;Unhas;40.0;Dinheiro;Concluído;Instagram
102514;2026-01-12;11:00;Bianca Rocha;11980000082;São Paulo;SP;Bruna Oliveira;Alongamento de unhas;Unhas;150.0;Dinheiro;Concluído;WhatsApp
102515;2026-01-12;13:30;Fernanda Almeida;11980000154;Diadema;SP;Bruna Oliveira;Manicure;Unhas;35.0;Dinheiro;Concluído;WhatsApp
102516;2026-01-12;13:30;Rafaela Souza;11980000280;São Caetano do Sul;SP;Mariana Silva;Pedicure;Unhas;0.0;Cartão de crédito;Não Compareceu;Telefone
102517;2026-01-12;14:00;Simone Silva;11980000035;São Paulo;SP;Mariana Silva;Esmaltação em gel;Unhas;0.0;Dinheiro;Cancelado;Presencial
102518;2026-01-12;16:00;Simone Mendes;11980000293;São Caetano do Sul;SP;Larissa Santos;Escova;Cabelos;70.0;Cartão de crédito;Concluído;Instagram
102519;2026-01-12;16:30;Débora Barbosa;11980000092;Diadema;SP;Larissa Santos;Manutenção de cílios;Cílios;90.0;Cartão de crédito;Concluído;WhatsApp
102520;2026-01-13;09:00;Elaine Ferreira;11980000242;São Caetano do Sul;SP;Patrícia Alves;Hidratação;Cabelos;95.0;Cartão de crédito;Concluído;Instagram
102521;2026-01-13;10:30;Larissa Santos;11980000248;São Bernardo do Campo;SP;Larissa Santos;Manutenção de alongamento;Unhas;100.0;Cartão de débito;Concluído;Instagram
102522;2026-01-13;10:30;Daniela Rocha;11980000172;São Paulo;SP;Larissa Santos;Escova;Cabelos;70.0;Cartão de débito;Concluído;WhatsApp
102523;2026-01-13;11:00;Bianca Lopes;11980000023;Diadema;SP;Juliana Martins;Alongamento de unhas;Unhas;150.0;PIX;Concluído;Instagram
102524;2026-01-13;11:00;Vanessa Gomes;11980000075;Santo André;SP;Juliana Martins;Manicure;Unhas;35.0;Cartão de débito;Concluído;Telefone
102525;2026-01-13;13:00;Marcela Santos;11980000206;São Paulo;SP;Mariana Silva;Design de sobrancelhas;Sobrancelhas;42.75;Dinheiro;Concluído;Presencial
102526;2026-01-13;13:30;Jéssica Santos;11980000297;Diadema;SP;Juliana Martins;Manutenção de cílios;Cílios;0.0;PIX;Não Compareceu;Presencial
102527;2026-01-13;14:30;Gabriela Silva;11980000443;São Caetano do Sul;SP;Renata Souza;Pedicure;Unhas;40.0;Cartão de crédito;Concluído;WhatsApp
102528;2026-01-13;15:30;Camila Rodrigues;11980000009;São Bernardo do Campo;SP;Camila Rodrigues;Design de sobrancelhas;Sobrancelhas;40.5;Cartão de débito;Concluído;Presencial
102529;2026-01-13;16:00;Letícia Lima;11980000209;São Bernardo do Campo;SP;Fernanda Costa;Manicure;Unhas;35.0;Cartão de crédito;Concluído;Telefone
102530;2026-01-13;16:00;Daniela Rocha;11980000355;São Caetano do Sul;SP;Larissa Santos;Design + Henna;Sobrancelhas;60.0;PIX;Concluído;WhatsApp
102531;2026-01-13;16:30;Mariana Barbosa;11980000241;Santo André;SP;Juliana Martins;Manutenção de cílios;Cílios;0.0;Dinheiro;Cancelado;WhatsApp
102532;2026-01-13;16:30;Raquel Carvalho;11980000193;São Bernardo do Campo;SP;Mariana Silva;Extensão de cílios;Cílios;180.0;Dinheiro;Concluído;Presencial
102533;2026-01-13;17:00;Monique Rocha;11980000350;São Caetano do Sul;SP;Mariana Silva;Pedicure;Unhas;40.0;Cartão de crédito;Concluído;WhatsApp
102534;2026-01-14;09:30;Vanessa Mendes;11980000343;Santo André;SP;Patrícia Alves;Manicure + Pedicure;Unhas;70.0;Cartão de crédito;Concluído;Presencial
102535;2026-01-14;11:00;Cristiane Carvalho;11980000287;São Paulo;SP;Mariana Silva;Manicure + Pedicure;Unhas;70.0;PIX;Concluído;Instagram
102536;2026-01-14;11:30;Daniela Rocha;11980000172;São Paulo;SP;Fernanda Costa;Manicure;Unhas;35.0;PIX;Concluído;Instagram
102537;2026-01-14;13:00;Elaine Martins;11980000374;São Paulo;SP;Camila Rodrigues;Hidratação;Cabelos;0.0;Cartão de débito;Não Compareceu;Presencial
102538;2026-01-14;13:00;Carla Lima;11980000433;Mauá;SP;Renata Souza;Alongamento de unhas;Unhas;142.5;PIX;Concluído;WhatsApp
102539;2026-01-14;13:30;Luciana Ferreira;11980000325;Diadema;SP;Bruna Oliveira;Escova;Cabelos;66.5;PIX;Concluído;WhatsApp
102540;2026-01-14;14:30;Daniela Silva;11980000267;São Bernardo do Campo;SP;Juliana Martins;Manutenção de cílios;Cílios;90.0;PIX;Concluído;Instagram
102541;2026-01-14;16:00;Raquel Silva;11980000341;São Caetano do Sul;SP;Camila Rodrigues;Manicure;Unhas;35.0;Cartão de débito;Concluído;WhatsApp
102542;2026-01-14;17:00;Elaine Moura;11980000026;São Bernardo do Campo;SP;Fernanda Costa;Extensão de cílios;Cílios;180.0;PIX;Concluído;Presencial
102543;2026-01-14;17:30;Aline Barbosa;11980000056;São Caetano do Sul;SP;Fernanda Costa;Design de sobrancelhas;Sobrancelhas;45.0;Cartão de débito;Concluído;Presencial
102544;2026-01-14;18:00;Rafaela Rocha;11980000370;São Paulo;SP;Camila Rodrigues;Design de sobrancelhas;Sobrancelhas;45.0;Cartão de crédito;Concluído;Presencial
102545;2026-01-15;09:30;Daniela Lima;11980000431;Diadema;SP;Fernanda Costa;Esmaltação em gel;Unhas;80.0;Cartão de débito;Concluído;WhatsApp
102546;2026-01-15;10:00;Carla Gomes;11980000445;São Caetano do Sul;SP;Bruna Oliveira;Manicure + Pedicure;Unhas;70.0;Dinheiro;Concluído;WhatsApp
102547;2026-01-15;10:30;Elaine Barbosa;11980000332;São Bernardo do Campo;SP;Camila Rodrigues;Manutenção de cílios;Cílios;90.0;Dinheiro;Concluído;WhatsApp
102548;2026-01-15;11:00;Elaine Silva;11980000261;Mauá;SP;Larissa Santos;Manutenção de alongamento;Unhas;100.0;Cartão de crédito;Concluído;Instagram
102549;2026-01-15;11:00;Aline Pereira;11980000319;São Paulo;SP;Larissa Santos;Manutenção de alongamento;Unhas;100.0;Dinheiro;Concluído;WhatsApp
102550;2026-01-15;13:00;Paula Silva;11980000169;Diadema;SP;Larissa Santos;Design de sobrancelhas;Sobrancelhas;45.0;Cartão de crédito;Concluído;Telefone
102551;2026-01-15;13:30;Elaine Lima;11980000447;Mauá;SP;Mariana Silva;Corte feminino;Cabelos;85.0;PIX;Concluído;Telefone
102552;2026-01-15;13:30;Carla Barbosa;11980000096;Diadema;SP;Camila Rodrigues;Manutenção de alongamento;Unhas;100.0;PIX;Concluído;Telefone
102553;2026-01-15;13:30;Juliana Silva;11980000349;Mauá;SP;Renata Souza;Design + Henna;Sobrancelhas;60.0;Dinheiro;Concluído;Instagram
102554;2026-01-15;14:30;Daniela Silva;11980000267;São Bernardo do Campo;SP;Juliana Martins;Manicure + Pedicure;Unhas;70.0;Cartão de débito;Concluído;WhatsApp
102555;2026-01-15;14:30;Natália Barbosa;11980000016;Diadema;SP;Juliana Martins;Corte feminino;Cabelos;85.0;Dinheiro;Concluído;Presencial
102556;2026-01-15;14:30;Débora Gomes;11980000310;São Paulo;SP;Larissa Santos;Design de sobrancelhas;Sobrancelhas;0.0;PIX;Não Compareceu;WhatsApp
102557;2026-01-15;15:30;Juliana Ribeiro;11980000282;Diadema;SP;Renata Souza;Corte feminino;Cabelos;0.0;PIX;Cancelado;Telefone
102558;2026-01-15;16:00;Tatiane Gomes;11980000230;Santo André;SP;Bruna Oliveira;Manicure;Unhas;0.0;Cartão de débito;Não Compareceu;Instagram
102559;2026-01-15;16:00;Aline Gomes;11980000222;São Bernardo do Campo;SP;Mariana Silva;Manicure;Unhas;35.0;Cartão de crédito;Concluído;Presencial
102560;2026-01-15;16:30;Flávia Lima;11980000089;Diadema;SP;Patrícia Alves;Pedicure;Unhas;40.0;PIX;Concluído;Instagram
102561;2026-01-15;16:30;Mariana Rocha;11980000383;São Caetano do Sul;SP;Fernanda Costa;Manicure;Unhas;31.5;Dinheiro;Concluído;Telefone
102562;2026-01-16;09:00;Vanessa Lima;11980000342;Mauá;SP;Camila Rodrigues;Pedicure;Unhas;40.0;Cartão de crédito;Concluído;Telefone
102563;2026-01-16;09:00;Gabriela Barbosa;11980000243;São Paulo;SP;Mariana Silva;Esmaltação em gel;Unhas;0.0;Cartão de débito;Cancelado;Instagram
102564;2026-01-16;09:00;Cristiane Costa;11980000197;São Paulo;SP;Patrícia Alves;Hidratação;Cabelos;95.0;Dinheiro;Concluído;WhatsApp
102565;2026-01-16;09:30;Patrícia Souza;11980000306;São Paulo;SP;Mariana Silva;Hidratação;Cabelos;95.0;Cartão de débito;Concluído;WhatsApp
102566;2026-01-16;10:00;Fernanda Gomes;11980000191;São Paulo;SP;Renata Souza;Pedicure;Unhas;38.0;Dinheiro;Concluído;Presencial
102567;2026-01-16;11:30;Flávia Cardoso;11980000027;Diadema;SP;Larissa Santos;Pedicure;Unhas;40.0;Cartão de crédito;Concluído;Presencial
102568;2026-01-16;11:30;Isabela Mendes;11980000135;São Caetano do Sul;SP;Fernanda Costa;Design de sobrancelhas;Sobrancelhas;45.0;Dinheiro;Concluído;Presencial
102569;2026-01-16;11:30;Isabela Mendes;11980000428;São Caetano do Sul;SP;Camila Rodrigues;Esmaltação em gel;Unhas;80.0;PIX;Concluído;Telefone
102570;2026-01-16;13:00;Bianca Rocha;11980000082;São Paulo;SP;Bruna Oliveira;Manutenção de cílios;Cílios;90.0;Cartão de débito;Concluído;Presencial
102571;2026-01-16;13:00;Natália Almeida;11980000077;São Bernardo do Campo;SP;Patrícia Alves;Pedicure;Unhas;38.0;Cartão de crédito;Concluído;WhatsApp
102572;2026-01-16;13:30;Beatriz Barbosa;11980000179;São Bernardo do Campo;SP;Larissa Santos;Spa dos pés;Estética;65.0;Cartão de crédito;Concluído;WhatsApp
102573;2026-01-16;14:00;Jéssica Carvalho;11980000185;Diadema;SP;Camila Rodrigues;Design de sobrancelhas;Sobrancelhas;45.0;Cartão de crédito;Concluído;WhatsApp
102574;2026-01-16;14:00;Vanessa Silva;11980000401;Diadema;SP;Juliana Martins;Escova;Cabelos;66.5;Cartão de débito;Concluído;Presencial
102575;2026-01-16;14:00;Daniela Ribeiro;11980000182;Diadema;SP;Renata Souza;Design + Henna;Sobrancelhas;60.0;Cartão de débito;Concluído;Instagram
102576;2026-01-16;14:30;Priscila Martins;11980000187;Santo André;SP;Renata Souza;Manutenção de alongamento;Unhas;0.0;Cartão de débito;Não Compareceu;Presencial
102577;2026-01-16;16:00;Tatiane Pereira;11980000070;São Paulo;SP;Fernanda Costa;Escova;Cabelos;70.0;Dinheiro;Concluído;Presencial
102578;2026-01-16;16:30;Raquel Rocha;11980000339;Mauá;SP;Mariana Silva;Design + Henna;Sobrancelhas;57.0;Dinheiro;Concluído;Instagram
102579;2026-01-16;17:30;Natália Martins;11980000131;São Paulo;SP;Camila Rodrigues;Manutenção de cílios;Cílios;90.0;Cartão de débito;Concluído;Telefone
102580;2026-01-16;17:30;Renata Souza;11980000229;São Bernardo do Campo;SP;Renata Souza;Corte feminino;Cabelos;85.0;Cartão de débito;Concluído;Telefone
102581;2026-01-16;18:00;Rafaela Santos;11980000223;Diadema;SP;Bruna Oliveira;Escova;Cabelos;70.0;Cartão de crédito;Concluído;Presencial
102582;2026-01-17;10:00;Elaine Martins;11980000324;Diadema;SP;Bruna Oliveira;Spa dos pés;Estética;65.0;Cartão de débito;Concluído;Presencial
102583;2026-01-17;10:30;Paula Rocha;11980000097;São Bernardo do Campo;SP;Juliana Martins;Escova;Cabelos;70.0;Cartão de crédito;Concluído;WhatsApp
102584;2026-01-17;10:30;Amanda Mendes;11980000127;São Bernardo do Campo;SP;Larissa Santos;Pedicure;Unhas;0.0;Cartão de crédito;Não Compareceu;WhatsApp
102585;2026-01-17;11:30;Juliana Silva;11980000141;São Bernardo do Campo;SP;Patrícia Alves;Alongamento de unhas;Unhas;150.0;Cartão de débito;Concluído;Presencial
102586;2026-01-17;11:30;Fernanda Ferreira;11980000392;Mauá;SP;Bruna Oliveira;Manicure;Unhas;35.0;PIX;Concluído;Instagram
102587;2026-01-17;13:30;Patrícia Souza;11980000306;São Paulo;SP;Fernanda Costa;Manutenção de cílios;Cílios;90.0;Dinheiro;Concluído;Telefone
102588;2026-01-17;13:30;Sabrina Carvalho;11980000124;Mauá;SP;Camila Rodrigues;Escova;Cabelos;0.0;Cartão de débito;Cancelado;WhatsApp
102589;2026-01-17;14:30;Camila Oliveira;11980000224;Mauá;SP;Larissa Santos;Coloração;Cabelos;160.0;Cartão de débito;Concluído;Instagram
102590;2026-01-17;15:00;Bianca Ribeiro;11980000288;São Paulo;SP;Juliana Martins;Manicure + Pedicure;Unhas;70.0;PIX;Concluído;Presencial
102591;2026-01-17;15:30;Daniela Lima;11980000431;Diadema;SP;Bruna Oliveira;Corte feminino;Cabelos;85.0;PIX;Concluído;Presencial
102592;2026-01-17;15:30;Vanessa Lima;11980000342;Mauá;SP;Mariana Silva;Escova;Cabelos;0.0;Cartão de crédito;Cancelado;Presencial
102593;2026-01-17;15:30;Carla Oliveira;11980000115;Santo André;SP;Renata Souza;Design de sobrancelhas;Sobrancelhas;40.5;Cartão de débito;Concluído;Telefone
102594;2026-01-17;16:30;Bianca Ferreira;11980000132;São Paulo;SP;Juliana Martins;Pedicure;Unhas;40.0;Cartão de débito;Concluído;Presencial
102595;2026-01-19;09:30;Luciana Ramos;11980000029;Santo André;SP;Fernanda Costa;Manicure + Pedicure;Unhas;70.0;Cartão de crédito;Concluído;Presencial
102596;2026-01-19;09:30;Rafaela Barbosa;11980000381;Santo André;SP;Renata Souza;Design de sobrancelhas;Sobrancelhas;45.0;Cartão de débito;Concluído;WhatsApp
102597;2026-01-19;13:00;Monique Costa;11980000140;Santo André;SP;Camila Rodrigues;Design de sobrancelhas;Sobrancelhas;45.0;Dinheiro;Concluído;Telefone
102598;2026-01-19;13:30;Marcela Vieira;11980000030;São Paulo;SP;Patrícia Alves;Manicure + Pedicure;Unhas;70.0;Cartão de débito;Concluído;Instagram
102599;2026-01-19;13:30;Larissa Martins;11980000284;Diadema;SP;Patrícia Alves;Escova;Cabelos;70.0;Cartão de débito;Concluído;Telefone
102600;2026-01-19;14:00;Priscila Barbosa;11980000150;Santo André;SP;Camila Rodrigues;Manutenção de cílios;Cílios;90.0;PIX;Concluído;Instagram
102601;2026-01-19;14:30;Monique Barbosa;11980000250;São Paulo;SP;Camila Rodrigues;Manutenção de alongamento;Unhas;100.0;PIX;Concluído;Instagram
102602;2026-01-19;15:30;Elaine Barbosa;11980000332;São Bernardo do Campo;SP;Fernanda Costa;Pedicure;Unhas;38.0;PIX;Concluído;Instagram
102603;2026-01-19;15:30;Natália Ribeiro;11980000424;São Caetano do Sul;SP;Camila Rodrigues;Manicure + Pedicure;Unhas;70.0;PIX;Concluído;Instagram
102604;2026-01-19;16:00;Letícia Oliveira;11980000345;Mauá;SP;Larissa Santos;Design de sobrancelhas;Sobrancelhas;45.0;Cartão de débito;Concluído;Presencial
102605;2026-01-19;16:30;Elaine Almeida;11980000110;Diadema;SP;Patrícia Alves;Esmaltação em gel;Unhas;80.0;PIX;Concluído;Presencial
102606;2026-01-19;17:00;Beatriz Oliveira;11980000393;Diadema;SP;Mariana Silva;Manutenção de alongamento;Unhas;100.0;PIX;Concluído;Telefone
102607;2026-01-19;17:30;Amanda Oliveira;11980000112;São Caetano do Sul;SP;Larissa Santos;Manutenção de alongamento;Unhas;100.0;PIX;Concluído;Presencial
102608;2026-01-20;09:00;Camila Mendes;11980000138;Santo André;SP;Mariana Silva;Hidratação;Cabelos;95.0;Cartão de débito;Concluído;Instagram
102609;2026-01-20;10:00;Juliana Souza;11980000426;São Paulo;SP;Patrícia Alves;Manutenção de alongamento;Unhas;100.0;Cartão de débito;Concluído;Instagram
102610;2026-01-20;10:00;Luciana Ferreira;11980000235;São Caetano do Sul;SP;Camila Rodrigues;Esmaltação em gel;Unhas;80.0;PIX;Concluído;Telefone
102611;2026-01-20;11:00;Bianca Ferreira;11980000300;São Caetano do Sul;SP;Mariana Silva;Alongamento de unhas;Unhas;142.5;Dinheiro;Concluído;Presencial
102612;2026-01-20;11:30;Marcela Souza;11980000174;São Paulo;SP;Bruna Oliveira;Escova;Cabelos;70.0;Dinheiro;Concluído;Presencial
102613;2026-01-20;11:30;Elaine Barbosa;11980000332;São Bernardo do Campo;SP;Larissa Santos;Manutenção de alongamento;Unhas;100.0;PIX;Concluído;WhatsApp
102614;2026-01-20;13:00;Monique Costa;11980000186;São Bernardo do Campo;SP;Renata Souza;Pedicure;Unhas;38.0;PIX;Concluído;Presencial
102615;2026-01-20;16:00;Juliana Martins;11980000333;Diadema;SP;Larissa Santos;Spa dos pés;Estética;65.0;Dinheiro;Concluído;Telefone
102616;2026-01-20;16:30;Gabriela Barbosa;11980000268;Santo André;SP;Juliana Martins;Manutenção de cílios;Cílios;90.0;PIX;Concluído;WhatsApp
102617;2026-01-20;16:30;Raquel Silva;11980000275;Diadema;SP;Patrícia Alves;Pedicure;Unhas;40.0;PIX;Concluído;Instagram
102618;2026-01-20;17:30;Bianca Ferreira;11980000132;São Paulo;SP;Juliana Martins;Escova;Cabelos;70.0;Dinheiro;Concluído;Instagram
102619;2026-01-21;09:30;Raquel Rocha;11980000339;Mauá;SP;Patrícia Alves;Manutenção de alongamento;Unhas;100.0;Cartão de crédito;Concluído;WhatsApp
102620;2026-01-21;09:30;Mariana Rocha;11980000383;São Caetano do Sul;SP;Fernanda Costa;Escova;Cabelos;70.0;Cartão de crédito;Concluído;Telefone
102621;2026-01-21;10:30;Bianca Santos;11980000066;São Bernardo do Campo;SP;Patrícia Alves;Manicure + Pedicure;Unhas;70.0;PIX;Concluído;WhatsApp
102622;2026-01-21;11:00;Bruna Martins;11980000136;São Bernardo do Campo;SP;Camila Rodrigues;Alongamento de unhas;Unhas;150.0;PIX;Concluído;Instagram
102623;2026-01-21;11:30;Beatriz Barbosa;11980000214;Mauá;SP;Juliana Martins;Design + Henna;Sobrancelhas;60.0;PIX;Concluído;Telefone
102624;2026-01-21;11:30;Fernanda Ferreira;11980000392;Mauá;SP;Mariana Silva;Design de sobrancelhas;Sobrancelhas;45.0;Cartão de crédito;Concluído;WhatsApp
102625;2026-01-21;13:00;Luciana Gomes;11980000304;São Caetano do Sul;SP;Larissa Santos;Corte feminino;Cabelos;85.0;Cartão de crédito;Concluído;Telefone
102626;2026-01-21;13:00;Bruna Carvalho;11980000013;São Paulo;SP;Mariana Silva;Manicure + Pedicure;Unhas;70.0;Cartão de crédito;Concluído;Presencial
102627;2026-01-21;13:30;Beatriz Lima;11980000278;São Bernardo do Campo;SP;Renata Souza;Esmaltação em gel;Unhas;80.0;Cartão de crédito;Concluído;WhatsApp
102628;2026-01-21;14:00;Patrícia Santos;11980000213;Diadema;SP;Fernanda Costa;Manutenção de alongamento;Unhas;100.0;Dinheiro;Concluído;Presencial
102629;2026-01-21;14:30;Vanessa Lima;11980000342;Mauá;SP;Bruna Oliveira;Coloração;Cabelos;152.0;Dinheiro;Concluído;Instagram
102630;2026-01-21;16:00;Tatiane Silva;11980000262;São Paulo;SP;Renata Souza;Manicure;Unhas;0.0;Dinheiro;Não Compareceu;Instagram
102631;2026-01-22;10:30;Aline Barbosa;11980000183;São Caetano do Sul;SP;Juliana Martins;Design de sobrancelhas;Sobrancelhas;0.0;PIX;Não Compareceu;Presencial
102632;2026-01-22;11:30;Daniela Barbosa;11980000253;Mauá;SP;Mariana Silva;Pedicure;Unhas;40.0;Cartão de crédito;Concluído;Instagram
102633;2026-01-22;13:00;Monique Barbosa;11980000250;São Paulo;SP;Juliana Martins;Manicure;Unhas;35.0;PIX;Concluído;Instagram
102634;2026-01-22;13:00;Natália Ribeiro;11980000358;Santo André;SP;Camila Rodrigues;Manicure;Unhas;35.0;PIX;Concluído;Presencial
102635;2026-01-22;13:30;Elaine Ferreira;11980000216;São Paulo;SP;Juliana Martins;Escova;Cabelos;70.0;Cartão de débito;Concluído;WhatsApp
102636;2026-01-22;14:00;Amanda Ferreira;11980000398;Mauá;SP;Mariana Silva;Manicure;Unhas;35.0;Cartão de crédito;Concluído;WhatsApp
102637;2026-01-22;15:00;Rafaela Santos;11980000040;São Paulo;SP;Larissa Santos;Pedicure;Unhas;40.0;Cartão de crédito;Concluído;Presencial
102638;2026-01-22;15:00;Fernanda Gomes;11980000191;São Paulo;SP;Mariana Silva;Esmaltação em gel;Unhas;80.0;Cartão de crédito;Concluído;WhatsApp
102639;2026-01-22;16:30;Tatiane Gomes;11980000230;Santo André;SP;Patrícia Alves;Manutenção de cílios;Cílios;90.0;Cartão de débito;Concluído;Instagram
102640;2026-01-22;17:00;Jéssica Lima;11980000427;Mauá;SP;Larissa Santos;Hidratação;Cabelos;95.0;PIX;Concluído;Instagram
102641;2026-01-22;17:00;Luciana Santos;11980000103;São Paulo;SP;Juliana Martins;Pedicure;Unhas;0.0;Cartão de débito;Não Compareceu;Telefone
102642;2026-01-22;17:30;Débora Lima;11980000396;São Bernardo do Campo;SP;Bruna Oliveira;Design + Henna;Sobrancelhas;60.0;Dinheiro;Concluído;Telefone
102643;2026-01-23;09:00;Gabriela Lima;11980000321;Mauá;SP;Renata Souza;Design de sobrancelhas;Sobrancelhas;45.0;Cartão de crédito;Concluído;Telefone
102644;2026-01-23;09:00;Rafaela Santos;11980000223;Diadema;SP;Mariana Silva;Manicure + Pedicure;Unhas;70.0;PIX;Concluído;Telefone
102645;2026-01-23;09:30;Paula Barbosa;11980000161;Santo André;SP;Bruna Oliveira;Pedicure;Unhas;38.0;PIX;Concluído;Presencial
102646;2026-01-23;09:30;Jéssica Gomes;11980000049;Diadema;SP;Renata Souza;Escova;Cabelos;70.0;Cartão de crédito;Concluído;Instagram
102647;2026-01-23;09:30;Juliana Santos;11980000362;São Paulo;SP;Renata Souza;Alongamento de unhas;Unhas;150.0;Dinheiro;Concluído;Telefone
102648;2026-01-23;10:00;Sabrina Martins;11980000215;Diadema;SP;Bruna Oliveira;Esmaltação em gel;Unhas;72.0;Cartão de crédito;Concluído;Presencial
102649;2026-01-23;10:00;Elaine Silva;11980000261;Mauá;SP;Patrícia Alves;Alongamento de unhas;Unhas;150.0;PIX;Concluído;Instagram
102650;2026-01-23;11:00;Beatriz Santos;11980000065;Mauá;SP;Fernanda Costa;Design + Henna;Sobrancelhas;60.0;Dinheiro;Concluído;Instagram
102651;2026-01-23;11:00;Vanessa Martins;11980000020;São Bernardo do Campo;SP;Mariana Silva;Manicure + Pedicure;Unhas;63.0;Cartão de débito;Concluído;WhatsApp
102652;2026-01-23;11:30;Jéssica Lima;11980000427;Mauá;SP;Larissa Santos;Hidratação;Cabelos;95.0;PIX;Concluído;Instagram
102653;2026-01-23;11:30;Juliana Santos;11980000362;São Paulo;SP;Fernanda Costa;Spa dos pés;Estética;65.0;Cartão de crédito;Concluído;Telefone
102654;2026-01-23;13:00;Jéssica Gomes;11980000263;Santo André;SP;Renata Souza;Pedicure;Unhas;40.0;Cartão de débito;Concluído;Instagram
102655;2026-01-23;13:00;Carla Barbosa;11980000053;Mauá;SP;Fernanda Costa;Esmaltação em gel;Unhas;76.0;PIX;Concluído;Presencial
102656;2026-01-23;13:00;Simone Almeida;11980000184;Santo André;SP;Fernanda Costa;Manicure;Unhas;35.0;Cartão de débito;Concluído;WhatsApp
102657;2026-01-23;14:00;Natália Almeida;11980000163;São Caetano do Sul;SP;Bruna Oliveira;Manicure + Pedicure;Unhas;70.0;Cartão de crédito;Concluído;Instagram
102658;2026-01-23;15:00;Natália Oliveira;11980000061;Mauá;SP;Bruna Oliveira;Design + Henna;Sobrancelhas;60.0;Cartão de débito;Concluído;Telefone
102659;2026-01-23;16:00;Fernanda Pereira;11980000292;Santo André;SP;Mariana Silva;Pedicure;Unhas;40.0;Cartão de débito;Concluído;WhatsApp
102660;2026-01-23;17:00;Bruna Carvalho;11980000357;Mauá;SP;Fernanda Costa;Manicure + Pedicure;Unhas;66.5;Cartão de débito;Concluído;WhatsApp
102661;2026-01-23;17:00;Bianca Ribeiro;11980000288;São Paulo;SP;Patrícia Alves;Extensão de cílios;Cílios;180.0;Cartão de crédito;Concluído;WhatsApp
102662;2026-01-23;17:30;Juliana Ribeiro;11980000099;Santo André;SP;Bruna Oliveira;Manutenção de alongamento;Unhas;100.0;PIX;Concluído;Instagram
102663;2026-01-24;09:30;Viviane Rocha;11980000170;Diadema;SP;Larissa Santos;Manicure;Unhas;35.0;Cartão de débito;Concluído;Instagram
102664;2026-01-24;10:00;Elaine Lima;11980000447;Mauá;SP;Bruna Oliveira;Design de sobrancelhas;Sobrancelhas;42.75;Dinheiro;Concluído;WhatsApp
102665;2026-01-24;11:30;Amanda Ferreira;11980000398;Mauá;SP;Mariana Silva;Escova;Cabelos;70.0;Cartão de crédito;Concluído;Instagram
102666;2026-01-24;13:00;Rafaela Lima;11980000441;Diadema;SP;Camila Rodrigues;Design + Henna;Sobrancelhas;60.0;Cartão de débito;Concluído;WhatsApp
102667;2026-01-24;14:00;Isabela Rocha;11980000014;Santo André;SP;Renata Souza;Escova;Cabelos;70.0;Dinheiro;Concluído;Presencial
102668;2026-01-24;14:00;Cristiane Dias;11980000024;Mauá;SP;Patrícia Alves;Escova;Cabelos;70.0;Dinheiro;Concluído;Instagram
102669;2026-01-24;15:00;Patrícia Pereira;11980000246;São Caetano do Sul;SP;Mariana Silva;Alongamento de unhas;Unhas;150.0;Cartão de débito;Concluído;Presencial
102670;2026-01-24;15:00;Letícia Pereira;11980000189;Mauá;SP;Bruna Oliveira;Design de sobrancelhas;Sobrancelhas;45.0;Cartão de débito;Concluído;WhatsApp
102671;2026-01-24;16:30;Luciana Oliveira;11980000302;São Bernardo do Campo;SP;Fernanda Costa;Manutenção de alongamento;Unhas;100.0;Dinheiro;Concluído;WhatsApp
102672;2026-01-24;16:30;Raquel Gomes;11980000432;Santo André;SP;Camila Rodrigues;Pedicure;Unhas;40.0;Dinheiro;Concluído;Instagram
102673;2026-01-24;16:30;Paula Barbosa;11980000331;Diadema;SP;Mariana Silva;Escova;Cabelos;70.0;Cartão de crédito;Concluído;Telefone
102674;2026-01-24;17:00;Larissa Martins;11980000284;Diadema;SP;Mariana Silva;Manicure + Pedicure;Unhas;66.5;Cartão de débito;Concluído;WhatsApp
102675;2026-01-24;17:30;Monique Ribeiro;11980000166;Diadema;SP;Juliana Martins;Escova;Cabelos;70.0;PIX;Concluído;WhatsApp
102676;2026-01-24;17:30;Bianca Souza;11980000276;Diadema;SP;Mariana Silva;Hidratação;Cabelos;95.0;Cartão de crédito;Concluído;Telefone
102677;2026-01-24;18:00;Mariana Rocha;11980000107;Diadema;SP;Larissa Santos;Manicure + Pedicure;Unhas;70.0;Cartão de débito;Concluído;Presencial
102678;2026-01-24;18:00;Paula Mendes;11980000296;São Caetano do Sul;SP;Mariana Silva;Pedicure;Unhas;40.0;Cartão de débito;Concluído;Presencial
102679;2026-01-24;18:00;Luciana Mendes;11980000146;São Caetano do Sul;SP;Bruna Oliveira;Design + Henna;Sobrancelhas;0.0;Dinheiro;Cancelado;Presencial
102680;2026-01-26;09:30;Monique Santos;11980000031;Diadema;SP;Camila Rodrigues;Escova;Cabelos;70.0;Cartão de débito;Concluído;Presencial
102681;2026-01-26;10:00;Juliana Martins;11980000180;São Caetano do Sul;SP;Renata Souza;Manicure + Pedicure;Unhas;70.0;Dinheiro;Concluído;Instagram
102682;2026-01-26;13:30;Vanessa Rocha;11980000314;São Paulo;SP;Fernanda Costa;Design + Henna;Sobrancelhas;0.0;Cartão de débito;Cancelado;Instagram
102683;2026-01-26;15:30;Daniela Silva;11980000346;São Paulo;SP;Patrícia Alves;Pedicure;Unhas;40.0;Dinheiro;Concluído;WhatsApp
102684;2026-01-26;16:00;Priscila Ribeiro;11980000436;São Paulo;SP;Patrícia Alves;Manutenção de alongamento;Unhas;90.0;PIX;Concluído;Instagram
102685;2026-01-26;16:00;Flávia Lima;11980000089;Diadema;SP;Bruna Oliveira;Hidratação;Cabelos;95.0;Dinheiro;Concluído;Telefone
102686;2026-01-26;16:00;Aline Pereira;11980000322;Mauá;SP;Fernanda Costa;Alongamento de unhas;Unhas;150.0;Cartão de crédito;Concluído;WhatsApp
102687;2026-01-26;16:30;Beatriz Gomes;11980000076;Mauá;SP;Camila Rodrigues;Coloração;Cabelos;160.0;Cartão de débito;Concluído;Instagram
102688;2026-01-26;17:00;Camila Ferreira;11980000386;São Caetano do Sul;SP;Renata Souza;Manutenção de alongamento;Unhas;100.0;Dinheiro;Concluído;Telefone
102689;2026-01-26;17:00;Elaine Gomes;11980000301;Mauá;SP;Mariana Silva;Escova;Cabelos;66.5;Cartão de débito;Concluído;WhatsApp
102690;2026-01-26;17:00;Tatiane Gomes;11980000230;Santo André;SP;Renata Souza;Escova;Cabelos;70.0;Cartão de débito;Concluído;Presencial
102691;2026-01-26;17:30;Bruna Carvalho;11980000357;Mauá;SP;Camila Rodrigues;Esmaltação em gel;Unhas;80.0;Cartão de débito;Concluído;Telefone
102692;2026-01-26;18:00;Ana Carolina Souza;11980000001;São Paulo;SP;Fernanda Costa;Design + Henna;Sobrancelhas;57.0;Cartão de crédito;Concluído;Presencial
102693;2026-01-27;09:00;Camila Souza;11980000211;São Caetano do Sul;SP;Bruna Oliveira;Spa dos pés;Estética;65.0;PIX;Concluído;WhatsApp
102694;2026-01-27;09:00;Sabrina Ferreira;11980000281;Santo André;SP;Patrícia Alves;Extensão de cílios;Cílios;180.0;Cartão de crédito;Concluído;Telefone
102695;2026-01-27;10:00;Daniela Ribeiro;11980000182;Diadema;SP;Juliana Martins;Pedicure;Unhas;40.0;Dinheiro;Concluído;Presencial
102696;2026-01-27;10:00;Camila Silva;11980000041;São Paulo;SP;Bruna Oliveira;Escova;Cabelos;70.0;PIX;Concluído;Telefone
102697;2026-01-27;10:00;Priscila Mendes;11980000308;São Bernardo do Campo;SP;Mariana Silva;Manicure;Unhas;35.0;Cartão de crédito;Concluído;Instagram
102698;2026-01-27;11:30;Mariana Oliveira;11980000002;São Bernardo do Campo;SP;Patrícia Alves;Design de sobrancelhas;Sobrancelhas;42.75;Cartão de débito;Concluído;Telefone
102699;2026-01-27;13:30;Rafaela Souza;11980000438;São Caetano do Sul;SP;Juliana Martins;Manicure;Unhas;33.25;Cartão de débito;Concluído;WhatsApp
102700;2026-01-27;14:30;Aline Barbosa;11980000183;São Caetano do Sul;SP;Patrícia Alves;Pedicure;Unhas;40.0;Cartão de débito;Concluído;Telefone
102701;2026-01-27;15:00;Bruna Gomes;11980000336;Mauá;SP;Bruna Oliveira;Manicure + Pedicure;Unhas;0.0;Cartão de crédito;Cancelado;Instagram
102702;2026-01-27;16:30;Luciana Martins;11980000143;Mauá;SP;Larissa Santos;Design + Henna;Sobrancelhas;60.0;Cartão de crédito;Concluído;WhatsApp
102703;2026-01-27;16:30;Marcela Ferreira;11980000160;Santo André;SP;Fernanda Costa;Manutenção de alongamento;Unhas;0.0;Dinheiro;Cancelado;Presencial
102704;2026-01-27;17:00;Tatiane Oliveira;11980000258;São Paulo;SP;Renata Souza;Manutenção de cílios;Cílios;90.0;Cartão de débito;Concluído;WhatsApp
102705;2026-01-27;17:00;Vanessa Mendes;11980000343;Santo André;SP;Camila Rodrigues;Manicure + Pedicure;Unhas;70.0;Dinheiro;Concluído;Presencial
102706;2026-01-28;09:00;Fernanda Almeida;11980000154;Diadema;SP;Fernanda Costa;Escova;Cabelos;70.0;Cartão de débito;Concluído;WhatsApp
102707;2026-01-28;09:30;Marcela Ferreira;11980000160;Santo André;SP;Juliana Martins;Esmaltação em gel;Unhas;72.0;Cartão de crédito;Concluído;WhatsApp
102708;2026-01-28;09:30;Bianca Santos;11980000251;São Caetano do Sul;SP;Mariana Silva;Manicure + Pedicure;Unhas;70.0;Cartão de débito;Concluído;WhatsApp
102709;2026-01-28;10:00;Carla Gomes;11980000445;São Caetano do Sul;SP;Renata Souza;Pedicure;Unhas;40.0;Cartão de débito;Concluído;Presencial
102710;2026-01-28;10:00;Simone Silva;11980000137;São Caetano do Sul;SP;Bruna Oliveira;Manutenção de cílios;Cílios;90.0;Cartão de débito;Concluído;WhatsApp
102711;2026-01-28;13:00;Ana Souza;11980000420;Mauá;SP;Fernanda Costa;Hidratação;Cabelos;95.0;Cartão de crédito;Concluído;Instagram
102712;2026-01-28;13:00;Juliana Mendes;11980000188;São Caetano do Sul;SP;Juliana Martins;Esmaltação em gel;Unhas;80.0;Cartão de débito;Concluído;Instagram
102713;2026-01-28;13:00;Letícia Souza;11980000389;Santo André;SP;Patrícia Alves;Pedicure;Unhas;0.0;PIX;Cancelado;Instagram
102714;2026-01-28;13:30;Carla Barbosa;11980000053;Mauá;SP;Mariana Silva;Design de sobrancelhas;Sobrancelhas;0.0;PIX;Não Compareceu;WhatsApp
102715;2026-01-28;13:30;Mariana Rocha;11980000383;São Caetano do Sul;SP;Patrícia Alves;Corte feminino;Cabelos;85.0;Dinheiro;Concluído;Telefone
102716;2026-01-28;17:30;Vanessa Rocha;11980000043;São Paulo;SP;Bruna Oliveira;Alongamento de unhas;Unhas;150.0;PIX;Concluído;Instagram
102717;2026-01-28;18:00;Débora Costa;11980000088;São Paulo;SP;Bruna Oliveira;Manicure + Pedicure;Unhas;70.0;PIX;Concluído;Telefone
102718;2026-01-29;10:30;Bianca Costa;11980000226;Mauá;SP;Juliana Martins;Design + Henna;Sobrancelhas;60.0;Dinheiro;Concluído;Telefone
102719;2026-01-29;11:30;Raquel Silva;11980000167;Santo André;SP;Fernanda Costa;Manicure;Unhas;35.0;PIX;Concluído;Telefone
102720;2026-01-29;13:00;Isabela Lima;11980000264;Diadema;SP;Mariana Silva;Pedicure;Unhas;40.0;PIX;Concluído;Presencial
102721;2026-01-29;13:00;Raquel Costa;11980000033;São Caetano do Sul;SP;Mariana Silva;Pedicure;Unhas;40.0;Cartão de débito;Concluído;Presencial
102722;2026-01-29;14:30;Larissa Santos;11980000175;Diadema;SP;Patrícia Alves;Manicure;Unhas;35.0;PIX;Concluído;WhatsApp
102723;2026-01-29;15:00;Juliana Ribeiro;11980000046;Santo André;SP;Renata Souza;Pedicure;Unhas;40.0;Cartão de débito;Concluído;WhatsApp
102724;2026-01-30;10:00;Raquel Silva;11980000341;São Caetano do Sul;SP;Larissa Santos;Corte feminino;Cabelos;85.0;PIX;Concluído;WhatsApp
102725;2026-01-30;11:00;Aline Pereira;11980000322;Mauá;SP;Mariana Silva;Manutenção de alongamento;Unhas;100.0;Dinheiro;Concluído;Presencial
102726;2026-01-30;11:00;Monique Lima;11980000410;São Bernardo do Campo;SP;Juliana Martins;Alongamento de unhas;Unhas;150.0;Cartão de crédito;Concluído;WhatsApp
102727;2026-01-30;11:00;Beatriz Barbosa;11980000214;Mauá;SP;Patrícia Alves;Hidratação;Cabelos;90.25;PIX;Concluído;WhatsApp
102728;2026-01-30;14:00;Luciana Ferreira;11980000325;Diadema;SP;Mariana Silva;Manutenção de alongamento;Unhas;95.0;PIX;Concluído;Telefone
102729;2026-01-30;14:00;Mariana Rocha;11980000107;Diadema;SP;Mariana Silva;Manicure;Unhas;35.0;Cartão de débito;Concluído;Instagram
102730;2026-01-30;14:00;Vanessa Gomes;11980000075;Santo André;SP;Camila Rodrigues;Esmaltação em gel;Unhas;80.0;PIX;Concluído;WhatsApp
102731;2026-01-30;15:00;Gabriela Barbosa;11980000243;São Paulo;SP;Renata Souza;Design + Henna;Sobrancelhas;60.0;Cartão de crédito;Concluído;Presencial
102732;2026-01-30;15:00;Elaine Santos;11980000231;São Bernardo do Campo;SP;Bruna Oliveira;Extensão de cílios;Cílios;180.0;PIX;Concluído;WhatsApp
102733;2026-01-30;15:00;Vanessa Gomes;11980000075;Santo André;SP;Mariana Silva;Manicure;Unhas;35.0;PIX;Concluído;WhatsApp
102734;2026-01-30;15:30;Paula Oliveira;11980000177;Mauá;SP;Renata Souza;Manicure;Unhas;35.0;Cartão de crédito;Concluído;Presencial
102735;2026-01-30;16:00;Luciana Ferreira;11980000325;Diadema;SP;Larissa Santos;Manicure + Pedicure;Unhas;66.5;Dinheiro;Concluído;Presencial
102736;2026-01-30;16:30;Flávia Lima;11980000089;Diadema;SP;Patrícia Alves;Pedicure;Unhas;38.0;Cartão de débito;Concluído;Telefone
102737;2026-01-30;18:00;Juliana Santos;11980000362;São Paulo;SP;Patrícia Alves;Corte feminino;Cabelos;85.0;Dinheiro;Concluído;WhatsApp
102738;2026-01-30;18:00;Viviane Carvalho;11980000354;São Caetano do Sul;SP;Juliana Martins;Manicure;Unhas;35.0;Cartão de crédito;Concluído;Instagram
102739;2026-01-31;09:00;Letícia Ribeiro;11980000270;São Caetano do Sul;SP;Patrícia Alves;Extensão de cílios;Cílios;180.0;PIX;Concluído;Instagram
102740;2026-01-31;10:00;Juliana Silva;11980000141;São Bernardo do Campo;SP;Larissa Santos;Coloração;Cabelos;0.0;PIX;Cancelado;Telefone
102741;2026-01-31;10:00;Juliana Souza;11980000426;São Paulo;SP;Larissa Santos;Manicure + Pedicure;Unhas;70.0;Cartão de crédito;Concluído;Presencial
102742;2026-01-31;10:30;Juliana Martins;11980000180;São Caetano do Sul;SP;Patrícia Alves;Manicure;Unhas;33.25;Cartão de crédito;Concluído;WhatsApp
102743;2026-01-31;11:00;Letícia Souza;11980000389;Santo André;SP;Mariana Silva;Design de sobrancelhas;Sobrancelhas;45.0;Cartão de débito;Concluído;Telefone
102744;2026-01-31;11:30;Elaine Gomes;11980000195;Santo André;SP;Patrícia Alves;Design de sobrancelhas;Sobrancelhas;42.75;Cartão de crédito;Concluído;Instagram
102745;2026-01-31;11:30;Letícia Souza;11980000389;Santo André;SP;Renata Souza;Manicure + Pedicure;Unhas;70.0;Dinheiro;Concluído;Telefone
102746;2026-01-31;11:30;Letícia Ribeiro;11980000270;São Caetano do Sul;SP;Bruna Oliveira;Design + Henna;Sobrancelhas;60.0;Cartão de débito;Concluído;WhatsApp
102747;2026-01-31;13:30;Luciana Martins;11980000143;Mauá;SP;Mariana Silva;Escova;Cabelos;70.0;Cartão de débito;Concluído;Telefone
102748;2026-01-31;13:30;Bruna Barbosa;11980000446;Santo André;SP;Renata Souza;Manutenção de alongamento;Unhas;100.0;Dinheiro;Concluído;Presencial
102749;2026-01-31;14:00;Ana Santos;11980000054;São Bernardo do Campo;SP;Mariana Silva;Manicure + Pedicure;Unhas;70.0;PIX;Concluído;Instagram
102750;2026-01-31;15:00;Monique Ribeiro;11980000166;Diadema;SP;Mariana Silva;Design + Henna;Sobrancelhas;57.0;Cartão de crédito;Concluído;Presencial
102751;2026-01-31;15:00;Fernanda Santos;11980000405;São Bernardo do Campo;SP;Larissa Santos;Manutenção de alongamento;Unhas;100.0;Dinheiro;Concluído;Telefone
102752;2026-01-31;16:30;Marcela Rocha;11980000126;São Caetano do Sul;SP;Mariana Silva;Pedicure;Unhas;40.0;Cartão de débito;Concluído;Telefone
102753;2026-01-31;16:30;Simone Ferreira;11980000202;Mauá;SP;Camila Rodrigues;Design de sobrancelhas;Sobrancelhas;42.75;Cartão de débito;Concluído;Presencial
102754;2026-01-31;16:30;Juliana Silva;11980000349;Mauá;SP;Bruna Oliveira;Esmaltação em gel;Unhas;80.0;PIX;Concluído;Presencial
102755;2026-01-31;16:30;Raquel Pereira;11980000037;São Bernardo do Campo;SP;Mariana Silva;Manutenção de cílios;Cílios;90.0;PIX;Concluído;Presencial
102756;2026-01-31;18:00;Paula Mendes;11980000414;Diadema;SP;Fernanda Costa;Hidratação;Cabelos;90.25;Dinheiro;Concluído;Telefone
102757;2026-01-31;18:00;Camila Oliveira;11980000224;Mauá;SP;Camila Rodrigues;Coloração;Cabelos;0.0;Cartão de débito;Não Compareceu;WhatsApp
102758;2026-02-02;09:00;Bruna Ferreira;11980000148;Santo André;SP;Bruna Oliveira;Manicure;Unhas;35.0;Cartão de débito;Concluído;WhatsApp
102759;2026-02-02;09:30;Luciana Gomes;11980000304;São Caetano do Sul;SP;Larissa Santos;Manutenção de alongamento;Unhas;100.0;PIX;Concluído;Telefone
102760;2026-02-02;10:00;Cristiane Santos;11980000378;Mauá;SP;Camila Rodrigues;Pedicure;Unhas;36.0;Cartão de débito;Concluído;Instagram
102761;2026-02-02;11:30;Fernanda Almeida;11980000154;Diadema;SP;Juliana Martins;Escova;Cabelos;70.0;PIX;Concluído;Telefone
102762;2026-02-02;13:30;Monique Barbosa;11980000250;São Paulo;SP;Bruna Oliveira;Coloração;Cabelos;160.0;PIX;Concluído;Telefone
102763;2026-02-02;13:30;Gabriela Lima;11980000330;Mauá;SP;Fernanda Costa;Manutenção de alongamento;Unhas;100.0;Cartão de débito;Concluído;WhatsApp
102764;2026-02-02;14:00;Bianca Rocha;11980000082;São Paulo;SP;Bruna Oliveira;Pedicure;Unhas;40.0;Cartão de débito;Concluído;Telefone
102765;2026-02-02;14:30;Larissa Ribeiro;11980000247;Santo André;SP;Camila Rodrigues;Manicure + Pedicure;Unhas;70.0;Cartão de débito;Concluído;Instagram
102766;2026-02-02;15:30;Monique Costa;11980000140;Santo André;SP;Larissa Santos;Manutenção de alongamento;Unhas;100.0;Cartão de débito;Concluído;WhatsApp
102767;2026-02-02;15:30;Vanessa Almeida;11980000311;São Paulo;SP;Juliana Martins;Manutenção de alongamento;Unhas;100.0;Cartão de crédito;Concluído;Telefone
102768;2026-02-02;15:30;Isabela Rocha;11980000055;Santo André;SP;Patrícia Alves;Extensão de cílios;Cílios;180.0;Cartão de crédito;Concluído;Telefone
102769;2026-02-02;16:00;Daniela Freitas;11980000025;Diadema;SP;Mariana Silva;Manutenção de cílios;Cílios;0.0;Cartão de débito;Cancelado;WhatsApp
102770;2026-02-02;16:30;Elaine Silva;11980000327;São Caetano do Sul;SP;Fernanda Costa;Pedicure;Unhas;40.0;Dinheiro;Concluído;Presencial
102771;2026-02-03;09:30;Letícia Souza;11980000389;Santo André;SP;Juliana Martins;Manutenção de alongamento;Unhas;0.0;Dinheiro;Cancelado;Telefone
102772;2026-02-03;10:30;Bruna Oliveira;11980000404;São Caetano do Sul;SP;Fernanda Costa;Design de sobrancelhas;Sobrancelhas;45.0;Dinheiro;Concluído;Instagram
102773;2026-02-03;11:00;Paula Barbosa;11980000161;Santo André;SP;Juliana Martins;Alongamento de unhas;Unhas;150.0;Cartão de débito;Concluído;Instagram
102774;2026-02-03;13:00;Vanessa Lima;11980000233;Mauá;SP;Patrícia Alves;Manicure;Unhas;31.5;PIX;Concluído;Instagram
102775;2026-02-03;13:00;Letícia Silva;11980000411;Santo André;SP;Mariana Silva;Escova;Cabelos;70.0;PIX;Concluído;WhatsApp
102776;2026-02-03;13:30;Raquel Silva;11980000341;São Caetano do Sul;SP;Bruna Oliveira;Manutenção de alongamento;Unhas;100.0;Cartão de crédito;Concluído;Presencial
102777;2026-02-03;13:30;Aline Gomes;11980000222;São Bernardo do Campo;SP;Bruna Oliveira;Escova;Cabelos;70.0;Dinheiro;Concluído;WhatsApp
102778;2026-02-03;14:30;Débora Gomes;11980000310;São Paulo;SP;Larissa Santos;Corte feminino;Cabelos;76.5;Cartão de débito;Concluído;Instagram
102779;2026-02-03;15:00;Marcela Santos;11980000206;São Paulo;SP;Fernanda Costa;Manicure;Unhas;35.0;Dinheiro;Concluído;Presencial
102780;2026-02-03;15:30;Patrícia Martins;11980000274;Santo André;SP;Mariana Silva;Hidratação;Cabelos;95.0;Cartão de débito;Concluído;Instagram
102781;2026-02-03;15:30;Cristiane Barbosa;11980000123;São Paulo;SP;Mariana Silva;Hidratação;Cabelos;95.0;Dinheiro;Concluído;WhatsApp
102782;2026-02-03;15:30;Rafaela Gomes;11980000356;Diadema;SP;Larissa Santos;Manicure;Unhas;0.0;Dinheiro;Cancelado;Telefone
102783;2026-02-03;15:30;Raquel Silva;11980000275;Diadema;SP;Mariana Silva;Spa dos pés;Estética;65.0;Cartão de débito;Concluído;Telefone
102784;2026-02-03;15:30;Jéssica Almeida;11980000052;São Caetano do Sul;SP;Camila Rodrigues;Manicure;Unhas;35.0;PIX;Concluído;WhatsApp
102785;2026-02-03;16:00;Fernanda Ribeiro;11980000256;São Paulo;SP;Fernanda Costa;Manicure + Pedicure;Unhas;70.0;Dinheiro;Concluído;Presencial
102786;2026-02-03;17:30;Luciana Ferreira;11980000325;Diadema;SP;Juliana Martins;Pedicure;Unhas;40.0;Dinheiro;Concluído;Instagram
102787;2026-02-03;18:00;Jéssica Lima;11980000427;Mauá;SP;Larissa Santos;Manicure + Pedicure;Unhas;70.0;Dinheiro;Concluído;Instagram
102788;2026-02-04;09:00;Daniela Silva;11980000267;São Bernardo do Campo;SP;Camila Rodrigues;Pedicure;Unhas;40.0;Dinheiro;Concluído;Instagram
102789;2026-02-04;10:00;Gabriela Silva;11980000415;São Paulo;SP;Fernanda Costa;Extensão de cílios;Cílios;180.0;Dinheiro;Concluído;WhatsApp
102790;2026-02-04;10:00;Monique Ribeiro;11980000166;Diadema;SP;Patrícia Alves;Escova;Cabelos;0.0;Dinheiro;Cancelado;Instagram
102791;2026-02-04;13:00;Larissa Souza;11980000095;Santo André;SP;Larissa Santos;Pedicure;Unhas;40.0;PIX;Concluído;Presencial
102792;2026-02-04;13:00;Juliana Ribeiro;11980000046;Santo André;SP;Patrícia Alves;Design + Henna;Sobrancelhas;60.0;Cartão de crédito;Concluído;Instagram
102793;2026-02-04;13:30;Carla Barbosa;11980000053;Mauá;SP;Bruna Oliveira;Escova;Cabelos;70.0;Cartão de crédito;Concluído;Telefone
102794;2026-02-04;14:00;Bruna Gomes;11980000336;Mauá;SP;Mariana Silva;Escova;Cabelos;70.0;Dinheiro;Concluído;WhatsApp
102795;2026-02-04;14:00;Rafaela Ribeiro;11980000442;Mauá;SP;Larissa Santos;Corte feminino;Cabelos;85.0;Cartão de crédito;Concluído;WhatsApp
102796;2026-02-04;14:30;Jéssica Gomes;11980000049;Diadema;SP;Larissa Santos;Manicure;Unhas;35.0;Dinheiro;Concluído;Telefone
102797;2026-02-04;14:30;Raquel Gomes;11980000432;Santo André;SP;Mariana Silva;Escova;Cabelos;70.0;Cartão de débito;Concluído;Telefone
102798;2026-02-04;15:00;Jéssica Gomes;11980000263;Santo André;SP;Patrícia Alves;Spa dos pés;Estética;65.0;Dinheiro;Concluído;Presencial
102799;2026-02-04;15:00;Débora Costa;11980000134;São Paulo;SP;Renata Souza;Pedicure;Unhas;38.0;PIX;Concluído;WhatsApp
102800;2026-02-04;15:30;Paula Martins;11980000323;São Paulo;SP;Fernanda Costa;Alongamento de unhas;Unhas;150.0;Cartão de crédito;Concluído;Telefone
102801;2026-02-04;16:30;Viviane Carvalho;11980000354;São Caetano do Sul;SP;Renata Souza;Manutenção de alongamento;Unhas;100.0;PIX;Concluído;Telefone
102802;2026-02-04;16:30;Flávia Martins;11980000412;São Bernardo do Campo;SP;Mariana Silva;Manutenção de cílios;Cílios;90.0;Cartão de crédito;Concluído;WhatsApp
102803;2026-02-04;17:30;Mariana Oliveira;11980000002;São Bernardo do Campo;SP;Larissa Santos;Alongamento de unhas;Unhas;150.0;PIX;Concluído;Instagram
102804;2026-02-05;09:00;Letícia Pereira;11980000189;Mauá;SP;Larissa Santos;Design de sobrancelhas;Sobrancelhas;0.0;Cartão de débito;Cancelado;Presencial
102805;2026-02-05;09:00;Tatiane Silva;11980000072;São Paulo;SP;Patrícia Alves;Manicure;Unhas;35.0;Dinheiro;Concluído;Telefone
102806;2026-02-05;10:00;Jéssica Almeida;11980000052;São Caetano do Sul;SP;Larissa Santos;Corte feminino;Cabelos;85.0;PIX;Concluído;Telefone
102807;2026-02-05;10:00;Isabela Ribeiro;11980000377;São Paulo;SP;Juliana Martins;Manicure + Pedicure;Unhas;70.0;Cartão de crédito;Concluído;Telefone
102808;2026-02-05;10:00;Renata Lima;11980000372;São Caetano do Sul;SP;Renata Souza;Escova;Cabelos;0.0;Dinheiro;Não Compareceu;WhatsApp
102809;2026-02-05;10:30;Juliana Santos;11980000362;São Paulo;SP;Larissa Santos;Design + Henna;Sobrancelhas;60.0;Cartão de débito;Concluído;WhatsApp
102810;2026-02-05;11:00;Paula Rocha;11980000097;São Bernardo do Campo;SP;Bruna Oliveira;Spa dos pés;Estética;58.5;Dinheiro;Concluído;Presencial
102811;2026-02-05;11:30;Beatriz Silva;11980000439;Santo André;SP;Mariana Silva;Escova;Cabelos;70.0;Dinheiro;Concluído;Telefone
102812;2026-02-05;13:30;Isabela Lima;11980000264;Diadema;SP;Camila Rodrigues;Manicure;Unhas;35.0;Cartão de débito;Concluído;Telefone
102813;2026-02-05;13:30;Aline Moreira;11980000017;São Caetano do Sul;SP;Larissa Santos;Design + Henna;Sobrancelhas;60.0;Cartão de débito;Concluído;WhatsApp
102814;2026-02-05;14:00;Daniela Almeida;11980000400;Mauá;SP;Camila Rodrigues;Manicure + Pedicure;Unhas;70.0;PIX;Concluído;Presencial
102815;2026-02-05;14:00;Mariana Rocha;11980000107;Diadema;SP;Renata Souza;Manutenção de alongamento;Unhas;100.0;Dinheiro;Concluído;Presencial
102816;2026-02-05;14:30;Camila Souza;11980000211;São Caetano do Sul;SP;Larissa Santos;Corte feminino;Cabelos;80.75;Cartão de débito;Concluído;Presencial
102817;2026-02-05;15:00;Viviane Ferreira;11980000142;Mauá;SP;Patrícia Alves;Manicure;Unhas;0.0;PIX;Cancelado;Instagram
102818;2026-02-05;15:30;Juliana Ribeiro;11980000099;Santo André;SP;Juliana Martins;Manicure;Unhas;33.25;Cartão de débito;Concluído;Presencial
102819;2026-02-05;16:00;Fernanda Lima;11980000003;São Paulo;SP;Mariana Silva;Manicure;Unhas;35.0;Cartão de crédito;Concluído;Telefone
102820;2026-02-05;16:00;Marcela Ferreira;11980000160;Santo André;SP;Mariana Silva;Corte feminino;Cabelos;85.0;Cartão de débito;Concluído;Instagram
102821;2026-02-05;16:30;Luciana Ferreira;11980000235;São Caetano do Sul;SP;Larissa Santos;Hidratação;Cabelos;95.0;PIX;Concluído;Instagram
102822;2026-02-05;17:00;Patrícia Rocha;11980000159;Mauá;SP;Mariana Silva;Coloração;Cabelos;152.0;Cartão de crédito;Concluído;Presencial
102823;2026-02-05;17:00;Cristiane Ferreira;11980000295;Diadema;SP;Larissa Santos;Alongamento de unhas;Unhas;150.0;Cartão de débito;Concluído;Presencial
102824;2026-02-06;09:00;Amanda Barbosa;11980000290;São Paulo;SP;Fernanda Costa;Extensão de cílios;Cílios;180.0;Cartão de débito;Concluído;Instagram
102825;2026-02-06;09:00;Beatriz Lima;11980000278;São Bernardo do Campo;SP;Camila Rodrigues;Manutenção de alongamento;Unhas;100.0;PIX;Concluído;Presencial
102826;2026-02-06;09:00;Luciana Barbosa;11980000271;São Caetano do Sul;SP;Mariana Silva;Manutenção de cílios;Cílios;90.0;Dinheiro;Concluído;Instagram
102827;2026-02-06;09:00;Camila Mendes;11980000138;Santo André;SP;Camila Rodrigues;Manutenção de cílios;Cílios;81.0;Cartão de débito;Concluído;Presencial
102828;2026-02-06;09:30;Flávia Lima;11980000089;Diadema;SP;Patrícia Alves;Design + Henna;Sobrancelhas;60.0;Cartão de crédito;Concluído;Instagram
102829;2026-02-06;09:30;Tatiane Pereira;11980000070;São Paulo;SP;Mariana Silva;Pedicure;Unhas;38.0;Dinheiro;Concluído;Telefone
102830;2026-02-06;10:30;Gabriela Barbosa;11980000243;São Paulo;SP;Bruna Oliveira;Manicure + Pedicure;Unhas;70.0;Cartão de crédito;Concluído;Instagram
102831;2026-02-06;11:00;Flávia Pereira;11980000348;Diadema;SP;Patrícia Alves;Manicure;Unhas;33.25;Cartão de crédito;Concluído;Presencial
102832;2026-02-06;11:00;Marcela Ferreira;11980000160;Santo André;SP;Mariana Silva;Design + Henna;Sobrancelhas;0.0;Cartão de crédito;Cancelado;Instagram
102833;2026-02-06;13:30;Fernanda Pereira;11980000292;Santo André;SP;Bruna Oliveira;Manicure;Unhas;33.25;Cartão de crédito;Concluído;Presencial
102834;2026-02-06;13:30;Vanessa Rocha;11980000119;Diadema;SP;Renata Souza;Design + Henna;Sobrancelhas;60.0;Cartão de crédito;Concluído;Instagram
102835;2026-02-06;15:00;Renata Alves;11980000018;São Paulo;SP;Juliana Martins;Design de sobrancelhas;Sobrancelhas;42.75;Dinheiro;Concluído;Instagram
102836;2026-02-06;15:30;Flávia Mendes;11980000129;Mauá;SP;Patrícia Alves;Escova;Cabelos;70.0;Cartão de crédito;Concluído;WhatsApp
102837;2026-02-06;16:00;Larissa Santos;11980000175;Diadema;SP;Larissa Santos;Esmaltação em gel;Unhas;80.0;Cartão de crédito;Concluído;WhatsApp
102838;2026-02-06;16:00;Paula Barbosa;11980000130;Santo André;SP;Fernanda Costa;Alongamento de unhas;Unhas;142.5;PIX;Concluído;Presencial
102839;2026-02-06;16:00;Amanda Barbosa;11980000290;São Paulo;SP;Larissa Santos;Manicure;Unhas;35.0;Cartão de crédito;Concluído;Telefone
102840;2026-02-06;16:30;Daniela Ribeiro;11980000171;Diadema;SP;Camila Rodrigues;Manutenção de alongamento;Unhas;100.0;Dinheiro;Concluído;WhatsApp
102841;2026-02-06;16:30;Monique Ribeiro;11980000166;Diadema;SP;Renata Souza;Spa dos pés;Estética;58.5;Cartão de débito;Concluído;Telefone
102842;2026-02-06;17:00;Renata Alves;11980000018;São Paulo;SP;Larissa Santos;Hidratação;Cabelos;95.0;Cartão de débito;Concluído;Instagram
102843;2026-02-06;17:30;Natália Rocha;11980000277;Santo André;SP;Larissa Santos;Design de sobrancelhas;Sobrancelhas;45.0;Dinheiro;Concluído;WhatsApp
102844;2026-02-06;17:30;Paula Barbosa;11980000130;Santo André;SP;Mariana Silva;Manicure + Pedicure;Unhas;70.0;Cartão de débito;Concluído;WhatsApp
102845;2026-02-06;18:00;Carla Almeida;11980000444;Diadema;SP;Bruna Oliveira;Manicure;Unhas;35.0;Dinheiro;Concluído;Presencial
102846;2026-02-07;09:00;Jéssica Silva;11980000448;São Caetano do Sul;SP;Larissa Santos;Manicure + Pedicure;Unhas;70.0;Cartão de débito;Concluído;Presencial
102847;2026-02-07;09:00;Priscila Pereira;11980000353;São Paulo;SP;Renata Souza;Alongamento de unhas;Unhas;142.5;PIX;Concluído;Telefone
102848;2026-02-07;09:00;Bianca Silva;11980000391;São Caetano do Sul;SP;Renata Souza;Pedicure;Unhas;40.0;Cartão de crédito;Concluído;Presencial
102849;2026-02-07;09:30;Paula Barbosa;11980000130;Santo André;SP;Fernanda Costa;Pedicure;Unhas;40.0;Dinheiro;Concluído;Telefone
102850;2026-02-07;10:00;Ana Souza;11980000420;Mauá;SP;Patrícia Alves;Alongamento de unhas;Unhas;150.0;Cartão de débito;Concluído;WhatsApp
102851;2026-02-07;10:00;Vanessa Silva;11980000401;Diadema;SP;Renata Souza;Manicure;Unhas;33.25;Cartão de débito;Concluído;WhatsApp
102852;2026-02-07;11:00;Sabrina Souza;11980000038;Mauá;SP;Patrícia Alves;Manicure;Unhas;35.0;Cartão de débito;Concluído;Instagram
102853;2026-02-07;11:00;Beatriz Santos;11980000065;Mauá;SP;Mariana Silva;Pedicure;Unhas;0.0;Cartão de crédito;Cancelado;Presencial
102854;2026-02-07;11:00;Larissa Santos;11980000248;São Bernardo do Campo;SP;Renata Souza;Manutenção de alongamento;Unhas;100.0;Cartão de crédito;Concluído;Instagram
102855;2026-02-07;11:30;Rafaela Ribeiro;11980000442;Mauá;SP;Camila Rodrigues;Escova;Cabelos;70.0;Cartão de crédito;Concluído;Presencial
102856;2026-02-07;13:00;Rafaela Ribeiro;11980000153;São Paulo;SP;Renata Souza;Design de sobrancelhas;Sobrancelhas;42.75;Cartão de débito;Concluído;Presencial
102857;2026-02-07;13:00;Monique Ribeiro;11980000166;Diadema;SP;Juliana Martins;Manicure;Unhas;35.0;Dinheiro;Concluído;Instagram
102858;2026-02-07;13:30;Jéssica Almeida;11980000052;São Caetano do Sul;SP;Mariana Silva;Manicure;Unhas;35.0;PIX;Concluído;Instagram
102859;2026-02-07;13:30;Priscila Ribeiro;11980000178;São Paulo;SP;Juliana Martins;Esmaltação em gel;Unhas;80.0;Cartão de crédito;Concluído;Presencial
102860;2026-02-07;14:30;Viviane Gomes;11980000313;Diadema;SP;Fernanda Costa;Manutenção de alongamento;Unhas;95.0;Cartão de crédito;Concluído;Telefone
102861;2026-02-07;15:30;Vanessa Rocha;11980000043;São Paulo;SP;Larissa Santos;Manicure + Pedicure;Unhas;0.0;PIX;Cancelado;Presencial
102862;2026-02-07;15:30;Priscila Barbosa;11980000150;Santo André;SP;Renata Souza;Pedicure;Unhas;40.0;Dinheiro;Concluído;Instagram
102863;2026-02-07;16:00;Renata Souza;11980000229;São Bernardo do Campo;SP;Patrícia Alves;Pedicure;Unhas;40.0;Cartão de débito;Concluído;Telefone
102864;2026-02-07;16:30;Natália Oliveira;11980000373;São Paulo;SP;Larissa Santos;Pedicure;Unhas;40.0;Dinheiro;Concluído;Telefone
102865;2026-02-07;17:00;Gabriela Gomes;11980000257;São Caetano do Sul;SP;Juliana Martins;Design de sobrancelhas;Sobrancelhas;45.0;Cartão de débito;Concluído;WhatsApp
102866;2026-02-07;17:00;Larissa Almeida;11980000010;Santo André;SP;Larissa Santos;Manicure + Pedicure;Unhas;63.0;PIX;Concluído;Telefone
102867;2026-02-07;17:00;Monique Mendes;11980000361;São Paulo;SP;Patrícia Alves;Spa dos pés;Estética;65.0;Cartão de débito;Concluído;Instagram
102868;2026-02-07;17:00;Tatiane Santos;11980000094;São Bernardo do Campo;SP;Fernanda Costa;Design de sobrancelhas;Sobrancelhas;45.0;Dinheiro;Concluído;Instagram
102869;2026-02-07;17:30;Amanda Barbosa;11980000290;São Paulo;SP;Bruna Oliveira;Esmaltação em gel;Unhas;80.0;PIX;Concluído;Telefone
102870;2026-02-07;17:30;Marcela Gomes;11980000316;São Bernardo do Campo;SP;Bruna Oliveira;Design + Henna;Sobrancelhas;54.0;PIX;Concluído;Instagram
102871;2026-02-07;18:00;Camila Ferreira;11980000386;São Caetano do Sul;SP;Fernanda Costa;Pedicure;Unhas;38.0;PIX;Concluído;WhatsApp
102872;2026-02-07;18:00;Daniela Rocha;11980000387;Santo André;SP;Larissa Santos;Design de sobrancelhas;Sobrancelhas;45.0;PIX;Concluído;Telefone
102873;2026-02-07;18:00;Paula Ribeiro;11980000450;São Caetano do Sul;SP;Camila Rodrigues;Design de sobrancelhas;Sobrancelhas;45.0;Cartão de crédito;Concluído;Telefone
102874;2026-02-09;11:00;Fernanda Gomes;11980000191;São Paulo;SP;Mariana Silva;Escova;Cabelos;63.0;PIX;Concluído;WhatsApp
102875;2026-02-09;11:00;Rafaela Gomes;11980000006;São Paulo;SP;Camila Rodrigues;Extensão de cílios;Cílios;180.0;PIX;Concluído;WhatsApp
102876;2026-02-09;13:00;Elaine Gomes;11980000301;Mauá;SP;Camila Rodrigues;Manicure + Pedicure;Unhas;70.0;Cartão de crédito;Concluído;Telefone
102877;2026-02-09;13:30;Flávia Rocha;11980000090;São Paulo;SP;Larissa Santos;Design de sobrancelhas;Sobrancelhas;45.0;Cartão de crédito;Concluído;WhatsApp
102878;2026-02-09;14:00;Patrícia Martins;11980000274;Santo André;SP;Larissa Santos;Manicure;Unhas;35.0;PIX;Concluído;Instagram
102879;2026-02-09;15:30;Elaine Gomes;11980000301;Mauá;SP;Juliana Martins;Escova;Cabelos;70.0;Cartão de débito;Concluído;Instagram
102880;2026-02-09;15:30;Paula Barbosa;11980000130;Santo André;SP;Camila Rodrigues;Design de sobrancelhas;Sobrancelhas;45.0;Dinheiro;Concluído;Instagram
102881;2026-02-09;16:00;Elaine Barbosa;11980000332;São Bernardo do Campo;SP;Fernanda Costa;Coloração;Cabelos;160.0;PIX;Concluído;Instagram
102882;2026-02-09;16:30;Elaine Moura;11980000026;São Bernardo do Campo;SP;Patrícia Alves;Spa dos pés;Estética;65.0;Cartão de crédito;Concluído;Presencial
102883;2026-02-09;16:30;Aline Gomes;11980000222;São Bernardo do Campo;SP;Fernanda Costa;Escova;Cabelos;70.0;Cartão de débito;Concluído;Presencial
102884;2026-02-09;17:30;Elaine Souza;11980000091;São Caetano do Sul;SP;Renata Souza;Manicure;Unhas;35.0;PIX;Concluído;Presencial
102885;2026-02-09;17:30;Raquel Carvalho;11980000168;Santo André;SP;Juliana Martins;Escova;Cabelos;63.0;Cartão de débito;Concluído;Telefone
102886;2026-02-09;17:30;Rafaela Mendes;11980000114;Santo André;SP;Renata Souza;Manicure;Unhas;35.0;Cartão de débito;Concluído;Instagram
102887;2026-02-10;09:30;Elaine Gomes;11980000195;Santo André;SP;Larissa Santos;Pedicure;Unhas;40.0;Cartão de crédito;Concluído;Instagram
102888;2026-02-10;10:00;Viviane Gomes;11980000313;Diadema;SP;Fernanda Costa;Corte feminino;Cabelos;85.0;Dinheiro;Concluído;Presencial
102889;2026-02-10;10:00;Carla Mendes;11980000005;Mauá;SP;Camila Rodrigues;Manutenção de alongamento;Unhas;100.0;Cartão de débito;Concluído;Telefone
102890;2026-02-10;10:30;Viviane Ferreira;11980000440;Santo André;SP;Mariana Silva;Manicure + Pedicure;Unhas;70.0;Dinheiro;Concluído;Instagram
102891;2026-02-10;10:30;Carla Gomes;11980000445;São Caetano do Sul;SP;Mariana Silva;Manutenção de cílios;Cílios;90.0;Cartão de débito;Concluído;WhatsApp
102892;2026-02-10;13:00;Paula Ribeiro;11980000450;São Caetano do Sul;SP;Juliana Martins;Manicure + Pedicure;Unhas;70.0;Dinheiro;Concluído;WhatsApp
102893;2026-02-10;13:00;Priscila Ribeiro;11980000178;São Paulo;SP;Fernanda Costa;Design de sobrancelhas;Sobrancelhas;45.0;PIX;Concluído;Presencial
102894;2026-02-10;14:30;Luciana Ferreira;11980000235;São Caetano do Sul;SP;Renata Souza;Manicure + Pedicure;Unhas;70.0;Cartão de crédito;Concluído;WhatsApp
102895;2026-02-10;15:30;Letícia Lima;11980000209;São Bernardo do Campo;SP;Larissa Santos;Extensão de cílios;Cílios;171.0;Cartão de débito;Concluído;WhatsApp
102896;2026-02-10;15:30;Vanessa Almeida;11980000311;São Paulo;SP;Bruna Oliveira;Esmaltação em gel;Unhas;80.0;Dinheiro;Concluído;Presencial
102897;2026-02-10;16:00;Isabela Mendes;11980000135;São Caetano do Sul;SP;Camila Rodrigues;Coloração;Cabelos;160.0;Dinheiro;Concluído;WhatsApp
102898;2026-02-10;16:00;Patrícia Martins;11980000274;Santo André;SP;Renata Souza;Manicure;Unhas;35.0;Cartão de débito;Concluído;Telefone
102899;2026-02-10;16:00;Vanessa Martins;11980000020;São Bernardo do Campo;SP;Fernanda Costa;Escova;Cabelos;66.5;Dinheiro;Concluído;WhatsApp
102900;2026-02-10;16:00;Juliana Martins;11980000180;São Caetano do Sul;SP;Camila Rodrigues;Design + Henna;Sobrancelhas;60.0;Dinheiro;Concluído;Instagram
102901;2026-02-10;16:30;Flávia Lima;11980000089;Diadema;SP;Patrícia Alves;Spa dos pés;Estética;65.0;Dinheiro;Concluído;Presencial
102902;2026-02-10;17:00;Tatiane Oliveira;11980000258;São Paulo;SP;Camila Rodrigues;Corte feminino;Cabelos;85.0;Cartão de crédito;Concluído;WhatsApp
102903;2026-02-10;17:30;Cristiane Ferreira;11980000376;São Paulo;SP;Renata Souza;Design de sobrancelhas;Sobrancelhas;45.0;PIX;Concluído;Instagram
102904;2026-02-11;09:30;Renata Souza;11980000128;Mauá;SP;Renata Souza;Manutenção de cílios;Cílios;90.0;PIX;Concluído;Telefone
102905;2026-02-11;09:30;Raquel Lima;11980000173;Santo André;SP;Mariana Silva;Manicure;Unhas;0.0;Cartão de débito;Não Compareceu;WhatsApp
102906;2026-02-11;10:30;Aline Barbosa;11980000056;São Caetano do Sul;SP;Patrícia Alves;Escova;Cabelos;70.0;Dinheiro;Concluído;WhatsApp
102907;2026-02-11;13:00;Luciana Barbosa;11980000271;São Caetano do Sul;SP;Mariana Silva;Manutenção de alongamento;Unhas;100.0;Dinheiro;Concluído;Presencial
102908;2026-02-11;13:00;Larissa Lima;11980000260;Santo André;SP;Camila Rodrigues;Design + Henna;Sobrancelhas;60.0;Dinheiro;Concluído;Presencial
102909;2026-02-11;13:00;Monique Ribeiro;11980000407;São Paulo;SP;Renata Souza;Manicure;Unhas;35.0;Dinheiro;Concluído;Presencial
102910;2026-02-11;13:30;Bruna Rocha;11980000081;São Caetano do Sul;SP;Fernanda Costa;Design de sobrancelhas;Sobrancelhas;0.0;Dinheiro;Não Compareceu;Telefone
102911;2026-02-11;15:30;Beatriz Rocha;11980000079;Santo André;SP;Larissa Santos;Extensão de cílios;Cílios;180.0;Dinheiro;Concluído;Telefone
102912;2026-02-11;16:00;Carla Lima;11980000122;Santo André;SP;Larissa Santos;Manicure;Unhas;35.0;Cartão de crédito;Concluído;Telefone
102913;2026-02-11;16:00;Marcela Gomes;11980000080;São Caetano do Sul;SP;Larissa Santos;Manutenção de cílios;Cílios;90.0;Cartão de crédito;Concluído;WhatsApp
102914;2026-02-11;16:30;Isabela Rocha;11980000055;Santo André;SP;Larissa Santos;Spa dos pés;Estética;65.0;Cartão de débito;Concluído;Presencial
102915;2026-02-12;09:30;Cristiane Lima;11980000338;Mauá;SP;Mariana Silva;Esmaltação em gel;Unhas;76.0;PIX;Concluído;Instagram
102916;2026-02-12;09:30;Renata Oliveira;11980000429;São Bernardo do Campo;SP;Juliana Martins;Corte feminino;Cabelos;85.0;Dinheiro;Concluído;WhatsApp
102917;2026-02-12;10:00;Marcela Rocha;11980000126;São Caetano do Sul;SP;Larissa Santos;Pedicure;Unhas;40.0;PIX;Concluído;WhatsApp
102918;2026-02-12;10:00;Bruna Carvalho;11980000013;São Paulo;SP;Fernanda Costa;Manutenção de alongamento;Unhas;95.0;PIX;Concluído;Instagram
102919;2026-02-12;11:00;Monique Lima;11980000410;São Bernardo do Campo;SP;Fernanda Costa;Extensão de cílios;Cílios;180.0;Dinheiro;Concluído;WhatsApp
102920;2026-02-12;13:30;Isabela Mendes;11980000135;São Caetano do Sul;SP;Juliana Martins;Design de sobrancelhas;Sobrancelhas;45.0;Dinheiro;Concluído;WhatsApp
102921;2026-02-12;14:30;Gabriela Barbosa;11980000243;São Paulo;SP;Bruna Oliveira;Design de sobrancelhas;Sobrancelhas;45.0;Cartão de crédito;Concluído;Instagram
102922;2026-02-12;16:00;Larissa Lima;11980000326;São Paulo;SP;Camila Rodrigues;Design de sobrancelhas;Sobrancelhas;45.0;Dinheiro;Concluído;Instagram
102923;2026-02-12;16:30;Débora Lima;11980000396;São Bernardo do Campo;SP;Camila Rodrigues;Manicure + Pedicure;Unhas;70.0;PIX;Concluído;WhatsApp
102924;2026-02-12;17:00;Priscila Barbosa;11980000147;Santo André;SP;Camila Rodrigues;Manicure + Pedicure;Unhas;70.0;PIX;Concluído;WhatsApp
102925;2026-02-13;09:00;Priscila Barbosa;11980000162;São Paulo;SP;Juliana Martins;Manutenção de alongamento;Unhas;100.0;Dinheiro;Concluído;Telefone
102926;2026-02-13;10:00;Raquel Rocha;11980000339;Mauá;SP;Larissa Santos;Esmaltação em gel;Unhas;80.0;PIX;Concluído;Telefone
102927;2026-02-13;10:00;Vanessa Carvalho;11980000409;São Caetano do Sul;SP;Larissa Santos;Manicure;Unhas;35.0;Cartão de crédito;Concluído;Telefone
102928;2026-02-13;10:00;Débora Lima;11980000113;Diadema;SP;Fernanda Costa;Manicure;Unhas;35.0;PIX;Concluído;WhatsApp
102929;2026-02-13;10:30;Beatriz Santos;11980000007;Mauá;SP;Renata Souza;Alongamento de unhas;Unhas;142.5;PIX;Concluído;Presencial
102930;2026-02-13;11:00;Elaine Souza;11980000111;Santo André;SP;Fernanda Costa;Manutenção de cílios;Cílios;90.0;Dinheiro;Concluído;Instagram
102931;2026-02-13;11:30;Camila Souza;11980000360;Mauá;SP;Mariana Silva;Alongamento de unhas;Unhas;150.0;PIX;Concluído;WhatsApp
102932;2026-02-13;13:00;Bianca Oliveira;11980000294;São Paulo;SP;Fernanda Costa;Design de sobrancelhas;Sobrancelhas;45.0;PIX;Concluído;WhatsApp
102933;2026-02-13;13:30;Tatiane Gomes;11980000230;Santo André;SP;Fernanda Costa;Pedicure;Unhas;40.0;Cartão de débito;Concluído;Presencial
102934;2026-02-13;14:00;Patrícia Santos;11980000213;Diadema;SP;Camila Rodrigues;Design de sobrancelhas;Sobrancelhas;45.0;Dinheiro;Concluído;Telefone
102935;2026-02-13;14:30;Débora Costa;11980000088;São Paulo;SP;Juliana Martins;Pedicure;Unhas;40.0;Cartão de débito;Concluído;Presencial
102936;2026-02-13;16:00;Marcela Ferreira;11980000160;Santo André;SP;Patrícia Alves;Alongamento de unhas;Unhas;0.0;Cartão de crédito;Não Compareceu;Presencial
102937;2026-02-13;16:00;Camila Souza;11980000360;Mauá;SP;Camila Rodrigues;Manicure + Pedicure;Unhas;70.0;PIX;Concluído;Presencial
102938;2026-02-13;16:30;Viviane Mendes;11980000057;São Bernardo do Campo;SP;Juliana Martins;Manutenção de alongamento;Unhas;100.0;PIX;Concluído;WhatsApp
102939;2026-02-13;17:00;Priscila Mendes;11980000308;São Bernardo do Campo;SP;Fernanda Costa;Escova;Cabelos;70.0;PIX;Concluído;Presencial
102940;2026-02-13;17:00;Bruna Ferreira;11980000148;Santo André;SP;Camila Rodrigues;Manicure;Unhas;35.0;Dinheiro;Concluído;Telefone
102941;2026-02-13;17:30;Amanda Souza;11980000368;São Paulo;SP;Juliana Martins;Coloração;Cabelos;160.0;Dinheiro;Concluído;Presencial
102942;2026-02-13;17:30;Bianca Silva;11980000391;São Caetano do Sul;SP;Bruna Oliveira;Manicure + Pedicure;Unhas;70.0;Cartão de crédito;Concluído;Presencial
102943;2026-02-13;17:30;Luciana Carvalho;11980000337;Mauá;SP;Patrícia Alves;Hidratação;Cabelos;95.0;Cartão de crédito;Concluído;WhatsApp
102944;2026-02-13;18:00;Monique Lima;11980000449;São Bernardo do Campo;SP;Bruna Oliveira;Manutenção de cílios;Cílios;90.0;Cartão de débito;Concluído;Presencial
102945;2026-02-13;18:00;Bruna Martins;11980000136;São Bernardo do Campo;SP;Fernanda Costa;Design de sobrancelhas;Sobrancelhas;45.0;Cartão de crédito;Concluído;WhatsApp
102946;2026-02-14;09:00;Rafaela Mendes;11980000114;Santo André;SP;Camila Rodrigues;Manutenção de alongamento;Unhas;100.0;PIX;Concluído;Presencial
102947;2026-02-14;09:30;Viviane Silva;11980000402;Diadema;SP;Juliana Martins;Design + Henna;Sobrancelhas;60.0;Cartão de débito;Concluído;Presencial
102948;2026-02-14;09:30;Raquel Silva;11980000341;São Caetano do Sul;SP;Bruna Oliveira;Escova;Cabelos;70.0;Dinheiro;Concluído;Instagram
102949;2026-02-14;10:00;Viviane Lima;11980000036;Mauá;SP;Patrícia Alves;Manicure;Unhas;33.25;Cartão de crédito;Concluído;WhatsApp
102950;2026-02-14;10:30;Larissa Lima;11980000326;São Paulo;SP;Bruna Oliveira;Escova;Cabelos;70.0;Cartão de crédito;Concluído;Telefone
102951;2026-02-14;10:30;Sabrina Carvalho;11980000124;Mauá;SP;Fernanda Costa;Design de sobrancelhas;Sobrancelhas;42.75;Dinheiro;Concluído;Presencial
102952;2026-02-14;11:00;Renata Rocha;11980000423;Santo André;SP;Mariana Silva;Manutenção de alongamento;Unhas;100.0;PIX;Concluído;Telefone
102953;2026-02-14;11:30;Débora Gomes;11980000310;São Paulo;SP;Mariana Silva;Escova;Cabelos;0.0;Cartão de débito;Cancelado;Instagram
102954;2026-02-14;13:00;Bruna Carvalho;11980000013;São Paulo;SP;Bruna Oliveira;Extensão de cílios;Cílios;0.0;Cartão de débito;Cancelado;Telefone
102955;2026-02-14;13:30;Larissa Ribeiro;11980000247;Santo André;SP;Bruna Oliveira;Manicure;Unhas;35.0;Cartão de crédito;Concluído;Telefone
102956;2026-02-14;13:30;Larissa Ribeiro;11980000116;São Bernardo do Campo;SP;Juliana Martins;Extensão de cílios;Cílios;180.0;Cartão de débito;Concluído;Instagram
102957;2026-02-14;13:30;Jéssica Carvalho;11980000185;Diadema;SP;Larissa Santos;Manicure;Unhas;35.0;Cartão de crédito;Concluído;Instagram
102958;2026-02-14;14:00;Daniela Silva;11980000346;São Paulo;SP;Renata Souza;Manicure;Unhas;35.0;PIX;Concluído;Presencial
102959;2026-02-14;14:00;Raquel Pereira;11980000037;São Bernardo do Campo;SP;Larissa Santos;Pedicure;Unhas;40.0;PIX;Concluído;WhatsApp
102960;2026-02-14;15:30;Bianca Costa;11980000226;Mauá;SP;Camila Rodrigues;Manutenção de alongamento;Unhas;100.0;PIX;Concluído;Instagram
102961;2026-02-14;16:00;Beatriz Ribeiro;11980000244;Diadema;SP;Juliana Martins;Manutenção de cílios;Cílios;90.0;Cartão de crédito;Concluído;Instagram
102962;2026-02-14;16:00;Carla Almeida;11980000444;Diadema;SP;Larissa Santos;Design + Henna;Sobrancelhas;60.0;PIX;Concluído;WhatsApp
102963;2026-02-14;16:00;Natália Pereira;11980000422;Mauá;SP;Mariana Silva;Escova;Cabelos;66.5;Cartão de crédito;Concluído;Instagram
102964;2026-02-14;16:30;Fernanda Ferreira;11980000392;Mauá;SP;Juliana Martins;Extensão de cílios;Cílios;180.0;Dinheiro;Concluído;Telefone
102965;2026-02-14;16:30;Aline Pereira;11980000322;Mauá;SP;Renata Souza;Design de sobrancelhas;Sobrancelhas;40.5;Cartão de débito;Concluído;Presencial
102966;2026-02-14;17:00;Gabriela Lima;11980000321;Mauá;SP;Juliana Martins;Alongamento de unhas;Unhas;142.5;PIX;Concluído;Instagram
102967;2026-02-14;18:00;Camila Souza;11980000211;São Caetano do Sul;SP;Renata Souza;Manutenção de cílios;Cílios;85.5;Dinheiro;Concluído;WhatsApp
102968;2026-02-15;15:30;Patrícia Ribeiro;11980000044;São Bernardo do Campo;SP;Mariana Silva;Manicure + Pedicure;Unhas;70.0;PIX;Concluído;Presencial
102969;2026-02-16;09:30;Daniela Almeida;11980000400;Mauá;SP;Larissa Santos;Esmaltação em gel;Unhas;80.0;Cartão de débito;Concluído;Instagram
102970;2026-02-16;10:00;Natália Martins;11980000131;São Paulo;SP;Larissa Santos;Pedicure;Unhas;40.0;Dinheiro;Concluído;Presencial
102971;2026-02-16;11:00;Priscila Pereira;11980000353;São Paulo;SP;Fernanda Costa;Extensão de cílios;Cílios;180.0;Cartão de crédito;Concluído;WhatsApp
102972;2026-02-16;11:30;Rafaela Ribeiro;11980000442;Mauá;SP;Bruna Oliveira;Manicure;Unhas;35.0;Cartão de débito;Concluído;Instagram
102973;2026-02-16;11:30;Paula Martins;11980000323;São Paulo;SP;Bruna Oliveira;Manicure + Pedicure;Unhas;70.0;Cartão de débito;Concluído;WhatsApp
102974;2026-02-16;11:30;Aline Moreira;11980000017;São Caetano do Sul;SP;Patrícia Alves;Design de sobrancelhas;Sobrancelhas;45.0;Cartão de crédito;Concluído;Instagram
102975;2026-02-16;11:30;Paula Barbosa;11980000130;Santo André;SP;Juliana Martins;Manutenção de alongamento;Unhas;100.0;Dinheiro;Concluído;Instagram
102976;2026-02-16;13:00;Natália Carvalho;11980000102;Mauá;SP;Larissa Santos;Manicure + Pedicure;Unhas;70.0;Dinheiro;Concluído;Instagram
102977;2026-02-16;13:00;Marcela Oliveira;11980000382;Mauá;SP;Renata Souza;Manicure;Unhas;33.25;Cartão de crédito;Concluído;Telefone
102978;2026-02-16;13:30;Camila Rodrigues;11980000009;São Bernardo do Campo;SP;Fernanda Costa;Coloração;Cabelos;160.0;PIX;Concluído;Presencial
102979;2026-02-16;14:30;Patrícia Almeida;11980000118;São Caetano do Sul;SP;Bruna Oliveira;Spa dos pés;Estética;65.0;Cartão de crédito;Concluído;Presencial
102980;2026-02-16;15:00;Luciana Almeida;11980000309;São Paulo;SP;Mariana Silva;Spa dos pés;Estética;65.0;PIX;Concluído;Instagram
102981;2026-02-16;15:30;Simone Gomes;11980000351;São Paulo;SP;Camila Rodrigues;Manicure;Unhas;35.0;PIX;Concluído;Telefone
102982;2026-02-16;17:00;Beatriz Silva;11980000069;São Caetano do Sul;SP;Camila Rodrigues;Manicure;Unhas;35.0;Cartão de débito;Concluído;Presencial
102983;2026-02-16;17:00;Beatriz Santos;11980000007;Mauá;SP;Renata Souza;Alongamento de unhas;Unhas;150.0;Cartão de crédito;Concluído;Instagram
102984;2026-02-16;17:30;Flávia Rocha;11980000090;São Paulo;SP;Mariana Silva;Manicure + Pedicure;Unhas;70.0;Cartão de crédito;Concluído;Instagram
102985;2026-02-16;18:00;Juliana Santos;11980000234;São Caetano do Sul;SP;Camila Rodrigues;Pedicure;Unhas;40.0;Cartão de débito;Concluído;Presencial
102986;2026-02-17;09:30;Patrícia Oliveira;11980000121;São Caetano do Sul;SP;Mariana Silva;Corte feminino;Cabelos;0.0;Cartão de débito;Cancelado;Presencial
102987;2026-02-17;10:30;Paula Souza;11980000283;São Paulo;SP;Camila Rodrigues;Manicure;Unhas;35.0;Cartão de débito;Concluído;Presencial
102988;2026-02-17;11:00;Juliana Souza;11980000426;São Paulo;SP;Patrícia Alves;Esmaltação em gel;Unhas;80.0;PIX;Concluído;Telefone
102989;2026-02-17;13:00;Raquel Rocha;11980000339;Mauá;SP;Camila Rodrigues;Manicure + Pedicure;Unhas;0.0;Dinheiro;Não Compareceu;Telefone
102990;2026-02-17;13:30;Renata Souza;11980000229;São Bernardo do Campo;SP;Patrícia Alves;Alongamento de unhas;Unhas;150.0;Dinheiro;Concluído;WhatsApp
102991;2026-02-17;14:00;Viviane Ferreira;11980000440;Santo André;SP;Camila Rodrigues;Pedicure;Unhas;36.0;PIX;Concluído;Presencial
102992;2026-02-17;14:30;Letícia Pereira;11980000189;Mauá;SP;Mariana Silva;Coloração;Cabelos;160.0;Cartão de débito;Concluído;Instagram
102993;2026-02-17;14:30;Natália Oliveira;11980000061;Mauá;SP;Bruna Oliveira;Manicure;Unhas;35.0;Cartão de crédito;Concluído;Instagram
102994;2026-02-17;15:00;Carla Santos;11980000060;São Paulo;SP;Mariana Silva;Manutenção de cílios;Cílios;85.5;Dinheiro;Concluído;Presencial
102995;2026-02-17;15:30;Carla Lima;11980000122;Santo André;SP;Camila Rodrigues;Pedicure;Unhas;40.0;PIX;Concluído;Presencial
102996;2026-02-17;16:00;Gabriela Silva;11980000443;São Caetano do Sul;SP;Juliana Martins;Hidratação;Cabelos;90.25;Dinheiro;Concluído;Presencial
102997;2026-02-17;16:30;Monique Mendes;11980000419;Santo André;SP;Camila Rodrigues;Design + Henna;Sobrancelhas;60.0;Dinheiro;Concluído;Instagram
102998;2026-02-17;17:30;Vanessa Rocha;11980000314;São Paulo;SP;Bruna Oliveira;Escova;Cabelos;70.0;Cartão de débito;Concluído;Instagram
102999;2026-02-18;11:00;Letícia Ribeiro;11980000375;São Bernardo do Campo;SP;Larissa Santos;Design de sobrancelhas;Sobrancelhas;45.0;Cartão de débito;Concluído;WhatsApp
103000;2026-02-18;11:30;Paula Ribeiro;11980000450;São Caetano do Sul;SP;Mariana Silva;Design + Henna;Sobrancelhas;60.0;Cartão de crédito;Concluído;Presencial
103001;2026-02-18;13:00;Paula Mendes;11980000032;Santo André;SP;Camila Rodrigues;Corte feminino;Cabelos;85.0;Dinheiro;Concluído;WhatsApp
103002;2026-02-18;13:30;Isabela Rocha;11980000055;Santo André;SP;Renata Souza;Escova;Cabelos;70.0;Cartão de débito;Concluído;Presencial
103003;2026-02-18;14:00;Camila Souza;11980000211;São Caetano do Sul;SP;Patrícia Alves;Manutenção de alongamento;Unhas;100.0;PIX;Concluído;Presencial
103004;2026-02-18;17:00;Cristiane Santos;11980000378;Mauá;SP;Mariana Silva;Design de sobrancelhas;Sobrancelhas;45.0;Dinheiro;Concluído;WhatsApp
103005;2026-02-18;17:30;Simone Martins;11980000067;Mauá;SP;Renata Souza;Manicure;Unhas;35.0;PIX;Concluído;Instagram
103006;2026-02-18;17:30;Vanessa Silva;11980000401;Diadema;SP;Renata Souza;Pedicure;Unhas;38.0;Cartão de débito;Concluído;Instagram
103007;2026-02-18;18:00;Jéssica Gomes;11980000263;Santo André;SP;Mariana Silva;Manutenção de cílios;Cílios;90.0;PIX;Concluído;Telefone
103008;2026-02-19;09:30;Simone Martins;11980000067;Mauá;SP;Mariana Silva;Design + Henna;Sobrancelhas;60.0;Cartão de crédito;Concluído;Instagram
103009;2026-02-19;10:00;Paula Souza;11980000283;São Paulo;SP;Renata Souza;Corte feminino;Cabelos;0.0;Cartão de crédito;Cancelado;Presencial
103010;2026-02-19;10:00;Marcela Rocha;11980000126;São Caetano do Sul;SP;Fernanda Costa;Manutenção de alongamento;Unhas;95.0;Cartão de débito;Concluído;Instagram
103011;2026-02-19;10:00;Letícia Oliveira;11980000345;Mauá;SP;Larissa Santos;Manicure + Pedicure;Unhas;63.0;Cartão de débito;Concluído;Instagram
103012;2026-02-19;11:30;Raquel Ferreira;11980000421;São Bernardo do Campo;SP;Bruna Oliveira;Manicure + Pedicure;Unhas;70.0;Cartão de débito;Concluído;Telefone
103013;2026-02-19;13:00;Beatriz Almeida;11980000157;São Caetano do Sul;SP;Camila Rodrigues;Esmaltação em gel;Unhas;80.0;Dinheiro;Concluído;WhatsApp
103014;2026-02-19;13:00;Beatriz Oliveira;11980000329;São Caetano do Sul;SP;Camila Rodrigues;Esmaltação em gel;Unhas;80.0;Cartão de crédito;Concluído;Instagram
103015;2026-02-19;13:30;Patrícia Lima;11980000367;São Bernardo do Campo;SP;Mariana Silva;Manicure + Pedicure;Unhas;70.0;Dinheiro;Concluído;Telefone
103016;2026-02-19;13:30;Cristiane Ferreira;11980000295;Diadema;SP;Larissa Santos;Alongamento de unhas;Unhas;150.0;PIX;Concluído;Presencial
103017;2026-02-19;13:30;Bruna Gomes;11980000087;Diadema;SP;Patrícia Alves;Corte feminino;Cabelos;85.0;PIX;Concluído;Telefone
103018;2026-02-19;13:30;Viviane Lima;11980000198;Mauá;SP;Mariana Silva;Manicure + Pedicure;Unhas;66.5;Dinheiro;Concluído;WhatsApp
103019;2026-02-19;14:00;Priscila Pereira;11980000353;São Paulo;SP;Bruna Oliveira;Manicure;Unhas;33.25;Cartão de crédito;Concluído;Telefone
103020;2026-02-19;14:30;Carla Lima;11980000122;Santo André;SP;Larissa Santos;Design de sobrancelhas;Sobrancelhas;45.0;Cartão de débito;Concluído;Telefone
103021;2026-02-19;15:00;Patrícia Pereira;11980000347;Santo André;SP;Camila Rodrigues;Escova;Cabelos;70.0;Dinheiro;Concluído;Instagram
103022;2026-02-19;15:30;Paula Almeida;11980000364;São Paulo;SP;Mariana Silva;Manicure + Pedicure;Unhas;66.5;PIX;Concluído;Instagram
103023;2026-02-19;16:00;Natália Mendes;11980000413;Mauá;SP;Larissa Santos;Manutenção de alongamento;Unhas;100.0;Cartão de crédito;Concluído;WhatsApp
103024;2026-02-19;17:00;Gabriela Silva;11980000415;São Paulo;SP;Juliana Martins;Manicure + Pedicure;Unhas;70.0;PIX;Concluído;Instagram
103025;2026-02-19;17:30;Priscila Castro;11980000019;Santo André;SP;Camila Rodrigues;Alongamento de unhas;Unhas;150.0;Cartão de crédito;Concluído;Telefone
103026;2026-02-19;17:30;Bruna Martins;11980000136;São Bernardo do Campo;SP;Mariana Silva;Design de sobrancelhas;Sobrancelhas;45.0;PIX;Concluído;WhatsApp
103027;2026-02-20;09:00;Marcela Martins;11980000199;São Paulo;SP;Bruna Oliveira;Esmaltação em gel;Unhas;80.0;PIX;Concluído;Presencial
103028;2026-02-20;09:00;Sabrina Souza;11980000286;Diadema;SP;Mariana Silva;Pedicure;Unhas;0.0;Cartão de débito;Cancelado;Telefone
103029;2026-02-20;09:30;Monique Ribeiro;11980000166;Diadema;SP;Mariana Silva;Design de sobrancelhas;Sobrancelhas;45.0;Dinheiro;Concluído;Telefone
103030;2026-02-20;09:30;Camila Silva;11980000041;São Paulo;SP;Patrícia Alves;Alongamento de unhas;Unhas;150.0;Cartão de débito;Concluído;Presencial
103031;2026-02-20;11:00;Fernanda Santos;11980000405;São Bernardo do Campo;SP;Patrícia Alves;Hidratação;Cabelos;95.0;Cartão de crédito;Concluído;WhatsApp
103032;2026-02-20;11:30;Camila Carvalho;11980000218;Mauá;SP;Camila Rodrigues;Pedicure;Unhas;40.0;Dinheiro;Concluído;Telefone
103033;2026-02-20;11:30;Carla Oliveira;11980000115;Santo André;SP;Camila Rodrigues;Manutenção de alongamento;Unhas;100.0;Dinheiro;Concluído;WhatsApp
103034;2026-02-20;13:00;Patrícia Barbosa;11980000196;São Caetano do Sul;SP;Patrícia Alves;Manutenção de cílios;Cílios;90.0;Cartão de crédito;Concluído;WhatsApp
103035;2026-02-20;13:00;Vanessa Rocha;11980000119;Diadema;SP;Patrícia Alves;Esmaltação em gel;Unhas;80.0;PIX;Concluído;Presencial
103036;2026-02-20;13:30;Priscila Castro;11980000019;Santo André;SP;Camila Rodrigues;Esmaltação em gel;Unhas;80.0;Dinheiro;Concluído;Instagram
103037;2026-02-20;14:00;Juliana Mendes;11980000188;São Caetano do Sul;SP;Mariana Silva;Manicure;Unhas;33.25;PIX;Concluído;Presencial
103038;2026-02-20;14:00;Ana Souza;11980000420;Mauá;SP;Camila Rodrigues;Design + Henna;Sobrancelhas;57.0;Cartão de débito;Concluído;Telefone
103039;2026-02-20;14:00;Patrícia Ferreira;11980000008;São Bernardo do Campo;SP;Larissa Santos;Manicure;Unhas;35.0;Dinheiro;Concluído;WhatsApp
103040;2026-02-20;15:00;Tatiane Santos;11980000094;São Bernardo do Campo;SP;Larissa Santos;Manutenção de cílios;Cílios;90.0;Cartão de débito;Concluído;Presencial
103041;2026-02-20;16:00;Marcela Santos;11980000206;São Paulo;SP;Juliana Martins;Extensão de cílios;Cílios;180.0;Dinheiro;Concluído;Telefone
103042;2026-02-20;16:00;Sabrina Barbosa;11980000380;Santo André;SP;Patrícia Alves;Design de sobrancelhas;Sobrancelhas;45.0;Cartão de crédito;Concluído;Telefone
103043;2026-02-20;17:00;Elaine Souza;11980000091;São Caetano do Sul;SP;Mariana Silva;Manutenção de alongamento;Unhas;100.0;Cartão de débito;Concluído;Telefone
103044;2026-02-20;17:00;Paula Barbosa;11980000130;Santo André;SP;Fernanda Costa;Design de sobrancelhas;Sobrancelhas;42.75;Dinheiro;Concluído;WhatsApp
103045;2026-02-20;17:00;Patrícia Pereira;11980000347;Santo André;SP;Camila Rodrigues;Alongamento de unhas;Unhas;150.0;PIX;Concluído;Presencial
103046;2026-02-20;17:30;Patrícia Pereira;11980000220;Diadema;SP;Camila Rodrigues;Esmaltação em gel;Unhas;76.0;Cartão de débito;Concluído;Instagram
103047;2026-02-20;18:00;Rafaela Souza;11980000280;São Caetano do Sul;SP;Fernanda Costa;Pedicure;Unhas;40.0;Cartão de crédito;Concluído;Instagram
103048;2026-02-20;18:00;Rafaela Santos;11980000223;Diadema;SP;Juliana Martins;Manicure;Unhas;31.5;Dinheiro;Concluído;Instagram
103049;2026-02-20;18:00;Cristiane Carvalho;11980000287;São Paulo;SP;Patrícia Alves;Hidratação;Cabelos;95.0;Dinheiro;Concluído;Telefone
103050;2026-02-21;09:00;Flávia Almeida;11980000285;São Paulo;SP;Camila Rodrigues;Esmaltação em gel;Unhas;0.0;PIX;Cancelado;Presencial
103051;2026-02-21;09:30;Juliana Silva;11980000141;São Bernardo do Campo;SP;Fernanda Costa;Design de sobrancelhas;Sobrancelhas;40.5;Cartão de crédito;Concluído;Telefone
103052;2026-02-21;10:30;Cristiane Santos;11980000378;Mauá;SP;Juliana Martins;Manicure;Unhas;33.25;PIX;Concluído;Telefone
103053;2026-02-21;10:30;Ana Carolina Souza;11980000001;São Paulo;SP;Bruna Oliveira;Esmaltação em gel;Unhas;80.0;PIX;Concluído;WhatsApp
103054;2026-02-21;11:00;Elaine Ferreira;11980000242;São Caetano do Sul;SP;Mariana Silva;Design + Henna;Sobrancelhas;57.0;Cartão de crédito;Concluído;Instagram
103055;2026-02-21;13:00;Monique Ribeiro;11980000407;São Paulo;SP;Mariana Silva;Manicure;Unhas;33.25;Cartão de crédito;Concluído;Presencial
103056;2026-02-21;13:00;Flávia Cardoso;11980000027;Diadema;SP;Larissa Santos;Manutenção de cílios;Cílios;85.5;PIX;Concluído;WhatsApp
103057;2026-02-21;13:30;Amanda Barbosa;11980000290;São Paulo;SP;Larissa Santos;Pedicure;Unhas;40.0;Cartão de crédito;Concluído;WhatsApp
103058;2026-02-21;14:00;Isabela Rocha;11980000014;Santo André;SP;Bruna Oliveira;Pedicure;Unhas;40.0;Cartão de crédito;Concluído;Presencial
103059;2026-02-21;14:00;Monique Lima;11980000410;São Bernardo do Campo;SP;Juliana Martins;Coloração;Cabelos;152.0;Dinheiro;Concluído;Telefone
103060;2026-02-21;14:30;Débora Ribeiro;11980000371;Santo André;SP;Camila Rodrigues;Manutenção de alongamento;Unhas;100.0;Cartão de crédito;Concluído;Telefone
103061;2026-02-21;14:30;Luciana Ramos;11980000029;Santo André;SP;Fernanda Costa;Manicure;Unhas;35.0;Cartão de crédito;Concluído;WhatsApp
103062;2026-02-21;15:00;Tatiane Mendes;11980000340;Mauá;SP;Patrícia Alves;Manicure;Unhas;33.25;Cartão de crédito;Concluído;Presencial
103063;2026-02-21;15:00;Beatriz Oliveira;11980000393;Diadema;SP;Camila Rodrigues;Escova;Cabelos;70.0;PIX;Concluído;Presencial
103064;2026-02-21;15:30;Simone Ferreira;11980000390;Mauá;SP;Fernanda Costa;Manicure;Unhas;35.0;Cartão de débito;Concluído;Telefone
103065;2026-02-21;16:00;Juliana Souza;11980000426;São Paulo;SP;Patrícia Alves;Manicure + Pedicure;Unhas;70.0;Cartão de débito;Concluído;Instagram
103066;2026-02-21;16:30;Marcela Gomes;11980000080;São Caetano do Sul;SP;Patrícia Alves;Design + Henna;Sobrancelhas;60.0;Cartão de débito;Concluído;Presencial
103067;2026-02-21;16:30;Daniela Silva;11980000346;São Paulo;SP;Mariana Silva;Design + Henna;Sobrancelhas;60.0;Dinheiro;Concluído;Telefone
103068;2026-02-21;17:00;Débora Martins;11980000408;Diadema;SP;Bruna Oliveira;Manutenção de cílios;Cílios;90.0;PIX;Concluído;Presencial
103069;2026-02-21;17:30;Daniela Silva;11980000346;São Paulo;SP;Patrícia Alves;Design de sobrancelhas;Sobrancelhas;45.0;Dinheiro;Concluído;Presencial
103070;2026-02-21;18:00;Renata Almeida;11980000155;Mauá;SP;Camila Rodrigues;Escova;Cabelos;70.0;Dinheiro;Concluído;WhatsApp
103071;2026-02-23;09:00;Juliana Costa;11980000144;São Bernardo do Campo;SP;Larissa Santos;Manicure + Pedicure;Unhas;66.5;Cartão de crédito;Concluído;WhatsApp
103072;2026-02-23;09:30;Sabrina Souza;11980000286;Diadema;SP;Larissa Santos;Esmaltação em gel;Unhas;80.0;Dinheiro;Concluído;Telefone
103073;2026-02-23;09:30;Tatiane Mendes;11980000340;Mauá;SP;Bruna Oliveira;Manutenção de alongamento;Unhas;95.0;Cartão de débito;Concluído;Telefone
103074;2026-02-23;10:00;Monique Lima;11980000410;São Bernardo do Campo;SP;Juliana Martins;Manicure;Unhas;35.0;PIX;Concluído;Instagram
103075;2026-02-23;10:00;Letícia Lima;11980000209;São Bernardo do Campo;SP;Juliana Martins;Corte feminino;Cabelos;0.0;Dinheiro;Não Compareceu;Presencial
103076;2026-02-23;11:00;Tatiane Costa;11980000194;Diadema;SP;Camila Rodrigues;Manicure;Unhas;35.0;Cartão de débito;Concluído;WhatsApp
103077;2026-02-23;11:00;Patrícia Oliveira;11980000121;São Caetano do Sul;SP;Fernanda Costa;Manicure;Unhas;35.0;Cartão de crédito;Concluído;WhatsApp
103078;2026-02-23;11:30;Larissa Ribeiro;11980000247;Santo André;SP;Fernanda Costa;Design + Henna;Sobrancelhas;60.0;Dinheiro;Concluído;Instagram
103079;2026-02-23;11:30;Elaine Almeida;11980000110;Diadema;SP;Larissa Santos;Coloração;Cabelos;160.0;Dinheiro;Concluído;Presencial
103080;2026-02-23;13:30;Natália Ribeiro;11980000358;Santo André;SP;Renata Souza;Pedicure;Unhas;40.0;PIX;Concluído;Telefone
103081;2026-02-23;13:30;Tatiane Pereira;11980000070;São Paulo;SP;Patrícia Alves;Extensão de cílios;Cílios;162.0;PIX;Concluído;Presencial
103082;2026-02-23;14:00;Letícia Fernandes;11980000015;São Caetano do Sul;SP;Bruna Oliveira;Manicure + Pedicure;Unhas;63.0;Cartão de débito;Concluído;WhatsApp
103083;2026-02-23;14:00;Fernanda Ribeiro;11980000256;São Paulo;SP;Mariana Silva;Esmaltação em gel;Unhas;80.0;Cartão de crédito;Concluído;Instagram
103084;2026-02-23;15:00;Mariana Barbosa;11980000241;Santo André;SP;Mariana Silva;Manicure + Pedicure;Unhas;70.0;Dinheiro;Concluído;WhatsApp
103085;2026-02-23;16:00;Priscila Ribeiro;11980000178;São Paulo;SP;Mariana Silva;Esmaltação em gel;Unhas;80.0;Dinheiro;Concluído;Telefone
103086;2026-02-23;16:30;Luciana Santos;11980000217;Santo André;SP;Larissa Santos;Hidratação;Cabelos;95.0;Dinheiro;Concluído;Presencial
103087;2026-02-23;16:30;Viviane Carvalho;11980000354;São Caetano do Sul;SP;Mariana Silva;Coloração;Cabelos;160.0;Dinheiro;Concluído;WhatsApp
103088;2026-02-23;17:00;Larissa Lima;11980000326;São Paulo;SP;Patrícia Alves;Manicure + Pedicure;Unhas;70.0;Cartão de débito;Concluído;WhatsApp
103089;2026-02-23;18:00;Camila Silva;11980000041;São Paulo;SP;Camila Rodrigues;Pedicure;Unhas;40.0;Cartão de crédito;Concluído;Instagram
103090;2026-02-24;09:30;Paula Almeida;11980000364;São Paulo;SP;Patrícia Alves;Escova;Cabelos;70.0;Cartão de crédito;Concluído;Telefone
103091;2026-02-24;09:30;Viviane Ferreira;11980000440;Santo André;SP;Larissa Santos;Esmaltação em gel;Unhas;80.0;Cartão de débito;Concluído;Telefone
103092;2026-02-24;10:30;Juliana Martins;11980000333;Diadema;SP;Camila Rodrigues;Manicure + Pedicure;Unhas;70.0;PIX;Concluído;Presencial
103093;2026-02-24;11:00;Gabriela Barbosa;11980000268;Santo André;SP;Bruna Oliveira;Spa dos pés;Estética;65.0;Dinheiro;Concluído;Instagram
103094;2026-02-24;11:00;Juliana Santos;11980000362;São Paulo;SP;Larissa Santos;Pedicure;Unhas;40.0;Cartão de crédito;Concluído;Instagram
103095;2026-02-24;11:00;Priscila Barbosa;11980000219;Mauá;SP;Mariana Silva;Pedicure;Unhas;36.0;Dinheiro;Concluído;Instagram
103096;2026-02-24;11:30;Natália Carvalho;11980000047;São Paulo;SP;Patrícia Alves;Pedicure;Unhas;38.0;Cartão de crédito;Concluído;Presencial
103097;2026-02-24;13:30;Bianca Lopes;11980000023;Diadema;SP;Renata Souza;Manicure;Unhas;35.0;Cartão de crédito;Concluído;Presencial
103098;2026-02-24;13:30;Camila Silva;11980000041;São Paulo;SP;Camila Rodrigues;Alongamento de unhas;Unhas;150.0;Cartão de débito;Concluído;Telefone
103099;2026-02-24;15:00;Juliana Souza;11980000417;Diadema;SP;Mariana Silva;Manutenção de alongamento;Unhas;100.0;Cartão de crédito;Concluído;Instagram
103100;2026-02-24;17:00;Débora Costa;11980000088;São Paulo;SP;Mariana Silva;Escova;Cabelos;0.0;PIX;Cancelado;Telefone
103101;2026-02-24;17:00;Elaine Silva;11980000327;São Caetano do Sul;SP;Fernanda Costa;Alongamento de unhas;Unhas;142.5;Dinheiro;Concluído;Telefone
103102;2026-02-24;17:30;Natália Almeida;11980000077;São Bernardo do Campo;SP;Camila Rodrigues;Esmaltação em gel;Unhas;76.0;Cartão de crédito;Concluído;Presencial
103103;2026-02-25;10:00;Juliana Ribeiro;11980000282;Diadema;SP;Camila Rodrigues;Manicure + Pedicure;Unhas;63.0;PIX;Concluído;Telefone
103104;2026-02-25;11:00;Flávia Martins;11980000412;São Bernardo do Campo;SP;Renata Souza;Manicure;Unhas;35.0;Dinheiro;Concluído;Telefone
103105;2026-02-25;11:30;Fernanda Ribeiro;11980000256;São Paulo;SP;Renata Souza;Pedicure;Unhas;36.0;PIX;Concluído;Instagram
103106;2026-02-25;14:00;Rafaela Gomes;11980000006;São Paulo;SP;Fernanda Costa;Coloração;Cabelos;160.0;Cartão de débito;Concluído;Presencial
103107;2026-02-25;14:00;Aline Almeida;11980000083;Mauá;SP;Renata Souza;Design + Henna;Sobrancelhas;0.0;Cartão de débito;Cancelado;Instagram
103108;2026-02-25;14:00;Ana Souza;11980000420;Mauá;SP;Renata Souza;Pedicure;Unhas;40.0;Cartão de crédito;Concluído;Presencial
103109;2026-02-25;14:30;Isabela Lima;11980000264;Diadema;SP;Mariana Silva;Hidratação;Cabelos;95.0;Cartão de crédito;Concluído;Instagram
103110;2026-02-25;15:00;Letícia Ferreira;11980000397;São Caetano do Sul;SP;Juliana Martins;Alongamento de unhas;Unhas;150.0;PIX;Concluído;Instagram
103111;2026-02-25;15:30;Viviane Carvalho;11980000354;São Caetano do Sul;SP;Mariana Silva;Manicure;Unhas;31.5;PIX;Concluído;Instagram
103112;2026-02-25;15:30;Patrícia Barbosa;11980000196;São Caetano do Sul;SP;Mariana Silva;Design de sobrancelhas;Sobrancelhas;45.0;Cartão de débito;Concluído;Presencial
103113;2026-02-25;15:30;Monique Ribeiro;11980000048;Diadema;SP;Fernanda Costa;Escova;Cabelos;70.0;Cartão de débito;Concluído;WhatsApp
103114;2026-02-25;16:00;Monique Ribeiro;11980000166;Diadema;SP;Renata Souza;Extensão de cílios;Cílios;180.0;PIX;Concluído;Telefone
103115;2026-02-25;16:00;Rafaela Rocha;11980000370;São Paulo;SP;Larissa Santos;Manicure;Unhas;35.0;Cartão de crédito;Concluído;Presencial
103116;2026-02-25;16:30;Elaine Ferreira;11980000216;São Paulo;SP;Fernanda Costa;Manicure;Unhas;35.0;Cartão de débito;Concluído;WhatsApp
103117;2026-02-25;17:00;Luciana Mendes;11980000146;São Caetano do Sul;SP;Mariana Silva;Manicure + Pedicure;Unhas;70.0;Dinheiro;Concluído;Presencial
103118;2026-02-26;09:30;Isabela Rocha;11980000014;Santo André;SP;Patrícia Alves;Manicure + Pedicure;Unhas;70.0;Cartão de débito;Concluído;Instagram
103119;2026-02-26;09:30;Renata Rocha;11980000423;Santo André;SP;Juliana Martins;Design + Henna;Sobrancelhas;60.0;PIX;Concluído;Instagram
103120;2026-02-26;10:00;Tatiane Ferreira;11980000078;São Paulo;SP;Camila Rodrigues;Manutenção de cílios;Cílios;90.0;Cartão de crédito;Concluído;Instagram
103121;2026-02-26;10:30;Viviane Ribeiro;11980000045;Mauá;SP;Juliana Martins;Coloração;Cabelos;160.0;Cartão de débito;Concluído;Instagram
103122;2026-02-26;13:00;Patrícia Ribeiro;11980000044;São Bernardo do Campo;SP;Camila Rodrigues;Hidratação;Cabelos;95.0;PIX;Concluído;Presencial
103123;2026-02-26;13:00;Paula Martins;11980000165;Mauá;SP;Bruna Oliveira;Coloração;Cabelos;160.0;Cartão de crédito;Concluído;Presencial
103124;2026-02-26;13:00;Isabela Mendes;11980000135;São Caetano do Sul;SP;Mariana Silva;Manutenção de alongamento;Unhas;100.0;Dinheiro;Concluído;Presencial
103125;2026-02-26;13:30;Juliana Ribeiro;11980000046;Santo André;SP;Patrícia Alves;Escova;Cabelos;70.0;Cartão de débito;Concluído;WhatsApp
103126;2026-02-26;14:30;Jéssica Almeida;11980000299;São Paulo;SP;Camila Rodrigues;Extensão de cílios;Cílios;0.0;Dinheiro;Cancelado;Telefone
103127;2026-02-26;14:30;Débora Nunes;11980000021;São Paulo;SP;Juliana Martins;Manicure + Pedicure;Unhas;70.0;Cartão de crédito;Concluído;WhatsApp
103128;2026-02-26;14:30;Flávia Lima;11980000089;Diadema;SP;Juliana Martins;Escova;Cabelos;70.0;Cartão de débito;Concluído;Instagram
103129;2026-02-26;14:30;Rafaela Ribeiro;11980000442;Mauá;SP;Bruna Oliveira;Esmaltação em gel;Unhas;0.0;PIX;Não Compareceu;Presencial
103130;2026-02-26;16:30;Jéssica Almeida;11980000299;São Paulo;SP;Renata Souza;Spa dos pés;Estética;65.0;PIX;Concluído;WhatsApp
103131;2026-02-26;16:30;Flávia Almeida;11980000285;São Paulo;SP;Juliana Martins;Design de sobrancelhas;Sobrancelhas;45.0;Cartão de débito;Concluído;WhatsApp
103132;2026-02-26;17:30;Priscila Barbosa;11980000219;Mauá;SP;Bruna Oliveira;Manicure;Unhas;35.0;Cartão de crédito;Concluído;WhatsApp
103133;2026-02-27;09:00;Priscila Barbosa;11980000162;São Paulo;SP;Larissa Santos;Spa dos pés;Estética;0.0;Dinheiro;Cancelado;Instagram
103134;2026-02-27;09:30;Vanessa Gomes;11980000075;Santo André;SP;Renata Souza;Esmaltação em gel;Unhas;80.0;Cartão de crédito;Concluído;Presencial
103135;2026-02-27;10:00;Vanessa Silva;11980000401;Diadema;SP;Camila Rodrigues;Design de sobrancelhas;Sobrancelhas;45.0;PIX;Concluído;Instagram
103136;2026-02-27;10:00;Beatriz Ribeiro;11980000051;São Bernardo do Campo;SP;Bruna Oliveira;Pedicure;Unhas;40.0;Dinheiro;Concluído;Presencial
103137;2026-02-27;10:30;Jéssica Gomes;11980000263;Santo André;SP;Fernanda Costa;Manicure;Unhas;35.0;Cartão de débito;Concluído;WhatsApp
103138;2026-02-27;13:00;Daniela Lima;11980000399;São Paulo;SP;Renata Souza;Manutenção de alongamento;Unhas;100.0;Dinheiro;Concluído;Instagram
103139;2026-02-27;13:00;Renata Souza;11980000128;Mauá;SP;Patrícia Alves;Pedicure;Unhas;40.0;Dinheiro;Concluído;Presencial
103140;2026-02-27;13:00;Paula Martins;11980000165;Mauá;SP;Camila Rodrigues;Manicure;Unhas;35.0;PIX;Concluído;Instagram
103141;2026-02-27;13:30;Mariana Oliveira;11980000207;São Caetano do Sul;SP;Bruna Oliveira;Alongamento de unhas;Unhas;135.0;Cartão de crédito;Concluído;Instagram
103142;2026-02-27;14:00;Priscila Martins;11980000187;Santo André;SP;Fernanda Costa;Alongamento de unhas;Unhas;135.0;Dinheiro;Concluído;Telefone
103143;2026-02-27;15:00;Natália Carvalho;11980000352;Mauá;SP;Mariana Silva;Esmaltação em gel;Unhas;80.0;Cartão de débito;Concluído;WhatsApp
103144;2026-02-27;16:00;Tatiane Ferreira;11980000078;São Paulo;SP;Renata Souza;Manicure;Unhas;35.0;Cartão de crédito;Concluído;WhatsApp
103145;2026-02-27;16:30;Monique Costa;11980000140;Santo André;SP;Fernanda Costa;Design de sobrancelhas;Sobrancelhas;45.0;Dinheiro;Concluído;Presencial
103146;2026-02-27;16:30;Letícia Carvalho;11980000109;Diadema;SP;Juliana Martins;Hidratação;Cabelos;90.25;Cartão de crédito;Concluído;Instagram
103147;2026-02-27;17:00;Daniela Ribeiro;11980000171;Diadema;SP;Mariana Silva;Hidratação;Cabelos;95.0;PIX;Concluído;Telefone
103148;2026-02-27;17:00;Monique Santos;11980000031;Diadema;SP;Bruna Oliveira;Alongamento de unhas;Unhas;150.0;Cartão de débito;Concluído;Telefone
103149;2026-02-27;17:30;Amanda Oliveira;11980000112;São Caetano do Sul;SP;Larissa Santos;Manicure;Unhas;35.0;Cartão de débito;Concluído;WhatsApp
103150;2026-02-27;17:30;Priscila Mendes;11980000308;São Bernardo do Campo;SP;Camila Rodrigues;Escova;Cabelos;66.5;Cartão de débito;Concluído;Instagram
103151;2026-02-27;17:30;Juliana Silva;11980000395;Mauá;SP;Bruna Oliveira;Manicure + Pedicure;Unhas;70.0;Cartão de crédito;Concluído;Presencial
103152;2026-02-27;18:00;Isabela Mendes;11980000428;São Caetano do Sul;SP;Renata Souza;Design + Henna;Sobrancelhas;60.0;PIX;Concluído;WhatsApp
103153;2026-02-28;09:00;Beatriz Ribeiro;11980000244;Diadema;SP;Mariana Silva;Pedicure;Unhas;0.0;PIX;Cancelado;Presencial
103154;2026-02-28;09:30;Fernanda Martins;11980000200;Diadema;SP;Renata Souza;Esmaltação em gel;Unhas;0.0;Cartão de débito;Cancelado;Presencial
103155;2026-02-28;10:00;Jéssica Silva;11980000448;São Caetano do Sul;SP;Fernanda Costa;Design de sobrancelhas;Sobrancelhas;45.0;Cartão de débito;Concluído;Instagram
103156;2026-02-28;10:00;Gabriela Martins;11980000011;Santo André;SP;Renata Souza;Pedicure;Unhas;40.0;Cartão de débito;Concluído;WhatsApp
103157;2026-02-28;11:00;Monique Ribeiro;11980000048;Diadema;SP;Bruna Oliveira;Design + Henna;Sobrancelhas;54.0;Cartão de crédito;Concluído;Presencial
103158;2026-02-28;11:00;Monique Lima;11980000410;São Bernardo do Campo;SP;Larissa Santos;Corte feminino;Cabelos;85.0;Dinheiro;Concluído;Instagram
103159;2026-02-28;11:30;Cristiane Martins;11980000039;São Bernardo do Campo;SP;Juliana Martins;Esmaltação em gel;Unhas;80.0;PIX;Concluído;Telefone
103160;2026-02-28;13:00;Paula Barbosa;11980000161;Santo André;SP;Mariana Silva;Manutenção de cílios;Cílios;90.0;Dinheiro;Concluído;Presencial
103161;2026-02-28;13:30;Bruna Carvalho;11980000357;Mauá;SP;Mariana Silva;Design de sobrancelhas;Sobrancelhas;45.0;PIX;Concluído;Instagram
103162;2026-02-28;13:30;Elaine Gomes;11980000195;Santo André;SP;Fernanda Costa;Corte feminino;Cabelos;76.5;PIX;Concluído;WhatsApp
103163;2026-02-28;14:00;Viviane Lima;11980000036;Mauá;SP;Renata Souza;Alongamento de unhas;Unhas;150.0;PIX;Concluído;Telefone
103164;2026-02-28;14:30;Bianca Souza;11980000276;Diadema;SP;Bruna Oliveira;Manicure;Unhas;33.25;PIX;Concluído;Presencial
103165;2026-02-28;15:00;Flávia Lima;11980000089;Diadema;SP;Larissa Santos;Corte feminino;Cabelos;80.75;Cartão de débito;Concluído;WhatsApp
103166;2026-02-28;15:30;Beatriz Almeida;11980000157;São Caetano do Sul;SP;Patrícia Alves;Design de sobrancelhas;Sobrancelhas;45.0;Dinheiro;Concluído;Telefone
103167;2026-02-28;15:30;Marcela Souza;11980000174;São Paulo;SP;Fernanda Costa;Alongamento de unhas;Unhas;150.0;Cartão de crédito;Concluído;Instagram
103168;2026-02-28;16:30;Paula Souza;11980000283;São Paulo;SP;Renata Souza;Escova;Cabelos;70.0;Dinheiro;Concluído;WhatsApp
103169;2026-02-28;16:30;Renata Barbosa;11980000434;Diadema;SP;Mariana Silva;Design + Henna;Sobrancelhas;54.0;Cartão de crédito;Concluído;WhatsApp
103170;2026-02-28;17:00;Rafaela Barbosa;11980000381;Santo André;SP;Juliana Martins;Design + Henna;Sobrancelhas;60.0;Cartão de débito;Concluído;Telefone
103171;2026-02-28;17:00;Jéssica Martins;11980000028;Mauá;SP;Juliana Martins;Manutenção de alongamento;Unhas;100.0;PIX;Concluído;Telefone
103172;2026-02-28;17:30;Elaine Carvalho;11980000151;Mauá;SP;Patrícia Alves;Escova;Cabelos;66.5;Cartão de débito;Concluído;Instagram
103173;2026-02-28;17:30;Paula Silva;11980000366;Mauá;SP;Mariana Silva;Hidratação;Cabelos;95.0;PIX;Concluído;WhatsApp
103174;2026-02-28;17:30;Bianca Ribeiro;11980000288;São Paulo;SP;Fernanda Costa;Pedicure;Unhas;40.0;PIX;Concluído;Presencial
103175;2026-03-02;09:00;Jéssica Gomes;11980000049;Diadema;SP;Patrícia Alves;Manicure;Unhas;35.0;Cartão de crédito;Concluído;Presencial
103176;2026-03-02;10:30;Rafaela Rocha;11980000370;São Paulo;SP;Camila Rodrigues;Esmaltação em gel;Unhas;80.0;Dinheiro;Concluído;Telefone
103177;2026-03-02;10:30;Luciana Ferreira;11980000235;São Caetano do Sul;SP;Camila Rodrigues;Manicure;Unhas;35.0;Cartão de débito;Concluído;Telefone
103178;2026-03-02;11:30;Letícia Carvalho;11980000109;Diadema;SP;Mariana Silva;Spa dos pés;Estética;58.5;Dinheiro;Concluído;Presencial
103179;2026-03-02;13:00;Jéssica Carvalho;11980000185;Diadema;SP;Renata Souza;Esmaltação em gel;Unhas;80.0;Cartão de débito;Concluído;Presencial
103180;2026-03-02;14:30;Letícia Souza;11980000389;Santo André;SP;Larissa Santos;Manicure + Pedicure;Unhas;66.5;Cartão de débito;Concluído;Presencial
103181;2026-03-02;15:30;Simone Gomes;11980000351;São Paulo;SP;Patrícia Alves;Design de sobrancelhas;Sobrancelhas;45.0;Dinheiro;Concluído;Telefone
103182;2026-03-02;16:00;Larissa Santos;11980000248;São Bernardo do Campo;SP;Camila Rodrigues;Design de sobrancelhas;Sobrancelhas;45.0;PIX;Concluído;Presencial
103183;2026-03-02;16:30;Monique Costa;11980000140;Santo André;SP;Fernanda Costa;Design de sobrancelhas;Sobrancelhas;45.0;Cartão de débito;Concluído;Presencial
103184;2026-03-02;17:30;Fernanda Santos;11980000425;Diadema;SP;Camila Rodrigues;Pedicure;Unhas;40.0;PIX;Concluído;Instagram
103185;2026-03-02;17:30;Juliana Santos;11980000385;Diadema;SP;Renata Souza;Pedicure;Unhas;40.0;PIX;Concluído;Instagram
103186;2026-03-02;18:00;Monique Barbosa;11980000250;São Paulo;SP;Camila Rodrigues;Esmaltação em gel;Unhas;76.0;Dinheiro;Concluído;Presencial
103187;2026-03-02;18:00;Elaine Oliveira;11980000158;Diadema;SP;Bruna Oliveira;Manutenção de cílios;Cílios;90.0;PIX;Concluído;WhatsApp
103188;2026-03-03;09:00;Fernanda Almeida;11980000363;Diadema;SP;Renata Souza;Manutenção de alongamento;Unhas;95.0;Cartão de débito;Concluído;Instagram
103189;2026-03-03;09:30;Vanessa Lima;11980000245;São Bernardo do Campo;SP;Mariana Silva;Manicure;Unhas;35.0;Cartão de débito;Concluído;Instagram
103190;2026-03-03;09:30;Viviane Ferreira;11980000073;Mauá;SP;Renata Souza;Pedicure;Unhas;40.0;Dinheiro;Concluído;Instagram
103191;2026-03-03;11:00;Marcela Gomes;11980000316;São Bernardo do Campo;SP;Renata Souza;Pedicure;Unhas;40.0;Cartão de crédito;Concluído;WhatsApp
103192;2026-03-03;11:30;Paula Mendes;11980000032;Santo André;SP;Patrícia Alves;Manutenção de alongamento;Unhas;100.0;Cartão de crédito;Concluído;Instagram
103193;2026-03-03;13:00;Simone Gomes;11980000205;Santo André;SP;Bruna Oliveira;Design de sobrancelhas;Sobrancelhas;45.0;Dinheiro;Concluído;Instagram
103194;2026-03-03;13:00;Beatriz Ferreira;11980000098;São Bernardo do Campo;SP;Renata Souza;Hidratação;Cabelos;95.0;Cartão de crédito;Concluído;Telefone
103195;2026-03-03;13:30;Juliana Costa;11980000050;Santo André;SP;Mariana Silva;Esmaltação em gel;Unhas;80.0;Cartão de crédito;Concluído;WhatsApp
103196;2026-03-03;13:30;Paula Ferreira;11980000239;São Bernardo do Campo;SP;Patrícia Alves;Hidratação;Cabelos;95.0;Cartão de crédito;Concluído;Instagram
103197;2026-03-03;13:30;Amanda Ferreira;11980000398;Mauá;SP;Camila Rodrigues;Manutenção de cílios;Cílios;90.0;Dinheiro;Concluído;Instagram
103198;2026-03-03;13:30;Carla Barbosa;11980000053;Mauá;SP;Camila Rodrigues;Pedicure;Unhas;40.0;PIX;Concluído;Telefone
103199;2026-03-03;14:00;Carla Lima;11980000433;Mauá;SP;Bruna Oliveira;Design + Henna;Sobrancelhas;54.0;Cartão de débito;Concluído;Instagram
103200;2026-03-03;15:30;Bianca Costa;11980000226;Mauá;SP;Juliana Martins;Design de sobrancelhas;Sobrancelhas;45.0;PIX;Concluído;Presencial
103201;2026-03-03;15:30;Renata Martins;11980000133;São Caetano do Sul;SP;Patrícia Alves;Manicure;Unhas;35.0;Cartão de crédito;Concluído;Instagram
103202;2026-03-03;16:00;Simone Mendes;11980000293;São Caetano do Sul;SP;Bruna Oliveira;Esmaltação em gel;Unhas;80.0;Cartão de débito;Concluído;Instagram
103203;2026-03-03;16:00;Elaine Barbosa;11980000332;São Bernardo do Campo;SP;Patrícia Alves;Manicure + Pedicure;Unhas;70.0;Cartão de débito;Concluído;Telefone
103204;2026-03-03;16:30;Paula Ferreira;11980000203;São Caetano do Sul;SP;Mariana Silva;Manutenção de alongamento;Unhas;100.0;Cartão de débito;Concluído;WhatsApp
103205;2026-03-03;17:00;Monique Ribeiro;11980000166;Diadema;SP;Renata Souza;Extensão de cílios;Cílios;180.0;Dinheiro;Concluído;Telefone
103206;2026-03-03;17:00;Rafaela Mendes;11980000114;Santo André;SP;Larissa Santos;Design de sobrancelhas;Sobrancelhas;45.0;Cartão de crédito;Concluído;WhatsApp
103207;2026-03-03;17:00;Débora Lima;11980000396;São Bernardo do Campo;SP;Patrícia Alves;Esmaltação em gel;Unhas;0.0;Cartão de débito;Não Compareceu;Presencial
103208;2026-03-03;17:30;Simone Gomes;11980000205;Santo André;SP;Juliana Martins;Manicure;Unhas;35.0;PIX;Concluído;Instagram
103209;2026-03-04;09:00;Daniela Almeida;11980000400;Mauá;SP;Juliana Martins;Design + Henna;Sobrancelhas;60.0;PIX;Concluído;Presencial
103210;2026-03-04;09:00;Débora Martins;11980000408;Diadema;SP;Camila Rodrigues;Escova;Cabelos;70.0;Dinheiro;Concluído;Presencial
103211;2026-03-04;09:00;Débora Ribeiro;11980000371;Santo André;SP;Juliana Martins;Hidratação;Cabelos;95.0;Cartão de débito;Concluído;Instagram
103212;2026-03-04;09:30;Monique Lima;11980000449;São Bernardo do Campo;SP;Bruna Oliveira;Design + Henna;Sobrancelhas;60.0;Dinheiro;Concluído;Telefone
103213;2026-03-04;09:30;Natália Rocha;11980000277;Santo André;SP;Larissa Santos;Manutenção de cílios;Cílios;90.0;Cartão de débito;Concluído;WhatsApp
103214;2026-03-04;11:00;Beatriz Silva;11980000439;Santo André;SP;Larissa Santos;Alongamento de unhas;Unhas;150.0;Cartão de débito;Concluído;Presencial
103215;2026-03-04;11:00;Natália Almeida;11980000077;São Bernardo do Campo;SP;Juliana Martins;Manicure;Unhas;31.5;Dinheiro;Concluído;Presencial
103216;2026-03-04;11:30;Flávia Martins;11980000344;São Paulo;SP;Bruna Oliveira;Pedicure;Unhas;40.0;Dinheiro;Concluído;Presencial
103217;2026-03-04;13:00;Larissa Pereira;11980000105;Santo André;SP;Patrícia Alves;Pedicure;Unhas;40.0;Dinheiro;Concluído;Instagram
103218;2026-03-04;14:30;Bruna Lima;11980000254;Mauá;SP;Bruna Oliveira;Manutenção de alongamento;Unhas;100.0;Dinheiro;Concluído;Telefone
103219;2026-03-04;14:30;Viviane Ferreira;11980000440;Santo André;SP;Patrícia Alves;Alongamento de unhas;Unhas;0.0;Dinheiro;Cancelado;Instagram
103220;2026-03-04;15:30;Raquel Silva;11980000341;São Caetano do Sul;SP;Larissa Santos;Esmaltação em gel;Unhas;80.0;Cartão de débito;Concluído;Presencial
103221;2026-03-04;15:30;Cristiane Lima;11980000338;Mauá;SP;Mariana Silva;Alongamento de unhas;Unhas;150.0;PIX;Concluído;Presencial
103222;2026-03-04;15:30;Juliana Costa;11980000004;Santo André;SP;Renata Souza;Design de sobrancelhas;Sobrancelhas;45.0;Cartão de débito;Concluído;Presencial
103223;2026-03-04;16:00;Viviane Costa;11980000307;São Caetano do Sul;SP;Juliana Martins;Manutenção de alongamento;Unhas;100.0;PIX;Concluído;WhatsApp
103224;2026-03-04;16:30;Sabrina Carvalho;11980000124;Mauá;SP;Larissa Santos;Manicure + Pedicure;Unhas;70.0;Cartão de débito;Concluído;Telefone
103225;2026-03-04;18:00;Luciana Almeida;11980000309;São Paulo;SP;Camila Rodrigues;Manicure + Pedicure;Unhas;70.0;PIX;Concluído;Instagram
103226;2026-03-04;18:00;Amanda Ribeiro;11980000012;Diadema;SP;Renata Souza;Pedicure;Unhas;36.0;Dinheiro;Concluído;Telefone
103227;2026-03-05;09:00;Juliana Ribeiro;11980000099;Santo André;SP;Camila Rodrigues;Manicure;Unhas;35.0;Cartão de débito;Concluído;Presencial
103228;2026-03-05;09:00;Rafaela Santos;11980000040;São Paulo;SP;Larissa Santos;Manicure;Unhas;35.0;Cartão de crédito;Concluído;Instagram
103229;2026-03-05;09:00;Carla Oliveira;11980000384;Diadema;SP;Camila Rodrigues;Manutenção de cílios;Cílios;90.0;Cartão de débito;Concluído;Presencial
103230;2026-03-05;09:30;Jéssica Gomes;11980000049;Diadema;SP;Juliana Martins;Corte feminino;Cabelos;85.0;PIX;Concluído;WhatsApp
103231;2026-03-05;11:30;Luciana Carvalho;11980000337;Mauá;SP;Juliana Martins;Manutenção de alongamento;Unhas;100.0;Cartão de débito;Concluído;Instagram
103232;2026-03-05;14:30;Elaine Silva;11980000327;São Caetano do Sul;SP;Camila Rodrigues;Manicure;Unhas;35.0;Cartão de crédito;Concluído;Telefone
103233;2026-03-05;15:00;Tatiane Oliveira;11980000258;São Paulo;SP;Camila Rodrigues;Alongamento de unhas;Unhas;150.0;Cartão de crédito;Concluído;Presencial
103234;2026-03-05;15:00;Simone Almeida;11980000184;Santo André;SP;Fernanda Costa;Esmaltação em gel;Unhas;80.0;PIX;Concluído;WhatsApp
103235;2026-03-05;15:30;Beatriz Ferreira;11980000098;São Bernardo do Campo;SP;Bruna Oliveira;Design de sobrancelhas;Sobrancelhas;45.0;Cartão de débito;Concluído;WhatsApp
103236;2026-03-05;15:30;Natália Oliveira;11980000373;São Paulo;SP;Bruna Oliveira;Extensão de cílios;Cílios;180.0;Dinheiro;Concluído;WhatsApp
103237;2026-03-05;15:30;Juliana Silva;11980000141;São Bernardo do Campo;SP;Renata Souza;Escova;Cabelos;70.0;Dinheiro;Concluído;Instagram
103238;2026-03-05;16:00;Viviane Martins;11980000068;São Paulo;SP;Bruna Oliveira;Extensão de cílios;Cílios;180.0;Cartão de crédito;Concluído;Telefone
103239;2026-03-05;16:00;Elaine Gomes;11980000301;Mauá;SP;Camila Rodrigues;Pedicure;Unhas;40.0;Cartão de débito;Concluído;WhatsApp
103240;2026-03-05;16:30;Daniela Ferreira;11980000108;Mauá;SP;Mariana Silva;Hidratação;Cabelos;95.0;Dinheiro;Concluído;Telefone
103241;2026-03-05;16:30;Flávia Martins;11980000344;São Paulo;SP;Renata Souza;Escova;Cabelos;70.0;PIX;Concluído;Presencial
103242;2026-03-05;18:00;Raquel Pereira;11980000379;Mauá;SP;Larissa Santos;Manutenção de alongamento;Unhas;0.0;Cartão de crédito;Cancelado;Presencial
103243;2026-03-06;09:30;Tatiane Souza;11980000022;Santo André;SP;Fernanda Costa;Manicure;Unhas;0.0;Cartão de crédito;Cancelado;Presencial
103244;2026-03-06;09:30;Rafaela Rocha;11980000370;São Paulo;SP;Camila Rodrigues;Design + Henna;Sobrancelhas;0.0;Cartão de débito;Não Compareceu;WhatsApp
103245;2026-03-06;10:00;Patrícia Pereira;11980000220;Diadema;SP;Mariana Silva;Esmaltação em gel;Unhas;80.0;PIX;Concluído;WhatsApp
103246;2026-03-06;10:00;Natália Barbosa;11980000016;Diadema;SP;Mariana Silva;Pedicure;Unhas;38.0;PIX;Concluído;Presencial
103247;2026-03-06;10:30;Natália Martins;11980000131;São Paulo;SP;Camila Rodrigues;Alongamento de unhas;Unhas;142.5;Cartão de crédito;Concluído;Instagram
103248;2026-03-06;10:30;Patrícia Lima;11980000367;São Bernardo do Campo;SP;Mariana Silva;Manicure;Unhas;35.0;PIX;Concluído;Instagram
103249;2026-03-06;10:30;Juliana Souza;11980000426;São Paulo;SP;Juliana Martins;Esmaltação em gel;Unhas;76.0;Cartão de crédito;Concluído;Instagram
103250;2026-03-06;11:30;Jéssica Silva;11980000448;São Caetano do Sul;SP;Renata Souza;Pedicure;Unhas;40.0;Dinheiro;Concluído;Instagram
103251;2026-03-06;13:00;Mariana Rocha;11980000107;Diadema;SP;Patrícia Alves;Manicure;Unhas;35.0;Cartão de débito;Concluído;Instagram
103252;2026-03-06;13:30;Monique Santos;11980000031;Diadema;SP;Bruna Oliveira;Escova;Cabelos;70.0;Cartão de débito;Concluído;Telefone
103253;2026-03-06;14:00;Juliana Costa;11980000004;Santo André;SP;Juliana Martins;Alongamento de unhas;Unhas;150.0;PIX;Concluído;Presencial
103254;2026-03-06;14:00;Monique Barbosa;11980000250;São Paulo;SP;Fernanda Costa;Manicure;Unhas;35.0;Cartão de crédito;Concluído;WhatsApp
103255;2026-03-06;15:00;Vanessa Martins;11980000020;São Bernardo do Campo;SP;Renata Souza;Manicure + Pedicure;Unhas;70.0;Cartão de débito;Concluído;Presencial
103256;2026-03-06;16:00;Mariana Barbosa;11980000241;Santo André;SP;Fernanda Costa;Design + Henna;Sobrancelhas;60.0;Cartão de débito;Concluído;WhatsApp
103257;2026-03-06;16:00;Luciana Ferreira;11980000325;Diadema;SP;Juliana Martins;Design de sobrancelhas;Sobrancelhas;40.5;PIX;Concluído;Telefone
103258;2026-03-06;16:00;Daniela Silva;11980000346;São Paulo;SP;Fernanda Costa;Manutenção de alongamento;Unhas;100.0;Cartão de débito;Concluído;WhatsApp
103259;2026-03-06;17:00;Beatriz Silva;11980000069;São Caetano do Sul;SP;Bruna Oliveira;Manicure;Unhas;0.0;PIX;Cancelado;WhatsApp
103260;2026-03-06;17:00;Renata Silva;11980000149;Santo André;SP;Mariana Silva;Manutenção de alongamento;Unhas;100.0;Cartão de crédito;Concluído;Instagram
103261;2026-03-06;17:30;Elaine Lima;11980000447;Mauá;SP;Juliana Martins;Corte feminino;Cabelos;85.0;Cartão de débito;Concluído;Presencial
103262;2026-03-06;18:00;Rafaela Gomes;11980000006;São Paulo;SP;Mariana Silva;Escova;Cabelos;70.0;Cartão de crédito;Concluído;Presencial
103263;2026-03-06;18:00;Priscila Mendes;11980000308;São Bernardo do Campo;SP;Bruna Oliveira;Design de sobrancelhas;Sobrancelhas;42.75;PIX;Concluído;Presencial
103264;2026-03-06;18:00;Simone Silva;11980000201;Diadema;SP;Fernanda Costa;Esmaltação em gel;Unhas;0.0;Dinheiro;Não Compareceu;WhatsApp
103265;2026-03-07;09:00;Raquel Gomes;11980000432;Santo André;SP;Larissa Santos;Manicure;Unhas;35.0;Cartão de crédito;Concluído;Telefone
103266;2026-03-07;09:30;Isabela Rocha;11980000232;Diadema;SP;Patrícia Alves;Manicure;Unhas;35.0;Cartão de crédito;Concluído;Telefone
103267;2026-03-07;10:00;Letícia Ribeiro;11980000375;São Bernardo do Campo;SP;Renata Souza;Manicure + Pedicure;Unhas;70.0;PIX;Concluído;Telefone
103268;2026-03-07;10:00;Renata Lima;11980000372;São Caetano do Sul;SP;Juliana Martins;Manicure;Unhas;33.25;Cartão de débito;Concluído;Instagram
103269;2026-03-07;10:00;Larissa Ribeiro;11980000247;Santo André;SP;Fernanda Costa;Extensão de cílios;Cílios;180.0;Cartão de débito;Concluído;WhatsApp
103270;2026-03-07;11:00;Carla Barbosa;11980000053;Mauá;SP;Mariana Silva;Manutenção de cílios;Cílios;90.0;PIX;Concluído;WhatsApp
103271;2026-03-07;11:00;Elaine Almeida;11980000110;Diadema;SP;Fernanda Costa;Esmaltação em gel;Unhas;76.0;Dinheiro;Concluído;Instagram
103272;2026-03-07;11:00;Monique Lima;11980000449;São Bernardo do Campo;SP;Larissa Santos;Design de sobrancelhas;Sobrancelhas;45.0;Cartão de débito;Concluído;Instagram
103273;2026-03-07;11:00;Paula Almeida;11980000364;São Paulo;SP;Patrícia Alves;Manicure;Unhas;35.0;Cartão de débito;Concluído;Presencial
103274;2026-03-07;11:30;Priscila Barbosa;11980000162;São Paulo;SP;Fernanda Costa;Manicure + Pedicure;Unhas;70.0;Cartão de débito;Concluído;WhatsApp
103275;2026-03-07;11:30;Elaine Almeida;11980000110;Diadema;SP;Juliana Martins;Pedicure;Unhas;40.0;Cartão de débito;Concluído;WhatsApp
103276;2026-03-07;11:30;Simone Silva;11980000035;São Paulo;SP;Larissa Santos;Spa dos pés;Estética;65.0;Cartão de débito;Concluído;Instagram
103277;2026-03-07;13:00;Priscila Martins;11980000187;Santo André;SP;Larissa Santos;Coloração;Cabelos;160.0;Cartão de crédito;Concluído;Telefone
103278;2026-03-07;13:00;Paula Barbosa;11980000161;Santo André;SP;Renata Souza;Manicure;Unhas;35.0;Dinheiro;Concluído;Instagram
103279;2026-03-07;13:30;Monique Rocha;11980000350;São Caetano do Sul;SP;Mariana Silva;Pedicure;Unhas;40.0;Dinheiro;Concluído;Presencial
103280;2026-03-07;13:30;Amanda Carvalho;11980000212;Santo André;SP;Camila Rodrigues;Manicure + Pedicure;Unhas;70.0;Cartão de crédito;Concluído;Instagram
103281;2026-03-07;14:00;Renata Lima;11980000372;São Caetano do Sul;SP;Juliana Martins;Escova;Cabelos;70.0;PIX;Concluído;WhatsApp
103282;2026-03-07;14:00;Paula Mendes;11980000414;Diadema;SP;Larissa Santos;Esmaltação em gel;Unhas;80.0;Cartão de crédito;Concluído;Presencial
103283;2026-03-07;14:30;Monique Costa;11980000186;São Bernardo do Campo;SP;Larissa Santos;Manutenção de alongamento;Unhas;95.0;Cartão de débito;Concluído;Presencial
103284;2026-03-07;14:30;Débora Lima;11980000113;Diadema;SP;Patrícia Alves;Esmaltação em gel;Unhas;72.0;PIX;Concluído;Instagram
103285;2026-03-07;14:30;Patrícia Ferreira;11980000008;São Bernardo do Campo;SP;Bruna Oliveira;Manicure;Unhas;33.25;Dinheiro;Concluído;Telefone
103286;2026-03-07;15:00;Débora Barbosa;11980000092;Diadema;SP;Renata Souza;Manicure + Pedicure;Unhas;66.5;Dinheiro;Concluído;WhatsApp
103287;2026-03-07;16:00;Bianca Costa;11980000226;Mauá;SP;Bruna Oliveira;Manutenção de alongamento;Unhas;100.0;PIX;Concluído;Presencial
103288;2026-03-07;16:00;Marcela Martins;11980000199;São Paulo;SP;Patrícia Alves;Manutenção de cílios;Cílios;90.0;Cartão de crédito;Concluído;Instagram
103289;2026-03-07;16:30;Monique Barbosa;11980000139;São Caetano do Sul;SP;Bruna Oliveira;Hidratação;Cabelos;95.0;PIX;Concluído;Telefone
103290;2026-03-07;17:00;Jéssica Gomes;11980000084;São Paulo;SP;Bruna Oliveira;Manicure + Pedicure;Unhas;70.0;Dinheiro;Concluído;Telefone
103291;2026-03-07;17:30;Tatiane Costa;11980000194;Diadema;SP;Patrícia Alves;Escova;Cabelos;70.0;Cartão de débito;Concluído;WhatsApp
103292;2026-03-07;17:30;Larissa Ribeiro;11980000116;São Bernardo do Campo;SP;Fernanda Costa;Manicure + Pedicure;Unhas;70.0;Cartão de débito;Concluído;Presencial
103293;2026-03-07;18:00;Fernanda Almeida;11980000154;Diadema;SP;Mariana Silva;Extensão de cílios;Cílios;180.0;Cartão de crédito;Concluído;Presencial
103294;2026-03-07;18:00;Flávia Mendes;11980000129;Mauá;SP;Mariana Silva;Manicure + Pedicure;Unhas;70.0;Dinheiro;Concluído;Telefone
103295;2026-03-07;18:00;Juliana Costa;11980000050;Santo André;SP;Juliana Martins;Manutenção de alongamento;Unhas;100.0;PIX;Concluído;WhatsApp
103296;2026-03-07;18:00;Daniela Silva;11980000267;São Bernardo do Campo;SP;Mariana Silva;Manutenção de cílios;Cílios;90.0;Cartão de débito;Concluído;WhatsApp
103297;2026-03-07;18:00;Gabriela Lima;11980000321;Mauá;SP;Juliana Martins;Manutenção de cílios;Cílios;90.0;Dinheiro;Concluído;WhatsApp
103298;2026-03-08;10:30;Patrícia Ferreira;11980000008;São Bernardo do Campo;SP;Fernanda Costa;Manutenção de alongamento;Unhas;0.0;Cartão de crédito;Não Compareceu;Presencial
103299;2026-03-09;09:00;Bianca Ferreira;11980000300;São Caetano do Sul;SP;Mariana Silva;Pedicure;Unhas;0.0;Cartão de débito;Cancelado;Instagram
103300;2026-03-09;11:00;Tatiane Costa;11980000194;Diadema;SP;Patrícia Alves;Pedicure;Unhas;40.0;Cartão de crédito;Concluído;Instagram
103301;2026-03-09;13:00;Aline Gomes;11980000222;São Bernardo do Campo;SP;Larissa Santos;Escova;Cabelos;70.0;PIX;Concluído;Presencial
103302;2026-03-09;13:30;Gabriela Barbosa;11980000243;São Paulo;SP;Camila Rodrigues;Manicure + Pedicure;Unhas;70.0;Cartão de débito;Concluído;WhatsApp
103303;2026-03-09;14:00;Bianca Silva;11980000391;São Caetano do Sul;SP;Larissa Santos;Manicure;Unhas;35.0;Cartão de crédito;Concluído;Instagram
103304;2026-03-09;14:00;Jéssica Gomes;11980000049;Diadema;SP;Patrícia Alves;Pedicure;Unhas;40.0;Cartão de débito;Concluído;Telefone
103305;2026-03-09;14:30;Raquel Pereira;11980000037;São Bernardo do Campo;SP;Renata Souza;Escova;Cabelos;63.0;Cartão de débito;Concluído;WhatsApp
103306;2026-03-09;15:30;Vanessa Rocha;11980000043;São Paulo;SP;Bruna Oliveira;Manutenção de cílios;Cílios;0.0;Cartão de débito;Cancelado;Telefone
103307;2026-03-09;16:00;Bianca Silva;11980000391;São Caetano do Sul;SP;Bruna Oliveira;Pedicure;Unhas;40.0;Dinheiro;Concluído;Presencial
103308;2026-03-09;16:00;Débora Costa;11980000134;São Paulo;SP;Patrícia Alves;Manicure;Unhas;35.0;Dinheiro;Concluído;WhatsApp
103309;2026-03-09;16:00;Marcela Santos;11980000206;São Paulo;SP;Bruna Oliveira;Design + Henna;Sobrancelhas;60.0;Cartão de débito;Concluído;Instagram
103310;2026-03-09;17:30;Fernanda Ribeiro;11980000237;Diadema;SP;Bruna Oliveira;Esmaltação em gel;Unhas;80.0;Cartão de crédito;Concluído;Presencial
103311;2026-03-09;17:30;Patrícia Rocha;11980000159;Mauá;SP;Larissa Santos;Manutenção de alongamento;Unhas;100.0;Dinheiro;Concluído;Presencial
103312;2026-03-09;18:00;Sabrina Lima;11980000062;São Caetano do Sul;SP;Renata Souza;Hidratação;Cabelos;95.0;Cartão de crédito;Concluído;Telefone
103313;2026-03-09;18:00;Jéssica Santos;11980000297;Diadema;SP;Juliana Martins;Manicure;Unhas;35.0;Dinheiro;Concluído;Instagram
103314;2026-03-10;10:30;Elaine Barbosa;11980000394;São Bernardo do Campo;SP;Larissa Santos;Manutenção de alongamento;Unhas;100.0;Cartão de débito;Concluído;WhatsApp
103315;2026-03-10;11:30;Letícia Ribeiro;11980000270;São Caetano do Sul;SP;Camila Rodrigues;Manicure + Pedicure;Unhas;63.0;Dinheiro;Concluído;Presencial
103316;2026-03-10;11:30;Fernanda Ribeiro;11980000237;Diadema;SP;Renata Souza;Alongamento de unhas;Unhas;0.0;Dinheiro;Não Compareceu;WhatsApp
103317;2026-03-10;13:00;Rafaela Ribeiro;11980000442;Mauá;SP;Fernanda Costa;Escova;Cabelos;0.0;Dinheiro;Não Compareceu;Telefone
103318;2026-03-10;14:00;Juliana Costa;11980000317;Mauá;SP;Patrícia Alves;Manutenção de cílios;Cílios;0.0;PIX;Não Compareceu;WhatsApp
103319;2026-03-10;15:30;Luciana Carvalho;11980000337;Mauá;SP;Bruna Oliveira;Hidratação;Cabelos;95.0;Cartão de débito;Concluído;Presencial
103320;2026-03-10;15:30;Monique Costa;11980000186;São Bernardo do Campo;SP;Larissa Santos;Manicure;Unhas;35.0;Dinheiro;Concluído;Instagram
103321;2026-03-10;16:00;Mariana Oliveira;11980000002;São Bernardo do Campo;SP;Bruna Oliveira;Manicure;Unhas;33.25;Cartão de débito;Concluído;WhatsApp
103322;2026-03-10;16:00;Monique Costa;11980000140;Santo André;SP;Larissa Santos;Manicure;Unhas;35.0;Dinheiro;Concluído;Presencial
103323;2026-03-10;16:30;Fernanda Lima;11980000003;São Paulo;SP;Bruna Oliveira;Esmaltação em gel;Unhas;80.0;Dinheiro;Concluído;WhatsApp
103324;2026-03-10;17:00;Cristiane Dias;11980000024;Mauá;SP;Patrícia Alves;Manutenção de cílios;Cílios;90.0;Cartão de débito;Concluído;Instagram
103325;2026-03-10;17:30;Marcela Ferreira;11980000160;Santo André;SP;Juliana Martins;Manicure + Pedicure;Unhas;70.0;PIX;Concluído;Presencial
103326;2026-03-11;09:30;Daniela Rocha;11980000172;São Paulo;SP;Bruna Oliveira;Manutenção de cílios;Cílios;81.0;PIX;Concluído;Instagram
103327;2026-03-11;11:00;Bruna Martins;11980000136;São Bernardo do Campo;SP;Juliana Martins;Manicure + Pedicure;Unhas;70.0;Cartão de débito;Concluído;WhatsApp
103328;2026-03-11;13:00;Natália Barbosa;11980000269;Mauá;SP;Camila Rodrigues;Alongamento de unhas;Unhas;142.5;Cartão de débito;Concluído;Instagram
103329;2026-03-11;13:00;Beatriz Ribeiro;11980000244;Diadema;SP;Larissa Santos;Pedicure;Unhas;0.0;PIX;Não Compareceu;Presencial
103330;2026-03-11;13:30;Paula Barbosa;11980000130;Santo André;SP;Camila Rodrigues;Manutenção de cílios;Cílios;90.0;Cartão de crédito;Concluído;WhatsApp
103331;2026-03-11;14:00;Viviane Lima;11980000198;Mauá;SP;Fernanda Costa;Escova;Cabelos;0.0;PIX;Não Compareceu;Telefone
103332;2026-03-11;14:00;Rafaela Rocha;11980000370;São Paulo;SP;Bruna Oliveira;Pedicure;Unhas;40.0;Cartão de débito;Concluído;Instagram
103333;2026-03-11;15:00;Viviane Ribeiro;11980000045;Mauá;SP;Fernanda Costa;Pedicure;Unhas;40.0;Cartão de débito;Concluído;Presencial
103334;2026-03-11;15:30;Daniela Ribeiro;11980000171;Diadema;SP;Camila Rodrigues;Pedicure;Unhas;40.0;PIX;Concluído;Presencial
103335;2026-03-11;16:00;Carla Barbosa;11980000096;Diadema;SP;Juliana Martins;Pedicure;Unhas;40.0;PIX;Concluído;Telefone
103336;2026-03-11;16:30;Paula Ferreira;11980000203;São Caetano do Sul;SP;Larissa Santos;Manicure + Pedicure;Unhas;66.5;Dinheiro;Concluído;WhatsApp
103337;2026-03-11;17:00;Daniela Ribeiro;11980000182;Diadema;SP;Renata Souza;Manicure + Pedicure;Unhas;70.0;Cartão de débito;Concluído;Instagram
103338;2026-03-11;17:00;Camila Carvalho;11980000210;São Bernardo do Campo;SP;Camila Rodrigues;Pedicure;Unhas;38.0;Dinheiro;Concluído;Presencial
103339;2026-03-11;17:00;Simone Oliveira;11980000416;Mauá;SP;Camila Rodrigues;Manutenção de alongamento;Unhas;100.0;Cartão de débito;Concluído;WhatsApp
103340;2026-03-11;17:00;Letícia Lima;11980000209;São Bernardo do Campo;SP;Mariana Silva;Esmaltação em gel;Unhas;80.0;Dinheiro;Concluído;Telefone
103341;2026-03-11;17:30;Jéssica Martins;11980000028;Mauá;SP;Juliana Martins;Manicure;Unhas;35.0;Dinheiro;Concluído;WhatsApp
103342;2026-03-11;18:00;Cristiane Carvalho;11980000287;São Paulo;SP;Fernanda Costa;Design + Henna;Sobrancelhas;57.0;Cartão de débito;Concluído;Telefone
103343;2026-03-12;09:30;Bianca Rocha;11980000082;São Paulo;SP;Renata Souza;Escova;Cabelos;70.0;Dinheiro;Concluído;Instagram
103344;2026-03-12;10:30;Viviane Costa;11980000307;São Caetano do Sul;SP;Fernanda Costa;Coloração;Cabelos;152.0;Cartão de crédito;Concluído;Instagram
103345;2026-03-12;10:30;Marcela Rocha;11980000126;São Caetano do Sul;SP;Camila Rodrigues;Manutenção de alongamento;Unhas;100.0;Cartão de débito;Concluído;WhatsApp
103346;2026-03-12;13:00;Tatiane Souza;11980000022;Santo André;SP;Mariana Silva;Spa dos pés;Estética;58.5;Cartão de crédito;Concluído;WhatsApp
103347;2026-03-12;15:00;Fernanda Ribeiro;11980000237;Diadema;SP;Mariana Silva;Manutenção de alongamento;Unhas;100.0;PIX;Concluído;Telefone
103348;2026-03-12;15:00;Patrícia Pereira;11980000220;Diadema;SP;Larissa Santos;Manutenção de cílios;Cílios;81.0;Cartão de débito;Concluído;Telefone
103349;2026-03-12;15:00;Fernanda Ribeiro;11980000237;Diadema;SP;Renata Souza;Manutenção de alongamento;Unhas;95.0;PIX;Concluído;Telefone
103350;2026-03-12;15:30;Gabriela Martins;11980000011;Santo André;SP;Patrícia Alves;Corte feminino;Cabelos;85.0;Dinheiro;Concluído;WhatsApp
103351;2026-03-12;16:00;Larissa Martins;11980000284;Diadema;SP;Renata Souza;Escova;Cabelos;70.0;Cartão de débito;Concluído;WhatsApp
103352;2026-03-12;16:00;Letícia Souza;11980000389;Santo André;SP;Camila Rodrigues;Design de sobrancelhas;Sobrancelhas;45.0;Cartão de débito;Concluído;WhatsApp
103353;2026-03-12;17:00;Fernanda Ribeiro;11980000256;São Paulo;SP;Bruna Oliveira;Corte feminino;Cabelos;85.0;PIX;Concluído;WhatsApp
103354;2026-03-12;17:30;Ana Souza;11980000420;Mauá;SP;Bruna Oliveira;Pedicure;Unhas;40.0;Dinheiro;Concluído;Telefone
103355;2026-03-12;18:00;Débora Ribeiro;11980000318;São Caetano do Sul;SP;Patrícia Alves;Manutenção de alongamento;Unhas;100.0;PIX;Concluído;Presencial
103356;2026-03-13;09:00;Tatiane Souza;11980000022;Santo André;SP;Renata Souza;Corte feminino;Cabelos;85.0;Dinheiro;Concluído;Telefone
103357;2026-03-13;09:30;Camila Santos;11980000291;São Paulo;SP;Renata Souza;Corte feminino;Cabelos;85.0;Cartão de débito;Concluído;Telefone
103358;2026-03-13;09:30;Carla Martins;11980000265;Santo André;SP;Patrícia Alves;Escova;Cabelos;70.0;PIX;Concluído;WhatsApp
103359;2026-03-13;10:30;Fernanda Ribeiro;11980000237;Diadema;SP;Fernanda Costa;Corte feminino;Cabelos;85.0;Cartão de crédito;Concluído;Telefone
103360;2026-03-13;10:30;Camila Costa;11980000190;São Paulo;SP;Fernanda Costa;Hidratação;Cabelos;95.0;Dinheiro;Concluído;Telefone
103361;2026-03-13;11:00;Viviane Ferreira;11980000440;Santo André;SP;Camila Rodrigues;Esmaltação em gel;Unhas;80.0;Dinheiro;Concluído;Telefone
103362;2026-03-13;11:00;Mariana Rocha;11980000107;Diadema;SP;Patrícia Alves;Manicure;Unhas;35.0;Cartão de débito;Concluído;Telefone
103363;2026-03-13;11:00;Cristiane Santos;11980000378;Mauá;SP;Camila Rodrigues;Esmaltação em gel;Unhas;80.0;Cartão de débito;Concluído;Telefone
103364;2026-03-13;13:00;Priscila Ribeiro;11980000178;São Paulo;SP;Mariana Silva;Design de sobrancelhas;Sobrancelhas;45.0;Cartão de débito;Concluído;WhatsApp
103365;2026-03-13;13:00;Fernanda Lima;11980000003;São Paulo;SP;Camila Rodrigues;Manicure + Pedicure;Unhas;70.0;Cartão de crédito;Concluído;Presencial
103366;2026-03-13;14:30;Jéssica Silva;11980000448;São Caetano do Sul;SP;Mariana Silva;Hidratação;Cabelos;95.0;Cartão de débito;Concluído;Presencial
103367;2026-03-13;15:00;Elaine Gomes;11980000301;Mauá;SP;Patrícia Alves;Pedicure;Unhas;40.0;Cartão de débito;Concluído;WhatsApp
103368;2026-03-13;15:30;Camila Oliveira;11980000224;Mauá;SP;Fernanda Costa;Escova;Cabelos;70.0;PIX;Concluído;Instagram
103369;2026-03-13;17:00;Fernanda Almeida;11980000154;Diadema;SP;Larissa Santos;Manutenção de cílios;Cílios;90.0;Dinheiro;Concluído;Instagram
103370;2026-03-13;17:00;Bruna Barbosa;11980000446;Santo André;SP;Mariana Silva;Manicure + Pedicure;Unhas;70.0;PIX;Concluído;Telefone
103371;2026-03-13;17:00;Elaine Santos;11980000176;São Caetano do Sul;SP;Camila Rodrigues;Corte feminino;Cabelos;85.0;Cartão de débito;Concluído;WhatsApp
103372;2026-03-13;17:30;Cristiane Santos;11980000378;Mauá;SP;Renata Souza;Manutenção de alongamento;Unhas;100.0;PIX;Concluído;Telefone
103373;2026-03-13;17:30;Flávia Almeida;11980000192;São Bernardo do Campo;SP;Juliana Martins;Esmaltação em gel;Unhas;80.0;Cartão de crédito;Concluído;Instagram
103374;2026-03-13;17:30;Bruna Oliveira;11980000404;São Caetano do Sul;SP;Bruna Oliveira;Design + Henna;Sobrancelhas;60.0;Cartão de débito;Concluído;Instagram
103375;2026-03-13;18:00;Cristiane Gomes;11980000303;Diadema;SP;Camila Rodrigues;Pedicure;Unhas;40.0;Dinheiro;Concluído;Telefone
103376;2026-03-13;18:00;Carla Lima;11980000433;Mauá;SP;Fernanda Costa;Pedicure;Unhas;40.0;PIX;Concluído;Telefone
103377;2026-03-14;09:30;Carla Barbosa;11980000053;Mauá;SP;Larissa Santos;Corte feminino;Cabelos;76.5;Cartão de débito;Concluído;Telefone
103378;2026-03-14;10:00;Jéssica Martins;11980000028;Mauá;SP;Bruna Oliveira;Design + Henna;Sobrancelhas;60.0;Dinheiro;Concluído;Telefone
103379;2026-03-14;10:00;Elaine Carvalho;11980000151;Mauá;SP;Renata Souza;Manicure;Unhas;35.0;Cartão de débito;Concluído;Telefone
103380;2026-03-14;10:00;Letícia Souza;11980000389;Santo André;SP;Camila Rodrigues;Manicure + Pedicure;Unhas;70.0;Dinheiro;Concluído;WhatsApp
103381;2026-03-14;10:00;Marcela Ferreira;11980000160;Santo André;SP;Bruna Oliveira;Esmaltação em gel;Unhas;80.0;Cartão de débito;Concluído;Instagram
103382;2026-03-14;11:00;Larissa Rocha;11980000430;Santo André;SP;Patrícia Alves;Design de sobrancelhas;Sobrancelhas;45.0;Cartão de crédito;Concluído;Presencial
103383;2026-03-14;11:00;Viviane Barbosa;11980000101;São Bernardo do Campo;SP;Fernanda Costa;Manicure;Unhas;33.25;PIX;Concluído;Presencial
103384;2026-03-14;11:00;Marcela Lima;11980000064;Santo André;SP;Patrícia Alves;Corte feminino;Cabelos;85.0;Dinheiro;Concluído;Instagram
103385;2026-03-14;11:30;Fernanda Almeida;11980000154;Diadema;SP;Juliana Martins;Pedicure;Unhas;40.0;Dinheiro;Concluído;Presencial
103386;2026-03-14;13:00;Juliana Ribeiro;11980000046;Santo André;SP;Camila Rodrigues;Manicure + Pedicure;Unhas;70.0;PIX;Concluído;Instagram
103387;2026-03-14;13:30;Juliana Santos;11980000362;São Paulo;SP;Mariana Silva;Esmaltação em gel;Unhas;80.0;Cartão de débito;Concluído;Telefone
103388;2026-03-14;13:30;Juliana Santos;11980000071;São Paulo;SP;Patrícia Alves;Corte feminino;Cabelos;85.0;Cartão de crédito;Concluído;Telefone
103389;2026-03-14;14:00;Mariana Oliveira;11980000207;São Caetano do Sul;SP;Renata Souza;Manutenção de cílios;Cílios;90.0;Cartão de crédito;Concluído;Instagram
103390;2026-03-14;14:30;Flávia Lima;11980000089;Diadema;SP;Camila Rodrigues;Pedicure;Unhas;40.0;Cartão de crédito;Concluído;Instagram
103391;2026-03-14;15:00;Monique Ribeiro;11980000407;São Paulo;SP;Mariana Silva;Pedicure;Unhas;40.0;Dinheiro;Concluído;Instagram
103392;2026-03-14;15:30;Flávia Almeida;11980000285;São Paulo;SP;Renata Souza;Escova;Cabelos;66.5;Cartão de débito;Concluído;Telefone
103393;2026-03-14;15:30;Natália Mendes;11980000413;Mauá;SP;Juliana Martins;Coloração;Cabelos;0.0;Cartão de crédito;Cancelado;Telefone
103394;2026-03-14;16:30;Fernanda Gomes;11980000191;São Paulo;SP;Larissa Santos;Extensão de cílios;Cílios;180.0;PIX;Concluído;Telefone
103395;2026-03-14;16:30;Luciana Martins;11980000143;Mauá;SP;Patrícia Alves;Manutenção de cílios;Cílios;90.0;PIX;Concluído;Instagram
103396;2026-03-14;16:30;Cristiane Dias;11980000024;Mauá;SP;Renata Souza;Hidratação;Cabelos;95.0;Cartão de débito;Concluído;WhatsApp
103397;2026-03-14;16:30;Fernanda Almeida;11980000363;Diadema;SP;Renata Souza;Corte feminino;Cabelos;85.0;PIX;Concluído;WhatsApp
103398;2026-03-14;16:30;Beatriz Oliveira;11980000393;Diadema;SP;Patrícia Alves;Manutenção de cílios;Cílios;90.0;Dinheiro;Concluído;Telefone
103399;2026-03-14;16:30;Rafaela Santos;11980000223;Diadema;SP;Patrícia Alves;Coloração;Cabelos;0.0;Cartão de crédito;Não Compareceu;Instagram
103400;2026-03-14;17:00;Luciana Barbosa;11980000271;São Caetano do Sul;SP;Fernanda Costa;Manicure + Pedicure;Unhas;70.0;Dinheiro;Concluído;Presencial
103401;2026-03-14;17:00;Raquel Silva;11980000341;São Caetano do Sul;SP;Renata Souza;Esmaltação em gel;Unhas;80.0;PIX;Concluído;Instagram
103402;2026-03-14;17:00;Beatriz Oliveira;11980000393;Diadema;SP;Patrícia Alves;Manicure;Unhas;35.0;Cartão de crédito;Concluído;Presencial
103403;2026-03-14;17:30;Sabrina Oliveira;11980000266;São Paulo;SP;Juliana Martins;Design + Henna;Sobrancelhas;60.0;Cartão de débito;Concluído;Instagram
103404;2026-03-14;18:00;Camila Mendes;11980000138;Santo André;SP;Bruna Oliveira;Alongamento de unhas;Unhas;150.0;PIX;Concluído;Instagram
103405;2026-03-15;09:00;Tatiane Oliveira;11980000258;São Paulo;SP;Bruna Oliveira;Design de sobrancelhas;Sobrancelhas;45.0;Cartão de débito;Concluído;Instagram
103406;2026-03-15;17:00;Viviane Lima;11980000198;Mauá;SP;Mariana Silva;Design + Henna;Sobrancelhas;57.0;Cartão de débito;Concluído;Presencial
103407;2026-03-16;09:30;Patrícia Santos;11980000213;Diadema;SP;Renata Souza;Pedicure;Unhas;40.0;PIX;Concluído;Presencial
103408;2026-03-16;10:00;Raquel Silva;11980000167;Santo André;SP;Juliana Martins;Design de sobrancelhas;Sobrancelhas;45.0;Cartão de débito;Concluído;WhatsApp
103409;2026-03-16;10:30;Flávia Martins;11980000412;São Bernardo do Campo;SP;Mariana Silva;Alongamento de unhas;Unhas;142.5;Cartão de débito;Concluído;Telefone
103410;2026-03-16;13:00;Elaine Moura;11980000026;São Bernardo do Campo;SP;Juliana Martins;Design de sobrancelhas;Sobrancelhas;45.0;Cartão de crédito;Concluído;Presencial
103411;2026-03-16;13:00;Daniela Almeida;11980000400;Mauá;SP;Fernanda Costa;Manicure;Unhas;35.0;PIX;Concluído;WhatsApp
103412;2026-03-16;13:30;Vanessa Rocha;11980000043;São Paulo;SP;Patrícia Alves;Manutenção de alongamento;Unhas;100.0;Cartão de crédito;Concluído;Presencial
103413;2026-03-16;14:00;Daniela Ribeiro;11980000182;Diadema;SP;Renata Souza;Hidratação;Cabelos;95.0;PIX;Concluído;WhatsApp
103414;2026-03-16;15:30;Cristiane Santos;11980000378;Mauá;SP;Larissa Santos;Manicure;Unhas;35.0;PIX;Concluído;Telefone
103415;2026-03-16;15:30;Aline Pereira;11980000322;Mauá;SP;Larissa Santos;Manutenção de alongamento;Unhas;100.0;PIX;Concluído;WhatsApp
103416;2026-03-16;16:30;Jéssica Costa;11980000236;São Caetano do Sul;SP;Fernanda Costa;Design de sobrancelhas;Sobrancelhas;45.0;PIX;Concluído;Instagram
103417;2026-03-16;17:00;Natália Pereira;11980000422;Mauá;SP;Larissa Santos;Manicure;Unhas;35.0;Cartão de crédito;Concluído;Instagram
103418;2026-03-16;18:00;Letícia Silva;11980000411;Santo André;SP;Fernanda Costa;Pedicure;Unhas;40.0;PIX;Concluído;WhatsApp
103419;2026-03-17;09:00;Aline Pereira;11980000322;Mauá;SP;Mariana Silva;Manutenção de cílios;Cílios;90.0;PIX;Concluído;WhatsApp
103420;2026-03-17;09:30;Carla Oliveira;11980000384;Diadema;SP;Bruna Oliveira;Esmaltação em gel;Unhas;80.0;PIX;Concluído;WhatsApp
103421;2026-03-17;09:30;Elaine Ferreira;11980000216;São Paulo;SP;Larissa Santos;Corte feminino;Cabelos;85.0;Dinheiro;Concluído;Presencial
103422;2026-03-17;09:30;Sabrina Ferreira;11980000042;São Bernardo do Campo;SP;Bruna Oliveira;Manicure + Pedicure;Unhas;70.0;Cartão de débito;Concluído;WhatsApp
103423;2026-03-17;09:30;Monique Ribeiro;11980000166;Diadema;SP;Fernanda Costa;Esmaltação em gel;Unhas;80.0;PIX;Concluído;Instagram
103424;2026-03-17;10:00;Débora Lima;11980000396;São Bernardo do Campo;SP;Juliana Martins;Spa dos pés;Estética;61.75;PIX;Concluído;Presencial
103425;2026-03-17;11:00;Tatiane Silva;11980000262;São Paulo;SP;Camila Rodrigues;Alongamento de unhas;Unhas;150.0;Cartão de débito;Concluído;Instagram
103426;2026-03-17;13:00;Beatriz Silva;11980000439;Santo André;SP;Camila Rodrigues;Pedicure;Unhas;36.0;Dinheiro;Concluído;Telefone
103427;2026-03-17;14:00;Juliana Santos;11980000362;São Paulo;SP;Renata Souza;Manicure;Unhas;35.0;Cartão de débito;Concluído;Telefone
103428;2026-03-17;14:30;Paula Ferreira;11980000239;São Bernardo do Campo;SP;Camila Rodrigues;Manicure;Unhas;35.0;Cartão de débito;Concluído;Presencial
103429;2026-03-17;15:00;Mariana Rocha;11980000383;São Caetano do Sul;SP;Camila Rodrigues;Manicure;Unhas;33.25;PIX;Concluído;Telefone
103430;2026-03-17;15:30;Beatriz Ferreira;11980000098;São Bernardo do Campo;SP;Fernanda Costa;Alongamento de unhas;Unhas;135.0;Cartão de crédito;Concluído;Instagram
103431;2026-03-17;15:30;Simone Ferreira;11980000390;Mauá;SP;Renata Souza;Manicure;Unhas;35.0;Cartão de débito;Concluído;Telefone
103432;2026-03-17;17:00;Aline Moreira;11980000017;São Caetano do Sul;SP;Patrícia Alves;Manicure;Unhas;35.0;Cartão de débito;Concluído;WhatsApp
103433;2026-03-17;17:30;Fernanda Ferreira;11980000392;Mauá;SP;Renata Souza;Manicure;Unhas;35.0;Cartão de débito;Concluído;Instagram
103434;2026-03-18;09:00;Daniela Silva;11980000437;São Paulo;SP;Bruna Oliveira;Hidratação;Cabelos;95.0;Dinheiro;Concluído;WhatsApp
103435;2026-03-18;10:00;Juliana Souza;11980000426;São Paulo;SP;Bruna Oliveira;Escova;Cabelos;70.0;Dinheiro;Concluído;WhatsApp
103436;2026-03-18;10:00;Rafaela Rocha;11980000370;São Paulo;SP;Mariana Silva;Hidratação;Cabelos;95.0;Cartão de crédito;Concluído;WhatsApp
103437;2026-03-18;11:30;Mariana Barbosa;11980000241;Santo André;SP;Mariana Silva;Manutenção de alongamento;Unhas;100.0;Cartão de crédito;Concluído;Instagram
103438;2026-03-18;13:30;Raquel Pereira;11980000379;Mauá;SP;Renata Souza;Spa dos pés;Estética;58.5;PIX;Concluído;Telefone
103439;2026-03-18;13:30;Raquel Pereira;11980000379;Mauá;SP;Juliana Martins;Manicure;Unhas;35.0;PIX;Concluído;WhatsApp
103440;2026-03-18;13:30;Monique Mendes;11980000361;São Paulo;SP;Patrícia Alves;Design de sobrancelhas;Sobrancelhas;45.0;Dinheiro;Concluído;Telefone
103441;2026-03-18;15:00;Natália Ribeiro;11980000424;São Caetano do Sul;SP;Patrícia Alves;Spa dos pés;Estética;65.0;Cartão de débito;Concluído;Presencial
103442;2026-03-18;15:30;Débora Ribeiro;11980000371;Santo André;SP;Fernanda Costa;Manicure;Unhas;33.25;Cartão de débito;Concluído;Telefone
103443;2026-03-18;16:00;Monique Barbosa;11980000250;São Paulo;SP;Renata Souza;Spa dos pés;Estética;65.0;Dinheiro;Concluído;Telefone
103444;2026-03-18;17:00;Elaine Gomes;11980000195;Santo André;SP;Juliana Martins;Manutenção de alongamento;Unhas;100.0;Cartão de débito;Concluído;Presencial
103445;2026-03-19;09:30;Paula Ferreira;11980000239;São Bernardo do Campo;SP;Larissa Santos;Escova;Cabelos;70.0;Dinheiro;Concluído;Presencial
103446;2026-03-19;10:30;Larissa Lima;11980000260;Santo André;SP;Patrícia Alves;Hidratação;Cabelos;95.0;Cartão de débito;Concluído;Presencial
103447;2026-03-19;10:30;Monique Costa;11980000186;São Bernardo do Campo;SP;Juliana Martins;Design de sobrancelhas;Sobrancelhas;45.0;Dinheiro;Concluído;Presencial
103448;2026-03-19;11:30;Fernanda Martins;11980000200;Diadema;SP;Juliana Martins;Spa dos pés;Estética;61.75;Cartão de débito;Concluído;WhatsApp
103449;2026-03-19;11:30;Tatiane Pereira;11980000070;São Paulo;SP;Larissa Santos;Extensão de cílios;Cílios;171.0;Cartão de débito;Concluído;Presencial
103450;2026-03-19;13:30;Gabriela Ribeiro;11980000145;São Bernardo do Campo;SP;Larissa Santos;Manutenção de alongamento;Unhas;100.0;Cartão de débito;Concluído;Telefone
103451;2026-03-19;17:00;Bruna Lima;11980000254;Mauá;SP;Mariana Silva;Manicure;Unhas;35.0;Dinheiro;Concluído;Instagram
103452;2026-03-19;17:30;Beatriz Almeida;11980000157;São Caetano do Sul;SP;Bruna Oliveira;Manicure;Unhas;31.5;Cartão de débito;Concluído;Telefone
103453;2026-03-20;09:30;Raquel Gomes;11980000432;Santo André;SP;Juliana Martins;Design de sobrancelhas;Sobrancelhas;45.0;Cartão de débito;Concluído;WhatsApp
103454;2026-03-20;09:30;Daniela Ferreira;11980000108;Mauá;SP;Mariana Silva;Pedicure;Unhas;40.0;PIX;Concluído;Presencial
103455;2026-03-20;10:30;Natália Almeida;11980000077;São Bernardo do Campo;SP;Bruna Oliveira;Escova;Cabelos;63.0;Dinheiro;Concluído;Instagram
103456;2026-03-20;10:30;Paula Barbosa;11980000130;Santo André;SP;Larissa Santos;Esmaltação em gel;Unhas;80.0;Cartão de crédito;Concluído;Instagram
103457;2026-03-20;11:00;Beatriz Barbosa;11980000179;São Bernardo do Campo;SP;Fernanda Costa;Escova;Cabelos;70.0;PIX;Concluído;WhatsApp
103458;2026-03-20;11:00;Monique Santos;11980000031;Diadema;SP;Juliana Martins;Manicure;Unhas;35.0;Dinheiro;Concluído;Instagram
103459;2026-03-20;11:30;Elaine Santos;11980000231;São Bernardo do Campo;SP;Mariana Silva;Spa dos pés;Estética;65.0;Cartão de débito;Concluído;WhatsApp
103460;2026-03-20;11:30;Paula Silva;11980000169;Diadema;SP;Mariana Silva;Pedicure;Unhas;40.0;Cartão de débito;Concluído;Presencial
103461;2026-03-20;13:00;Sabrina Souza;11980000038;Mauá;SP;Patrícia Alves;Design + Henna;Sobrancelhas;60.0;Cartão de débito;Concluído;Instagram
103462;2026-03-20;13:30;Renata Silva;11980000149;Santo André;SP;Mariana Silva;Manicure;Unhas;35.0;Cartão de crédito;Concluído;Instagram
103463;2026-03-20;14:00;Camila Rodrigues;11980000009;São Bernardo do Campo;SP;Bruna Oliveira;Design de sobrancelhas;Sobrancelhas;45.0;Cartão de débito;Concluído;WhatsApp
103464;2026-03-20;14:00;Marcela Lima;11980000064;Santo André;SP;Renata Souza;Manicure + Pedicure;Unhas;70.0;Cartão de crédito;Concluído;Instagram
103465;2026-03-20;14:00;Monique Ribeiro;11980000407;São Paulo;SP;Renata Souza;Design de sobrancelhas;Sobrancelhas;45.0;Dinheiro;Concluído;WhatsApp
103466;2026-03-20;14:00;Jéssica Costa;11980000236;São Caetano do Sul;SP;Patrícia Alves;Manicure;Unhas;35.0;Cartão de crédito;Concluído;Telefone
103467;2026-03-20;14:30;Jéssica Lima;11980000427;Mauá;SP;Mariana Silva;Corte feminino;Cabelos;85.0;Cartão de crédito;Concluído;Instagram
103468;2026-03-20;15:00;Camila Costa;11980000190;São Paulo;SP;Larissa Santos;Spa dos pés;Estética;65.0;Cartão de débito;Concluído;WhatsApp
103469;2026-03-20;15:00;Tatiane Oliveira;11980000258;São Paulo;SP;Juliana Martins;Manicure;Unhas;33.25;PIX;Concluído;Instagram
103470;2026-03-20;16:00;Sabrina Souza;11980000286;Diadema;SP;Renata Souza;Manicure;Unhas;35.0;Dinheiro;Concluído;Instagram
103471;2026-03-20;16:30;Paula Ferreira;11980000203;São Caetano do Sul;SP;Camila Rodrigues;Design + Henna;Sobrancelhas;60.0;Cartão de crédito;Concluído;Telefone
103472;2026-03-20;17:00;Letícia Lima;11980000209;São Bernardo do Campo;SP;Bruna Oliveira;Hidratação;Cabelos;0.0;Cartão de débito;Não Compareceu;Telefone
103473;2026-03-20;17:00;Jéssica Santos;11980000297;Diadema;SP;Renata Souza;Manicure;Unhas;33.25;Cartão de débito;Concluído;WhatsApp
103474;2026-03-20;17:30;Priscila Barbosa;11980000162;São Paulo;SP;Mariana Silva;Coloração;Cabelos;160.0;PIX;Concluído;Instagram
103475;2026-03-20;17:30;Jéssica Almeida;11980000052;São Caetano do Sul;SP;Juliana Martins;Manicure + Pedicure;Unhas;70.0;Cartão de crédito;Concluído;Telefone
103476;2026-03-20;17:30;Patrícia Oliveira;11980000121;São Caetano do Sul;SP;Mariana Silva;Alongamento de unhas;Unhas;150.0;Cartão de crédito;Concluído;WhatsApp
103477;2026-03-21;09:00;Débora Martins;11980000408;Diadema;SP;Patrícia Alves;Extensão de cílios;Cílios;180.0;PIX;Concluído;Telefone
103478;2026-03-21;09:00;Juliana Souza;11980000417;Diadema;SP;Larissa Santos;Manutenção de alongamento;Unhas;100.0;Cartão de crédito;Concluído;Instagram
103479;2026-03-21;09:00;Renata Silva;11980000149;Santo André;SP;Patrícia Alves;Esmaltação em gel;Unhas;76.0;Cartão de crédito;Concluído;Telefone
103480;2026-03-21;09:30;Gabriela Martins;11980000011;Santo André;SP;Renata Souza;Escova;Cabelos;66.5;Cartão de débito;Concluído;WhatsApp
103481;2026-03-21;09:30;Elaine Ferreira;11980000242;São Caetano do Sul;SP;Camila Rodrigues;Manutenção de cílios;Cílios;85.5;Cartão de crédito;Concluído;WhatsApp
103482;2026-03-21;09:30;Viviane Ferreira;11980000142;Mauá;SP;Bruna Oliveira;Alongamento de unhas;Unhas;142.5;Cartão de débito;Concluído;Telefone
103483;2026-03-21;10:00;Mariana Oliveira;11980000207;São Caetano do Sul;SP;Mariana Silva;Design de sobrancelhas;Sobrancelhas;45.0;Cartão de crédito;Concluído;WhatsApp
103484;2026-03-21;10:00;Fernanda Lima;11980000003;São Paulo;SP;Larissa Santos;Escova;Cabelos;70.0;Cartão de crédito;Concluído;Instagram
103485;2026-03-21;10:30;Juliana Costa;11980000359;Diadema;SP;Patrícia Alves;Pedicure;Unhas;40.0;Cartão de crédito;Concluído;Instagram
103486;2026-03-21;10:30;Marcela Ferreira;11980000160;Santo André;SP;Fernanda Costa;Extensão de cílios;Cílios;0.0;Cartão de débito;Não Compareceu;Instagram
103487;2026-03-21;10:30;Patrícia Ribeiro;11980000044;São Bernardo do Campo;SP;Juliana Martins;Design + Henna;Sobrancelhas;60.0;Cartão de crédito;Concluído;Telefone
103488;2026-03-21;10:30;Paula Martins;11980000165;Mauá;SP;Patrícia Alves;Manicure;Unhas;35.0;PIX;Concluído;Telefone
103489;2026-03-21;11:00;Priscila Pereira;11980000353;São Paulo;SP;Larissa Santos;Spa dos pés;Estética;65.0;Dinheiro;Concluído;Instagram
103490;2026-03-21;13:00;Rafaela Gomes;11980000356;Diadema;SP;Bruna Oliveira;Corte feminino;Cabelos;80.75;Cartão de débito;Concluído;Presencial
103491;2026-03-21;13:00;Luciana Barbosa;11980000271;São Caetano do Sul;SP;Mariana Silva;Pedicure;Unhas;40.0;Cartão de crédito;Concluído;Telefone
103492;2026-03-21;14:00;Rafaela Gomes;11980000006;São Paulo;SP;Patrícia Alves;Manicure + Pedicure;Unhas;70.0;Dinheiro;Concluído;WhatsApp
103493;2026-03-21;14:30;Tatiane Oliveira;11980000258;São Paulo;SP;Juliana Martins;Manicure + Pedicure;Unhas;70.0;PIX;Concluído;Telefone
103494;2026-03-21;15:00;Amanda Mendes;11980000127;São Bernardo do Campo;SP;Bruna Oliveira;Manutenção de alongamento;Unhas;0.0;PIX;Cancelado;Presencial
103495;2026-03-21;15:00;Letícia Ribeiro;11980000375;São Bernardo do Campo;SP;Camila Rodrigues;Manicure;Unhas;0.0;PIX;Não Compareceu;Telefone
103496;2026-03-21;15:00;Sabrina Ferreira;11980000281;Santo André;SP;Patrícia Alves;Design de sobrancelhas;Sobrancelhas;45.0;Cartão de débito;Concluído;Instagram
103497;2026-03-21;15:30;Paula Oliveira;11980000177;Mauá;SP;Fernanda Costa;Pedicure;Unhas;40.0;PIX;Concluído;Instagram
103498;2026-03-21;15:30;Flávia Cardoso;11980000027;Diadema;SP;Larissa Santos;Design de sobrancelhas;Sobrancelhas;45.0;Cartão de crédito;Concluído;WhatsApp
103499;2026-03-21;16:00;Juliana Santos;11980000071;São Paulo;SP;Renata Souza;Manicure;Unhas;33.25;Cartão de crédito;Concluído;Instagram
103500;2026-03-21;16:00;Monique Barbosa;11980000250;São Paulo;SP;Mariana Silva;Alongamento de unhas;Unhas;150.0;Cartão de débito;Concluído;WhatsApp
103501;2026-03-21;16:30;Luciana Gomes;11980000304;São Caetano do Sul;SP;Patrícia Alves;Esmaltação em gel;Unhas;80.0;Cartão de crédito;Concluído;Telefone
103502;2026-03-21;17:00;Monique Barbosa;11980000250;São Paulo;SP;Patrícia Alves;Manicure;Unhas;35.0;Cartão de crédito;Concluído;WhatsApp
103503;2026-03-21;17:00;Marcela Rocha;11980000221;Diadema;SP;Mariana Silva;Design de sobrancelhas;Sobrancelhas;45.0;PIX;Concluído;Presencial
103504;2026-03-21;17:30;Paula Ferreira;11980000203;São Caetano do Sul;SP;Patrícia Alves;Coloração;Cabelos;144.0;Cartão de crédito;Concluído;Instagram
103505;2026-03-21;18:00;Tatiane Souza;11980000022;Santo André;SP;Patrícia Alves;Manicure;Unhas;35.0;Cartão de débito;Concluído;Presencial
103506;2026-03-22;11:30;Elaine Barbosa;11980000332;São Bernardo do Campo;SP;Renata Souza;Spa dos pés;Estética;65.0;Dinheiro;Concluído;Presencial
103507;2026-03-23;09:00;Juliana Costa;11980000004;Santo André;SP;Larissa Santos;Spa dos pés;Estética;65.0;Cartão de débito;Concluído;Telefone
103508;2026-03-23;10:00;Monique Mendes;11980000361;São Paulo;SP;Bruna Oliveira;Manicure;Unhas;35.0;PIX;Concluído;Telefone
103509;2026-03-23;10:30;Vanessa Rocha;11980000314;São Paulo;SP;Juliana Martins;Manicure + Pedicure;Unhas;70.0;Cartão de crédito;Concluído;Telefone
103510;2026-03-23;11:30;Paula Almeida;11980000364;São Paulo;SP;Renata Souza;Hidratação;Cabelos;95.0;PIX;Concluído;WhatsApp
103511;2026-03-23;13:00;Jéssica Almeida;11980000299;São Paulo;SP;Mariana Silva;Manicure + Pedicure;Unhas;70.0;Cartão de crédito;Concluído;Telefone
103512;2026-03-23;13:30;Vanessa Lima;11980000245;São Bernardo do Campo;SP;Camila Rodrigues;Manicure + Pedicure;Unhas;70.0;Dinheiro;Concluído;Instagram
103513;2026-03-23;15:00;Daniela Silva;11980000346;São Paulo;SP;Larissa Santos;Manutenção de cílios;Cílios;90.0;PIX;Concluído;Instagram
103514;2026-03-23;15:00;Daniela Silva;11980000346;São Paulo;SP;Juliana Martins;Design + Henna;Sobrancelhas;60.0;Dinheiro;Concluído;Telefone
103515;2026-03-23;15:30;Rafaela Lima;11980000441;Diadema;SP;Bruna Oliveira;Pedicure;Unhas;36.0;PIX;Concluído;Telefone
103516;2026-03-23;15:30;Sabrina Souza;11980000038;Mauá;SP;Fernanda Costa;Design de sobrancelhas;Sobrancelhas;45.0;Cartão de crédito;Concluído;Telefone
103517;2026-03-23;16:00;Amanda Barbosa;11980000290;São Paulo;SP;Fernanda Costa;Design + Henna;Sobrancelhas;60.0;Cartão de débito;Concluído;Presencial
103518;2026-03-23;16:30;Viviane Mendes;11980000057;São Bernardo do Campo;SP;Juliana Martins;Manicure;Unhas;35.0;Cartão de débito;Concluído;Instagram
103519;2026-03-23;17:30;Beatriz Silva;11980000069;São Caetano do Sul;SP;Bruna Oliveira;Hidratação;Cabelos;90.25;Dinheiro;Concluído;WhatsApp
103520;2026-03-23;17:30;Cristiane Ferreira;11980000376;São Paulo;SP;Camila Rodrigues;Pedicure;Unhas;40.0;Cartão de crédito;Concluído;Telefone
103521;2026-03-23;18:00;Bianca Costa;11980000226;Mauá;SP;Juliana Martins;Hidratação;Cabelos;95.0;Cartão de crédito;Concluído;Telefone
103522;2026-03-24;09:00;Rafaela Mendes;11980000156;São Caetano do Sul;SP;Juliana Martins;Extensão de cílios;Cílios;180.0;Dinheiro;Concluído;Telefone
103523;2026-03-24;09:30;Rafaela Ribeiro;11980000153;São Paulo;SP;Mariana Silva;Extensão de cílios;Cílios;180.0;Cartão de crédito;Concluído;Instagram
103524;2026-03-24;10:00;Bianca Santos;11980000251;São Caetano do Sul;SP;Bruna Oliveira;Escova;Cabelos;70.0;Dinheiro;Concluído;Presencial
103525;2026-03-24;10:00;Ana Santos;11980000054;São Bernardo do Campo;SP;Camila Rodrigues;Alongamento de unhas;Unhas;150.0;PIX;Concluído;Presencial
103526;2026-03-24;10:30;Vanessa Almeida;11980000311;São Paulo;SP;Renata Souza;Pedicure;Unhas;40.0;Dinheiro;Concluído;Instagram
103527;2026-03-24;10:30;Isabela Rocha;11980000014;Santo André;SP;Renata Souza;Escova;Cabelos;70.0;PIX;Concluído;Presencial
103528;2026-03-24;11:00;Daniela Ribeiro;11980000171;Diadema;SP;Larissa Santos;Design de sobrancelhas;Sobrancelhas;45.0;Dinheiro;Concluído;Instagram
103529;2026-03-24;11:30;Flávia Santos;11980000315;São Bernardo do Campo;SP;Larissa Santos;Design + Henna;Sobrancelhas;60.0;Dinheiro;Concluído;Telefone
103530;2026-03-24;13:00;Isabela Silva;11980000238;São Caetano do Sul;SP;Juliana Martins;Manicure;Unhas;35.0;PIX;Concluído;Instagram
103531;2026-03-24;14:00;Paula Rocha;11980000097;São Bernardo do Campo;SP;Fernanda Costa;Design + Henna;Sobrancelhas;60.0;Cartão de crédito;Concluído;Instagram
103532;2026-03-24;14:30;Ana Carolina Souza;11980000001;São Paulo;SP;Juliana Martins;Manicure;Unhas;35.0;PIX;Concluído;Telefone
103533;2026-03-24;15:30;Simone Gomes;11980000351;São Paulo;SP;Patrícia Alves;Design + Henna;Sobrancelhas;60.0;Dinheiro;Concluído;WhatsApp
103534;2026-03-24;17:00;Cristiane Martins;11980000252;Santo André;SP;Bruna Oliveira;Manutenção de alongamento;Unhas;100.0;PIX;Concluído;Presencial
103535;2026-03-24;17:30;Luciana Santos;11980000217;Santo André;SP;Juliana Martins;Manutenção de alongamento;Unhas;100.0;Cartão de crédito;Concluído;WhatsApp
103536;2026-03-24;17:30;Beatriz Santos;11980000298;São Caetano do Sul;SP;Bruna Oliveira;Pedicure;Unhas;40.0;Cartão de crédito;Concluído;Telefone
103537;2026-03-25;09:00;Fernanda Santos;11980000425;Diadema;SP;Renata Souza;Manicure + Pedicure;Unhas;70.0;Dinheiro;Concluído;WhatsApp
103538;2026-03-25;09:00;Vanessa Mendes;11980000343;Santo André;SP;Larissa Santos;Esmaltação em gel;Unhas;80.0;Cartão de débito;Concluído;WhatsApp
103539;2026-03-25;09:00;Daniela Almeida;11980000400;Mauá;SP;Patrícia Alves;Design + Henna;Sobrancelhas;0.0;PIX;Cancelado;Telefone
103540;2026-03-25;09:30;Letícia Oliveira;11980000345;Mauá;SP;Mariana Silva;Pedicure;Unhas;40.0;Dinheiro;Concluído;Instagram
103541;2026-03-25;10:00;Tatiane Silva;11980000072;São Paulo;SP;Camila Rodrigues;Manutenção de cílios;Cílios;90.0;Cartão de crédito;Concluído;Telefone
103542;2026-03-25;11:30;Bruna Lima;11980000254;Mauá;SP;Juliana Martins;Spa dos pés;Estética;65.0;PIX;Concluído;Telefone
103543;2026-03-25;13:30;Flávia Mendes;11980000129;Mauá;SP;Camila Rodrigues;Coloração;Cabelos;152.0;Dinheiro;Concluído;WhatsApp
103544;2026-03-25;13:30;Natália Ribeiro;11980000424;São Caetano do Sul;SP;Fernanda Costa;Design de sobrancelhas;Sobrancelhas;45.0;Dinheiro;Concluído;Telefone
103545;2026-03-25;17:30;Amanda Mendes;11980000127;São Bernardo do Campo;SP;Juliana Martins;Manicure + Pedicure;Unhas;70.0;Cartão de débito;Concluído;WhatsApp
103546;2026-03-25;18:00;Elaine Gomes;11980000301;Mauá;SP;Fernanda Costa;Manicure + Pedicure;Unhas;70.0;PIX;Concluído;Presencial
103547;2026-03-26;09:00;Aline Barbosa;11980000056;São Caetano do Sul;SP;Juliana Martins;Manicure;Unhas;35.0;PIX;Concluído;Presencial
103548;2026-03-26;09:30;Luciana Carvalho;11980000337;Mauá;SP;Fernanda Costa;Design de sobrancelhas;Sobrancelhas;45.0;PIX;Concluído;Instagram
103549;2026-03-26;10:00;Monique Barbosa;11980000139;São Caetano do Sul;SP;Patrícia Alves;Alongamento de unhas;Unhas;150.0;Cartão de débito;Concluído;Presencial
103550;2026-03-26;10:00;Paula Souza;11980000283;São Paulo;SP;Bruna Oliveira;Alongamento de unhas;Unhas;135.0;Cartão de débito;Concluído;Instagram
103551;2026-03-26;10:30;Larissa Souza;11980000418;São Bernardo do Campo;SP;Mariana Silva;Manicure;Unhas;35.0;Cartão de débito;Concluído;Presencial
103552;2026-03-26;10:30;Tatiane Silva;11980000289;Santo André;SP;Bruna Oliveira;Manutenção de alongamento;Unhas;100.0;PIX;Concluído;Presencial
103553;2026-03-26;11:00;Carla Oliveira;11980000115;Santo André;SP;Camila Rodrigues;Manutenção de alongamento;Unhas;100.0;Dinheiro;Concluído;Presencial
103554;2026-03-26;11:00;Bianca Silva;11980000391;São Caetano do Sul;SP;Mariana Silva;Esmaltação em gel;Unhas;80.0;Cartão de crédito;Concluído;Telefone
103555;2026-03-26;11:00;Priscila Barbosa;11980000162;São Paulo;SP;Juliana Martins;Hidratação;Cabelos;90.25;PIX;Concluído;Telefone
103556;2026-03-26;13:00;Carla Barbosa;11980000053;Mauá;SP;Renata Souza;Manutenção de cílios;Cílios;90.0;PIX;Concluído;Instagram
103557;2026-03-26;13:30;Elaine Barbosa;11980000394;São Bernardo do Campo;SP;Fernanda Costa;Pedicure;Unhas;38.0;Cartão de débito;Concluído;Presencial
103558;2026-03-26;13:30;Marcela Vieira;11980000030;São Paulo;SP;Camila Rodrigues;Pedicure;Unhas;40.0;Dinheiro;Concluído;Instagram
103559;2026-03-26;14:30;Elaine Souza;11980000091;São Caetano do Sul;SP;Juliana Martins;Spa dos pés;Estética;65.0;Dinheiro;Concluído;Presencial
103560;2026-03-26;14:30;Monique Santos;11980000031;Diadema;SP;Juliana Martins;Pedicure;Unhas;0.0;Cartão de crédito;Cancelado;Instagram
103561;2026-03-26;14:30;Aline Gomes;11980000222;São Bernardo do Campo;SP;Patrícia Alves;Manutenção de cílios;Cílios;90.0;Dinheiro;Concluído;Telefone
103562;2026-03-26;15:30;Elaine Gomes;11980000335;Santo André;SP;Renata Souza;Manutenção de cílios;Cílios;90.0;Cartão de débito;Concluído;Telefone
103563;2026-03-26;17:00;Jéssica Gomes;11980000263;Santo André;SP;Juliana Martins;Escova;Cabelos;70.0;Cartão de crédito;Concluído;Instagram
103564;2026-03-26;17:30;Daniela Ribeiro;11980000182;Diadema;SP;Bruna Oliveira;Escova;Cabelos;70.0;Cartão de débito;Concluído;Instagram
103565;2026-03-26;18:00;Luciana Mendes;11980000146;São Caetano do Sul;SP;Larissa Santos;Manicure;Unhas;35.0;Cartão de crédito;Concluído;Presencial
103566;2026-03-27;09:00;Monique Lima;11980000449;São Bernardo do Campo;SP;Patrícia Alves;Esmaltação em gel;Unhas;80.0;Dinheiro;Concluído;Presencial
103567;2026-03-27;09:00;Gabriela Martins;11980000011;Santo André;SP;Juliana Martins;Manicure;Unhas;35.0;Cartão de débito;Concluído;Instagram
103568;2026-03-27;10:30;Flávia Lima;11980000089;Diadema;SP;Larissa Santos;Manutenção de cílios;Cílios;90.0;Cartão de débito;Concluído;Instagram
103569;2026-03-27;11:00;Amanda Mendes;11980000127;São Bernardo do Campo;SP;Fernanda Costa;Coloração;Cabelos;160.0;Cartão de débito;Concluído;Instagram
103570;2026-03-27;11:00;Bianca Ferreira;11980000225;São Paulo;SP;Juliana Martins;Esmaltação em gel;Unhas;76.0;Cartão de débito;Concluído;Instagram
103571;2026-03-27;11:00;Elaine Almeida;11980000110;Diadema;SP;Renata Souza;Alongamento de unhas;Unhas;150.0;PIX;Concluído;Telefone
103572;2026-03-27;11:30;Raquel Lima;11980000173;Santo André;SP;Mariana Silva;Manicure;Unhas;35.0;Cartão de crédito;Concluído;WhatsApp
103573;2026-03-27;13:30;Amanda Barbosa;11980000290;São Paulo;SP;Bruna Oliveira;Pedicure;Unhas;40.0;Dinheiro;Concluído;WhatsApp
103574;2026-03-27;14:00;Monique Santos;11980000031;Diadema;SP;Renata Souza;Manicure;Unhas;35.0;Dinheiro;Concluído;Presencial
103575;2026-03-27;14:00;Paula Almeida;11980000364;São Paulo;SP;Camila Rodrigues;Manutenção de cílios;Cílios;0.0;Cartão de débito;Não Compareceu;Presencial
103576;2026-03-27;15:30;Letícia Ferreira;11980000397;São Caetano do Sul;SP;Camila Rodrigues;Pedicure;Unhas;40.0;Cartão de crédito;Concluído;Telefone
103577;2026-03-27;15:30;Fernanda Ribeiro;11980000237;Diadema;SP;Renata Souza;Escova;Cabelos;70.0;Cartão de débito;Concluído;Presencial
103578;2026-03-27;15:30;Priscila Ribeiro;11980000178;São Paulo;SP;Mariana Silva;Design de sobrancelhas;Sobrancelhas;40.5;Cartão de crédito;Concluído;Telefone
103579;2026-03-27;15:30;Raquel Lima;11980000173;Santo André;SP;Fernanda Costa;Design de sobrancelhas;Sobrancelhas;42.75;Cartão de débito;Concluído;WhatsApp
103580;2026-03-27;15:30;Rafaela Lima;11980000441;Diadema;SP;Mariana Silva;Pedicure;Unhas;40.0;Dinheiro;Concluído;Presencial
103581;2026-03-27;17:00;Rafaela Souza;11980000280;São Caetano do Sul;SP;Bruna Oliveira;Manicure;Unhas;35.0;Cartão de débito;Concluído;Presencial
103582;2026-03-27;17:00;Patrícia Lima;11980000367;São Bernardo do Campo;SP;Juliana Martins;Design de sobrancelhas;Sobrancelhas;45.0;Cartão de débito;Concluído;Telefone
103583;2026-03-27;17:30;Priscila Barbosa;11980000219;Mauá;SP;Juliana Martins;Escova;Cabelos;70.0;Cartão de débito;Concluído;Telefone
103584;2026-03-27;17:30;Viviane Martins;11980000068;São Paulo;SP;Mariana Silva;Pedicure;Unhas;40.0;Dinheiro;Concluído;Telefone
103585;2026-03-27;18:00;Daniela Freitas;11980000025;Diadema;SP;Bruna Oliveira;Manicure;Unhas;0.0;Dinheiro;Cancelado;Telefone
103586;2026-03-28;09:00;Letícia Ribeiro;11980000270;São Caetano do Sul;SP;Patrícia Alves;Alongamento de unhas;Unhas;150.0;PIX;Concluído;Instagram
103587;2026-03-28;09:30;Cristiane Ferreira;11980000295;Diadema;SP;Juliana Martins;Manicure + Pedicure;Unhas;70.0;Dinheiro;Concluído;Instagram
103588;2026-03-28;11:00;Juliana Costa;11980000004;Santo André;SP;Patrícia Alves;Extensão de cílios;Cílios;180.0;Cartão de crédito;Concluído;Telefone
103589;2026-03-28;11:30;Cristiane Martins;11980000252;Santo André;SP;Larissa Santos;Escova;Cabelos;70.0;Cartão de crédito;Concluído;Telefone
103590;2026-03-28;11:30;Patrícia Pereira;11980000312;São Bernardo do Campo;SP;Bruna Oliveira;Manutenção de cílios;Cílios;90.0;Cartão de débito;Concluído;WhatsApp
103591;2026-03-28;11:30;Flávia Pereira;11980000348;Diadema;SP;Mariana Silva;Design de sobrancelhas;Sobrancelhas;45.0;Cartão de crédito;Concluído;Presencial
103592;2026-03-28;11:30;Letícia Fernandes;11980000015;São Caetano do Sul;SP;Larissa Santos;Manicure;Unhas;0.0;PIX;Cancelado;Telefone
103593;2026-03-28;13:00;Renata Souza;11980000229;São Bernardo do Campo;SP;Camila Rodrigues;Pedicure;Unhas;40.0;PIX;Concluído;WhatsApp
103594;2026-03-28;13:00;Monique Almeida;11980000093;São Paulo;SP;Camila Rodrigues;Design de sobrancelhas;Sobrancelhas;45.0;Dinheiro;Concluído;Telefone
103595;2026-03-28;13:30;Flávia Cardoso;11980000027;Diadema;SP;Larissa Santos;Design de sobrancelhas;Sobrancelhas;45.0;Cartão de crédito;Concluído;Instagram
103596;2026-03-28;14:00;Vanessa Rocha;11980000314;São Paulo;SP;Larissa Santos;Spa dos pés;Estética;0.0;Cartão de débito;Cancelado;Telefone
103597;2026-03-28;15:00;Priscila Ribeiro;11980000178;São Paulo;SP;Patrícia Alves;Pedicure;Unhas;40.0;PIX;Concluído;Instagram
103598;2026-03-28;15:00;Carla Martins;11980000265;Santo André;SP;Larissa Santos;Manicure + Pedicure;Unhas;0.0;PIX;Cancelado;Telefone
103599;2026-03-28;15:30;Jéssica Silva;11980000448;São Caetano do Sul;SP;Larissa Santos;Manicure;Unhas;31.5;PIX;Concluído;Telefone
103600;2026-03-28;16:00;Simone Silva;11980000201;Diadema;SP;Bruna Oliveira;Design de sobrancelhas;Sobrancelhas;45.0;Cartão de crédito;Concluído;Telefone
103601;2026-03-28;17:00;Flávia Cardoso;11980000027;Diadema;SP;Patrícia Alves;Design + Henna;Sobrancelhas;60.0;Cartão de débito;Concluído;WhatsApp
103602;2026-03-28;17:00;Débora Gomes;11980000310;São Paulo;SP;Fernanda Costa;Corte feminino;Cabelos;76.5;Cartão de crédito;Concluído;Telefone
103603;2026-03-28;17:00;Juliana Santos;11980000071;São Paulo;SP;Bruna Oliveira;Manicure;Unhas;35.0;PIX;Concluído;Telefone
103604;2026-03-28;17:00;Amanda Oliveira;11980000112;São Caetano do Sul;SP;Renata Souza;Escova;Cabelos;70.0;Cartão de crédito;Concluído;Instagram
103605;2026-03-28;18:00;Cristiane Martins;11980000039;São Bernardo do Campo;SP;Mariana Silva;Escova;Cabelos;70.0;Cartão de débito;Concluído;Telefone
103606;2026-03-30;09:30;Monique Barbosa;11980000139;São Caetano do Sul;SP;Larissa Santos;Manicure;Unhas;35.0;Cartão de crédito;Concluído;WhatsApp
103607;2026-03-30;11:00;Cristiane Dias;11980000024;Mauá;SP;Fernanda Costa;Corte feminino;Cabelos;85.0;Dinheiro;Concluído;Instagram
103608;2026-03-30;11:30;Jéssica Lima;11980000427;Mauá;SP;Renata Souza;Design + Henna;Sobrancelhas;54.0;Cartão de crédito;Concluído;Presencial
103609;2026-03-30;14:00;Natália Ribeiro;11980000358;Santo André;SP;Renata Souza;Manicure;Unhas;33.25;Cartão de crédito;Concluído;Presencial
103610;2026-03-30;14:00;Aline Barbosa;11980000183;São Caetano do Sul;SP;Patrícia Alves;Corte feminino;Cabelos;0.0;Dinheiro;Não Compareceu;WhatsApp
103611;2026-03-30;14:30;Fernanda Ferreira;11980000152;São Paulo;SP;Renata Souza;Hidratação;Cabelos;95.0;Dinheiro;Concluído;WhatsApp
103612;2026-03-30;14:30;Letícia Pereira;11980000189;Mauá;SP;Renata Souza;Manicure;Unhas;35.0;Dinheiro;Concluído;WhatsApp
103613;2026-03-30;15:00;Beatriz Santos;11980000298;São Caetano do Sul;SP;Camila Rodrigues;Hidratação;Cabelos;95.0;Cartão de crédito;Concluído;WhatsApp
103614;2026-03-30;15:00;Daniela Silva;11980000437;São Paulo;SP;Renata Souza;Manicure;Unhas;35.0;Cartão de débito;Concluído;WhatsApp
103615;2026-03-30;15:30;Monique Ribeiro;11980000227;Santo André;SP;Bruna Oliveira;Design de sobrancelhas;Sobrancelhas;45.0;Dinheiro;Concluído;WhatsApp
103616;2026-03-30;16:30;Juliana Santos;11980000385;Diadema;SP;Juliana Martins;Manicure;Unhas;31.5;Cartão de crédito;Concluído;Telefone
103617;2026-03-30;17:00;Natália Carvalho;11980000047;São Paulo;SP;Larissa Santos;Design de sobrancelhas;Sobrancelhas;45.0;Cartão de débito;Concluído;Presencial
103618;2026-03-30;17:30;Natália Oliveira;11980000061;Mauá;SP;Patrícia Alves;Manicure + Pedicure;Unhas;0.0;PIX;Não Compareceu;Instagram
103619;2026-03-31;09:30;Larissa Souza;11980000418;São Bernardo do Campo;SP;Camila Rodrigues;Manutenção de cílios;Cílios;90.0;PIX;Concluído;Presencial
103620;2026-03-31;10:30;Patrícia Ferreira;11980000008;São Bernardo do Campo;SP;Larissa Santos;Extensão de cílios;Cílios;180.0;Cartão de crédito;Concluído;WhatsApp
103621;2026-03-31;13:30;Débora Costa;11980000088;São Paulo;SP;Larissa Santos;Esmaltação em gel;Unhas;80.0;Cartão de débito;Concluído;Presencial
103622;2026-03-31;14:00;Beatriz Santos;11980000065;Mauá;SP;Mariana Silva;Manutenção de alongamento;Unhas;95.0;Dinheiro;Concluído;Presencial
103623;2026-03-31;14:00;Flávia Lima;11980000089;Diadema;SP;Bruna Oliveira;Pedicure;Unhas;40.0;Cartão de crédito;Concluído;Instagram
103624;2026-03-31;14:00;Renata Silva;11980000149;Santo André;SP;Fernanda Costa;Coloração;Cabelos;0.0;Cartão de débito;Cancelado;Presencial
103625;2026-03-31;14:00;Vanessa Lima;11980000233;Mauá;SP;Larissa Santos;Manicure;Unhas;35.0;Dinheiro;Concluído;Presencial
103626;2026-03-31;14:30;Simone Almeida;11980000184;Santo André;SP;Larissa Santos;Extensão de cílios;Cílios;180.0;Cartão de débito;Concluído;Telefone
103627;2026-03-31;16:00;Marcela Martins;11980000199;São Paulo;SP;Larissa Santos;Manicure;Unhas;35.0;Dinheiro;Concluído;WhatsApp
103628;2026-03-31;17:30;Cristiane Ferreira;11980000376;São Paulo;SP;Juliana Martins;Manutenção de cílios;Cílios;0.0;Cartão de débito;Não Compareceu;Instagram
103629;2026-03-31;18:00;Tatiane Pereira;11980000070;São Paulo;SP;Renata Souza;Extensão de cílios;Cílios;180.0;Cartão de crédito;Concluído;WhatsApp
103630;2026-03-31;18:00;Jéssica Lima;11980000427;Mauá;SP;Bruna Oliveira;Manutenção de alongamento;Unhas;100.0;Dinheiro;Concluído;Telefone
103631;2026-04-01;10:00;Bianca Ferreira;11980000132;São Paulo;SP;Renata Souza;Manicure;Unhas;31.5;Cartão de crédito;Concluído;Instagram
103632;2026-04-01;10:30;Sabrina Carvalho;11980000124;Mauá;SP;Camila Rodrigues;Hidratação;Cabelos;0.0;Cartão de débito;Cancelado;WhatsApp
103633;2026-04-01;14:00;Larissa Oliveira;11980000074;São Caetano do Sul;SP;Larissa Santos;Manicure + Pedicure;Unhas;70.0;PIX;Concluído;Telefone
103634;2026-04-01;14:00;Paula Barbosa;11980000331;Diadema;SP;Bruna Oliveira;Escova;Cabelos;70.0;Dinheiro;Concluído;Instagram
103635;2026-04-01;15:00;Marcela Santos;11980000206;São Paulo;SP;Mariana Silva;Pedicure;Unhas;40.0;Dinheiro;Concluído;Instagram
103636;2026-04-01;15:00;Elaine Gomes;11980000301;Mauá;SP;Bruna Oliveira;Manicure + Pedicure;Unhas;0.0;PIX;Cancelado;Presencial
103637;2026-04-01;15:30;Patrícia Pereira;11980000312;São Bernardo do Campo;SP;Larissa Santos;Corte feminino;Cabelos;85.0;Cartão de crédito;Concluído;Presencial
103638;2026-04-01;16:00;Bruna Carvalho;11980000357;Mauá;SP;Fernanda Costa;Manicure + Pedicure;Unhas;70.0;PIX;Concluído;Presencial
103639;2026-04-01;16:00;Fernanda Gomes;11980000191;São Paulo;SP;Larissa Santos;Extensão de cílios;Cílios;180.0;Cartão de débito;Concluído;Presencial
103640;2026-04-01;16:30;Beatriz Almeida;11980000157;São Caetano do Sul;SP;Bruna Oliveira;Hidratação;Cabelos;95.0;PIX;Concluído;WhatsApp
103641;2026-04-01;16:30;Beatriz Barbosa;11980000179;São Bernardo do Campo;SP;Bruna Oliveira;Coloração;Cabelos;0.0;Cartão de crédito;Não Compareceu;Instagram
103642;2026-04-01;17:00;Simone Mendes;11980000293;São Caetano do Sul;SP;Renata Souza;Design + Henna;Sobrancelhas;60.0;PIX;Concluído;Telefone
103643;2026-04-01;17:30;Camila Costa;11980000190;São Paulo;SP;Larissa Santos;Design + Henna;Sobrancelhas;0.0;Dinheiro;Cancelado;Presencial
103644;2026-04-01;18:00;Cristiane Dias;11980000024;Mauá;SP;Mariana Silva;Manicure;Unhas;33.25;Cartão de débito;Concluído;Instagram
103645;2026-04-01;18:00;Priscila Martins;11980000187;Santo André;SP;Camila Rodrigues;Manicure + Pedicure;Unhas;70.0;Cartão de crédito;Concluído;Presencial
103646;2026-04-02;09:00;Bruna Oliveira;11980000404;São Caetano do Sul;SP;Renata Souza;Manicure;Unhas;35.0;PIX;Concluído;Instagram
103647;2026-04-02;09:00;Elaine Moura;11980000026;São Bernardo do Campo;SP;Larissa Santos;Manicure + Pedicure;Unhas;70.0;Cartão de crédito;Concluído;Instagram
103648;2026-04-02;09:30;Viviane Martins;11980000068;São Paulo;SP;Larissa Santos;Escova;Cabelos;66.5;Cartão de débito;Concluído;Instagram
103649;2026-04-02;09:30;Juliana Souza;11980000426;São Paulo;SP;Renata Souza;Design + Henna;Sobrancelhas;60.0;Dinheiro;Concluído;Telefone
103650;2026-04-02;10:30;Raquel Carvalho;11980000168;Santo André;SP;Bruna Oliveira;Corte feminino;Cabelos;85.0;PIX;Concluído;Presencial
103651;2026-04-02;11:00;Monique Rocha;11980000350;São Caetano do Sul;SP;Renata Souza;Design de sobrancelhas;Sobrancelhas;45.0;Cartão de crédito;Concluído;WhatsApp
103652;2026-04-02;11:30;Bruna Ferreira;11980000148;Santo André;SP;Larissa Santos;Corte feminino;Cabelos;85.0;Dinheiro;Concluído;Telefone
103653;2026-04-02;13:30;Bianca Santos;11980000066;São Bernardo do Campo;SP;Larissa Santos;Manicure + Pedicure;Unhas;70.0;Cartão de débito;Concluído;WhatsApp
103654;2026-04-02;13:30;Letícia Lima;11980000209;São Bernardo do Campo;SP;Renata Souza;Design de sobrancelhas;Sobrancelhas;45.0;Cartão de débito;Concluído;Instagram
103655;2026-04-02;13:30;Patrícia Oliveira;11980000121;São Caetano do Sul;SP;Mariana Silva;Extensão de cílios;Cílios;0.0;Cartão de crédito;Cancelado;Presencial
103656;2026-04-02;14:00;Elaine Silva;11980000327;São Caetano do Sul;SP;Juliana Martins;Design de sobrancelhas;Sobrancelhas;45.0;Dinheiro;Concluído;Telefone
103657;2026-04-02;14:30;Luciana Gomes;11980000304;São Caetano do Sul;SP;Renata Souza;Alongamento de unhas;Unhas;142.5;Cartão de débito;Concluído;Presencial
103658;2026-04-02;14:30;Bianca Rocha;11980000082;São Paulo;SP;Camila Rodrigues;Manicure;Unhas;35.0;Cartão de crédito;Concluído;Telefone
103659;2026-04-02;14:30;Simone Martins;11980000067;Mauá;SP;Fernanda Costa;Hidratação;Cabelos;95.0;Dinheiro;Concluído;Instagram
103660;2026-04-02;15:30;Jéssica Lima;11980000427;Mauá;SP;Patrícia Alves;Coloração;Cabelos;160.0;PIX;Concluído;Telefone
103661;2026-04-02;15:30;Beatriz Ribeiro;11980000244;Diadema;SP;Renata Souza;Esmaltação em gel;Unhas;80.0;Dinheiro;Concluído;Presencial
103662;2026-04-02;17:00;Larissa Souza;11980000095;Santo André;SP;Camila Rodrigues;Escova;Cabelos;70.0;Cartão de débito;Concluído;Telefone
103663;2026-04-02;17:00;Renata Oliveira;11980000429;São Bernardo do Campo;SP;Camila Rodrigues;Pedicure;Unhas;40.0;Cartão de crédito;Concluído;Telefone
103664;2026-04-02;17:00;Viviane Rocha;11980000259;São Caetano do Sul;SP;Patrícia Alves;Hidratação;Cabelos;95.0;Cartão de crédito;Concluído;WhatsApp
103665;2026-04-02;17:30;Viviane Ferreira;11980000142;Mauá;SP;Camila Rodrigues;Pedicure;Unhas;40.0;Cartão de débito;Concluído;Telefone
103666;2026-04-02;17:30;Cristiane Gomes;11980000303;Diadema;SP;Larissa Santos;Pedicure;Unhas;40.0;PIX;Concluído;WhatsApp
103667;2026-04-03;10:00;Larissa Souza;11980000095;Santo André;SP;Larissa Santos;Manicure;Unhas;35.0;Dinheiro;Concluído;Instagram
103668;2026-04-03;11:00;Carla Mendes;11980000005;Mauá;SP;Patrícia Alves;Pedicure;Unhas;40.0;Cartão de débito;Concluído;Presencial
103669;2026-04-03;11:30;Patrícia Ribeiro;11980000044;São Bernardo do Campo;SP;Juliana Martins;Alongamento de unhas;Unhas;0.0;PIX;Não Compareceu;Presencial
103670;2026-04-03;13:00;Vanessa Mendes;11980000343;Santo André;SP;Larissa Santos;Manicure;Unhas;35.0;Cartão de débito;Concluído;WhatsApp
103671;2026-04-03;13:00;Natália Carvalho;11980000063;Diadema;SP;Camila Rodrigues;Design de sobrancelhas;Sobrancelhas;45.0;Cartão de crédito;Concluído;Instagram
103672;2026-04-03;13:00;Elaine Gomes;11980000301;Mauá;SP;Mariana Silva;Escova;Cabelos;70.0;Cartão de crédito;Concluído;Presencial
103673;2026-04-03;13:00;Renata Silva;11980000149;Santo André;SP;Fernanda Costa;Escova;Cabelos;66.5;Cartão de débito;Concluído;Telefone
103674;2026-04-03;14:00;Carla Oliveira;11980000384;Diadema;SP;Bruna Oliveira;Design de sobrancelhas;Sobrancelhas;45.0;PIX;Concluído;Presencial
103675;2026-04-03;14:30;Amanda Carvalho;11980000212;Santo André;SP;Camila Rodrigues;Manicure + Pedicure;Unhas;70.0;Dinheiro;Concluído;WhatsApp
103676;2026-04-03;15:00;Paula Barbosa;11980000331;Diadema;SP;Larissa Santos;Corte feminino;Cabelos;85.0;Cartão de débito;Concluído;WhatsApp
103677;2026-04-03;15:30;Vanessa Almeida;11980000311;São Paulo;SP;Patrícia Alves;Pedicure;Unhas;40.0;Cartão de débito;Concluído;Instagram
103678;2026-04-03;16:00;Rafaela Barbosa;11980000381;Santo André;SP;Mariana Silva;Pedicure;Unhas;40.0;Cartão de débito;Concluído;WhatsApp
103679;2026-04-03;16:00;Simone Ferreira;11980000202;Mauá;SP;Fernanda Costa;Hidratação;Cabelos;95.0;Cartão de débito;Concluído;Instagram
103680;2026-04-03;16:30;Bianca Lopes;11980000023;Diadema;SP;Camila Rodrigues;Corte feminino;Cabelos;85.0;Cartão de crédito;Concluído;Presencial
103681;2026-04-03;16:30;Jéssica Santos;11980000297;Diadema;SP;Bruna Oliveira;Manicure + Pedicure;Unhas;70.0;Cartão de crédito;Concluído;Presencial
103682;2026-04-03;17:00;Paula Martins;11980000323;São Paulo;SP;Patrícia Alves;Pedicure;Unhas;40.0;Cartão de crédito;Concluído;Presencial
103683;2026-04-03;17:00;Isabela Ribeiro;11980000377;São Paulo;SP;Renata Souza;Manicure + Pedicure;Unhas;70.0;Cartão de crédito;Concluído;WhatsApp
103684;2026-04-03;18:00;Juliana Martins;11980000333;Diadema;SP;Bruna Oliveira;Escova;Cabelos;70.0;PIX;Concluído;Presencial
103685;2026-04-03;18:00;Elaine Silva;11980000261;Mauá;SP;Camila Rodrigues;Escova;Cabelos;66.5;Dinheiro;Concluído;Telefone
103686;2026-04-04;10:00;Juliana Costa;11980000004;Santo André;SP;Camila Rodrigues;Extensão de cílios;Cílios;0.0;Dinheiro;Cancelado;Telefone
103687;2026-04-04;11:00;Elaine Gomes;11980000195;Santo André;SP;Patrícia Alves;Pedicure;Unhas;40.0;Cartão de crédito;Concluído;Telefone
103688;2026-04-04;11:00;Monique Almeida;11980000093;São Paulo;SP;Camila Rodrigues;Manicure;Unhas;35.0;PIX;Concluído;Instagram
103689;2026-04-04;11:30;Elaine Barbosa;11980000394;São Bernardo do Campo;SP;Camila Rodrigues;Design de sobrancelhas;Sobrancelhas;45.0;Dinheiro;Concluído;Instagram
103690;2026-04-04;11:30;Amanda Souza;11980000368;São Paulo;SP;Bruna Oliveira;Corte feminino;Cabelos;85.0;PIX;Concluído;Telefone
103691;2026-04-04;11:30;Raquel Gomes;11980000432;Santo André;SP;Renata Souza;Escova;Cabelos;0.0;Cartão de débito;Cancelado;Instagram
103692;2026-04-04;13:00;Monique Silva;11980000279;São Paulo;SP;Camila Rodrigues;Manicure;Unhas;35.0;Dinheiro;Concluído;Instagram
103693;2026-04-04;13:30;Patrícia Almeida;11980000118;São Caetano do Sul;SP;Fernanda Costa;Manicure + Pedicure;Unhas;66.5;Cartão de crédito;Concluído;Instagram
103694;2026-04-04;13:30;Débora Barbosa;11980000092;Diadema;SP;Fernanda Costa;Extensão de cílios;Cílios;180.0;Cartão de débito;Concluído;Presencial
103695;2026-04-04;13:30;Letícia Gomes;11980000240;Santo André;SP;Patrícia Alves;Pedicure;Unhas;38.0;Cartão de débito;Concluído;Presencial
103696;2026-04-04;13:30;Patrícia Pereira;11980000312;São Bernardo do Campo;SP;Fernanda Costa;Extensão de cílios;Cílios;180.0;PIX;Concluído;Telefone
103697;2026-04-04;14:00;Marcela Gomes;11980000316;São Bernardo do Campo;SP;Patrícia Alves;Manicure + Pedicure;Unhas;66.5;Cartão de débito;Concluído;Instagram
103698;2026-04-04;14:30;Elaine Moura;11980000026;São Bernardo do Campo;SP;Larissa Santos;Esmaltação em gel;Unhas;72.0;Dinheiro;Concluído;Presencial
103699;2026-04-04;14:30;Paula Barbosa;11980000161;Santo André;SP;Fernanda Costa;Extensão de cílios;Cílios;180.0;PIX;Concluído;WhatsApp
103700;2026-04-04;14:30;Bianca Souza;11980000276;Diadema;SP;Renata Souza;Design + Henna;Sobrancelhas;60.0;Dinheiro;Concluído;WhatsApp
103701;2026-04-04;15:00;Isabela Rocha;11980000014;Santo André;SP;Larissa Santos;Escova;Cabelos;66.5;PIX;Concluído;Presencial
103702;2026-04-04;15:30;Daniela Ferreira;11980000108;Mauá;SP;Bruna Oliveira;Esmaltação em gel;Unhas;80.0;PIX;Concluído;Telefone
103703;2026-04-04;15:30;Beatriz Barbosa;11980000214;Mauá;SP;Bruna Oliveira;Manicure;Unhas;35.0;Cartão de débito;Concluído;Presencial
103704;2026-04-04;16:00;Sabrina Souza;11980000038;Mauá;SP;Renata Souza;Pedicure;Unhas;40.0;Cartão de crédito;Concluído;Telefone
103705;2026-04-04;16:00;Débora Barbosa;11980000092;Diadema;SP;Renata Souza;Pedicure;Unhas;40.0;PIX;Concluído;Instagram
103706;2026-04-04;16:30;Jéssica Santos;11980000297;Diadema;SP;Patrícia Alves;Manicure + Pedicure;Unhas;70.0;Dinheiro;Concluído;Presencial
103707;2026-04-04;16:30;Juliana Silva;11980000349;Mauá;SP;Mariana Silva;Manicure;Unhas;35.0;Cartão de débito;Concluído;WhatsApp
103708;2026-04-04;17:00;Daniela Ferreira;11980000435;São Bernardo do Campo;SP;Renata Souza;Manicure;Unhas;35.0;Cartão de débito;Concluído;WhatsApp
103709;2026-04-04;17:30;Patrícia Lima;11980000367;São Bernardo do Campo;SP;Larissa Santos;Manicure;Unhas;33.25;Cartão de crédito;Concluído;Telefone
103710;2026-04-04;17:30;Paula Barbosa;11980000331;Diadema;SP;Renata Souza;Esmaltação em gel;Unhas;80.0;Cartão de crédito;Concluído;WhatsApp
103711;2026-04-04;18:00;Viviane Ribeiro;11980000045;Mauá;SP;Camila Rodrigues;Spa dos pés;Estética;65.0;Dinheiro;Concluído;Presencial
103712;2026-04-04;18:00;Jéssica Martins;11980000028;Mauá;SP;Camila Rodrigues;Design de sobrancelhas;Sobrancelhas;45.0;Cartão de crédito;Concluído;WhatsApp
103713;2026-04-04;18:00;Bianca Ferreira;11980000132;São Paulo;SP;Renata Souza;Escova;Cabelos;70.0;Dinheiro;Concluído;WhatsApp
103714;2026-04-06;09:00;Letícia Gomes;11980000240;Santo André;SP;Bruna Oliveira;Manutenção de cílios;Cílios;90.0;PIX;Concluído;Presencial
103715;2026-04-06;09:30;Simone Ferreira;11980000202;Mauá;SP;Fernanda Costa;Design + Henna;Sobrancelhas;60.0;Cartão de crédito;Concluído;WhatsApp
103716;2026-04-06;09:30;Camila Oliveira;11980000224;Mauá;SP;Larissa Santos;Design de sobrancelhas;Sobrancelhas;40.5;Cartão de crédito;Concluído;Presencial
103717;2026-04-06;10:00;Beatriz Silva;11980000439;Santo André;SP;Larissa Santos;Escova;Cabelos;70.0;Dinheiro;Concluído;Telefone
103718;2026-04-06;10:00;Aline Barbosa;11980000056;São Caetano do Sul;SP;Juliana Martins;Manutenção de cílios;Cílios;90.0;Cartão de débito;Concluído;Instagram
103719;2026-04-06;10:00;Rafaela Mendes;11980000156;São Caetano do Sul;SP;Camila Rodrigues;Alongamento de unhas;Unhas;150.0;Dinheiro;Concluído;Telefone
103720;2026-04-06;10:00;Daniela Barbosa;11980000253;Mauá;SP;Camila Rodrigues;Manicure;Unhas;35.0;PIX;Concluído;Presencial
103721;2026-04-06;10:30;Sabrina Ferreira;11980000281;Santo André;SP;Patrícia Alves;Design de sobrancelhas;Sobrancelhas;45.0;Cartão de crédito;Concluído;Telefone
103722;2026-04-06;15:00;Letícia Fernandes;11980000015;São Caetano do Sul;SP;Larissa Santos;Manicure + Pedicure;Unhas;70.0;Cartão de débito;Concluído;Instagram
103723;2026-04-06;15:00;Flávia Santos;11980000315;São Bernardo do Campo;SP;Fernanda Costa;Manicure;Unhas;35.0;PIX;Concluído;WhatsApp
103724;2026-04-06;16:30;Jéssica Silva;11980000448;São Caetano do Sul;SP;Fernanda Costa;Manutenção de cílios;Cílios;90.0;PIX;Concluído;WhatsApp
103725;2026-04-06;17:00;Patrícia Ribeiro;11980000044;São Bernardo do Campo;SP;Larissa Santos;Corte feminino;Cabelos;85.0;Dinheiro;Concluído;Instagram
103726;2026-04-06;17:30;Sabrina Ferreira;11980000281;Santo André;SP;Fernanda Costa;Alongamento de unhas;Unhas;150.0;Cartão de crédito;Concluído;Telefone
103727;2026-04-06;18:00;Simone Oliveira;11980000416;Mauá;SP;Larissa Santos;Design de sobrancelhas;Sobrancelhas;45.0;Cartão de crédito;Concluído;WhatsApp
103728;2026-04-07;09:00;Fernanda Santos;11980000425;Diadema;SP;Camila Rodrigues;Manutenção de alongamento;Unhas;100.0;Cartão de débito;Concluído;WhatsApp
103729;2026-04-07;09:00;Elaine Souza;11980000111;Santo André;SP;Mariana Silva;Extensão de cílios;Cílios;180.0;Cartão de débito;Concluído;Instagram
103730;2026-04-07;09:00;Simone Martins;11980000067;Mauá;SP;Fernanda Costa;Design de sobrancelhas;Sobrancelhas;45.0;PIX;Concluído;WhatsApp
103731;2026-04-07;10:00;Elaine Santos;11980000231;São Bernardo do Campo;SP;Bruna Oliveira;Manicure + Pedicure;Unhas;0.0;Dinheiro;Cancelado;Presencial
103732;2026-04-07;10:30;Amanda Mendes;11980000127;São Bernardo do Campo;SP;Juliana Martins;Design de sobrancelhas;Sobrancelhas;42.75;Cartão de débito;Concluído;Telefone
103733;2026-04-07;11:00;Letícia Souza;11980000389;Santo André;SP;Camila Rodrigues;Manicure;Unhas;35.0;PIX;Concluído;Telefone
103734;2026-04-07;11:30;Patrícia Almeida;11980000118;São Caetano do Sul;SP;Fernanda Costa;Manutenção de alongamento;Unhas;100.0;Cartão de crédito;Concluído;Instagram
103735;2026-04-07;13:00;Cristiane Ferreira;11980000295;Diadema;SP;Bruna Oliveira;Design + Henna;Sobrancelhas;60.0;Cartão de débito;Concluído;Telefone
103736;2026-04-07;15:30;Elaine Martins;11980000374;São Paulo;SP;Patrícia Alves;Manicure;Unhas;35.0;Cartão de crédito;Concluído;Presencial
103737;2026-04-07;16:00;Natália Ribeiro;11980000358;Santo André;SP;Bruna Oliveira;Esmaltação em gel;Unhas;76.0;Dinheiro;Concluído;Telefone
103738;2026-04-07;17:00;Patrícia Martins;11980000274;Santo André;SP;Fernanda Costa;Pedicure;Unhas;40.0;Cartão de crédito;Concluído;Presencial
103739;2026-04-07;18:00;Viviane Silva;11980000402;Diadema;SP;Renata Souza;Manicure + Pedicure;Unhas;63.0;Dinheiro;Concluído;Instagram
103740;2026-04-08;09:30;Jéssica Carvalho;11980000185;Diadema;SP;Renata Souza;Escova;Cabelos;70.0;PIX;Concluído;WhatsApp
103741;2026-04-08;10:00;Vanessa Lima;11980000245;São Bernardo do Campo;SP;Fernanda Costa;Pedicure;Unhas;40.0;Cartão de débito;Concluído;Telefone
103742;2026-04-08;10:30;Paula Martins;11980000323;São Paulo;SP;Patrícia Alves;Manicure;Unhas;35.0;Cartão de crédito;Concluído;WhatsApp
103743;2026-04-08;11:00;Aline Barbosa;11980000056;São Caetano do Sul;SP;Patrícia Alves;Manicure + Pedicure;Unhas;70.0;Cartão de crédito;Concluído;WhatsApp
103744;2026-04-08;11:30;Daniela Freitas;11980000025;Diadema;SP;Mariana Silva;Coloração;Cabelos;144.0;Cartão de crédito;Concluído;WhatsApp
103745;2026-04-08;11:30;Monique Costa;11980000140;Santo André;SP;Larissa Santos;Design + Henna;Sobrancelhas;60.0;Dinheiro;Concluído;Presencial
103746;2026-04-08;13:00;Flávia Lima;11980000089;Diadema;SP;Fernanda Costa;Manutenção de alongamento;Unhas;100.0;Dinheiro;Concluído;WhatsApp
103747;2026-04-08;13:30;Gabriela Barbosa;11980000243;São Paulo;SP;Renata Souza;Manicure + Pedicure;Unhas;66.5;Cartão de débito;Concluído;Presencial
103748;2026-04-08;14:00;Camila Carvalho;11980000218;Mauá;SP;Juliana Martins;Escova;Cabelos;70.0;Cartão de débito;Concluído;WhatsApp
103749;2026-04-08;14:00;Rafaela Santos;11980000040;São Paulo;SP;Juliana Martins;Manutenção de alongamento;Unhas;100.0;Cartão de débito;Concluído;Telefone
103750;2026-04-08;14:30;Monique Lima;11980000410;São Bernardo do Campo;SP;Juliana Martins;Manutenção de cílios;Cílios;85.5;Cartão de débito;Concluído;WhatsApp
103751;2026-04-08;14:30;Patrícia Martins;11980000274;Santo André;SP;Bruna Oliveira;Corte feminino;Cabelos;76.5;PIX;Concluído;WhatsApp
103752;2026-04-08;15:30;Tatiane Costa;11980000194;Diadema;SP;Renata Souza;Esmaltação em gel;Unhas;80.0;PIX;Concluído;Presencial
103753;2026-04-08;16:00;Débora Ribeiro;11980000371;Santo André;SP;Juliana Martins;Manicure;Unhas;0.0;Cartão de crédito;Não Compareceu;Presencial
103754;2026-04-08;16:30;Viviane Martins;11980000068;São Paulo;SP;Renata Souza;Design de sobrancelhas;Sobrancelhas;45.0;Dinheiro;Concluído;Instagram
103755;2026-04-08;16:30;Priscila Pereira;11980000353;São Paulo;SP;Mariana Silva;Pedicure;Unhas;40.0;Cartão de crédito;Concluído;Presencial
103756;2026-04-08;16:30;Camila Mendes;11980000138;Santo André;SP;Bruna Oliveira;Manicure;Unhas;35.0;Dinheiro;Concluído;WhatsApp
103757;2026-04-08;17:00;Tatiane Santos;11980000094;São Bernardo do Campo;SP;Renata Souza;Pedicure;Unhas;40.0;Cartão de débito;Concluído;Telefone
103758;2026-04-08;17:00;Tatiane Costa;11980000194;Diadema;SP;Bruna Oliveira;Pedicure;Unhas;38.0;PIX;Concluído;Instagram
103759;2026-04-08;17:30;Vanessa Carvalho;11980000409;São Caetano do Sul;SP;Renata Souza;Hidratação;Cabelos;90.25;Cartão de crédito;Concluído;Instagram
103760;2026-04-08;17:30;Monique Lima;11980000410;São Bernardo do Campo;SP;Juliana Martins;Esmaltação em gel;Unhas;80.0;PIX;Concluído;WhatsApp
103761;2026-04-09;09:30;Viviane Rocha;11980000259;São Caetano do Sul;SP;Fernanda Costa;Pedicure;Unhas;40.0;Cartão de débito;Concluído;Telefone
103762;2026-04-09;09:30;Mariana Rocha;11980000383;São Caetano do Sul;SP;Fernanda Costa;Manicure;Unhas;35.0;Dinheiro;Concluído;Presencial
103763;2026-04-09;10:30;Débora Gomes;11980000310;São Paulo;SP;Fernanda Costa;Manutenção de cílios;Cílios;90.0;Cartão de débito;Concluído;Instagram
103764;2026-04-09;11:30;Natália Barbosa;11980000328;Santo André;SP;Patrícia Alves;Manicure;Unhas;33.25;Dinheiro;Concluído;Telefone
103765;2026-04-09;11:30;Simone Silva;11980000035;São Paulo;SP;Mariana Silva;Design de sobrancelhas;Sobrancelhas;45.0;Cartão de débito;Concluído;Telefone
103766;2026-04-09;15:00;Luciana Gomes;11980000304;São Caetano do Sul;SP;Renata Souza;Manicure;Unhas;35.0;Dinheiro;Concluído;Instagram
103767;2026-04-09;16:30;Juliana Santos;11980000234;São Caetano do Sul;SP;Mariana Silva;Design + Henna;Sobrancelhas;60.0;Dinheiro;Concluído;Instagram
103768;2026-04-09;17:30;Simone Ferreira;11980000390;Mauá;SP;Camila Rodrigues;Pedicure;Unhas;40.0;Dinheiro;Concluído;Instagram
103769;2026-04-09;17:30;Tatiane Pereira;11980000070;São Paulo;SP;Fernanda Costa;Alongamento de unhas;Unhas;150.0;Dinheiro;Concluído;Presencial
103770;2026-04-09;17:30;Fernanda Martins;11980000200;Diadema;SP;Larissa Santos;Manutenção de alongamento;Unhas;100.0;PIX;Concluído;Instagram
103771;2026-04-10;09:00;Juliana Costa;11980000317;Mauá;SP;Bruna Oliveira;Manutenção de alongamento;Unhas;100.0;Dinheiro;Concluído;Telefone
103772;2026-04-10;09:30;Camila Mendes;11980000138;Santo André;SP;Camila Rodrigues;Manutenção de alongamento;Unhas;100.0;PIX;Concluído;WhatsApp
103773;2026-04-10;09:30;Monique Mendes;11980000419;Santo André;SP;Fernanda Costa;Alongamento de unhas;Unhas;150.0;Dinheiro;Concluído;Instagram
103774;2026-04-10;09:30;Cristiane Lima;11980000338;Mauá;SP;Renata Souza;Extensão de cílios;Cílios;180.0;PIX;Concluído;Presencial
103775;2026-04-10;09:30;Viviane Ribeiro;11980000045;Mauá;SP;Renata Souza;Manutenção de alongamento;Unhas;100.0;PIX;Concluído;Instagram
103776;2026-04-10;09:30;Daniela Ferreira;11980000108;Mauá;SP;Bruna Oliveira;Esmaltação em gel;Unhas;80.0;Cartão de crédito;Concluído;Telefone
103777;2026-04-10;10:00;Vanessa Carvalho;11980000409;São Caetano do Sul;SP;Patrícia Alves;Manicure;Unhas;35.0;Cartão de crédito;Concluído;Instagram
103778;2026-04-10;10:30;Débora Santos;11980000104;São Bernardo do Campo;SP;Mariana Silva;Manutenção de cílios;Cílios;90.0;PIX;Concluído;Instagram
103779;2026-04-10;11:00;Cristiane Carvalho;11980000287;São Paulo;SP;Mariana Silva;Manutenção de cílios;Cílios;90.0;Cartão de crédito;Concluído;Telefone
103780;2026-04-10;11:00;Letícia Ribeiro;11980000270;São Caetano do Sul;SP;Larissa Santos;Pedicure;Unhas;38.0;Dinheiro;Concluído;Instagram
103781;2026-04-10;11:30;Daniela Silva;11980000437;São Paulo;SP;Patrícia Alves;Escova;Cabelos;70.0;Dinheiro;Concluído;Instagram
103782;2026-04-10;13:30;Daniela Freitas;11980000025;Diadema;SP;Renata Souza;Pedicure;Unhas;40.0;Cartão de débito;Concluído;WhatsApp
103783;2026-04-10;13:30;Viviane Ferreira;11980000073;Mauá;SP;Camila Rodrigues;Alongamento de unhas;Unhas;150.0;Dinheiro;Concluído;Presencial
103784;2026-04-10;14:30;Elaine Gomes;11980000195;Santo André;SP;Fernanda Costa;Escova;Cabelos;66.5;PIX;Concluído;Instagram
103785;2026-04-10;14:30;Rafaela Souza;11980000438;São Caetano do Sul;SP;Fernanda Costa;Manicure + Pedicure;Unhas;63.0;Cartão de débito;Concluído;Instagram
103786;2026-04-10;15:00;Paula Martins;11980000165;Mauá;SP;Bruna Oliveira;Alongamento de unhas;Unhas;150.0;Cartão de débito;Concluído;Presencial
103787;2026-04-10;15:00;Débora Lima;11980000396;São Bernardo do Campo;SP;Larissa Santos;Manutenção de cílios;Cílios;90.0;Dinheiro;Concluído;Presencial
103788;2026-04-10;15:00;Monique Rocha;11980000350;São Caetano do Sul;SP;Mariana Silva;Manutenção de cílios;Cílios;90.0;Cartão de crédito;Concluído;Telefone
103789;2026-04-10;15:00;Bianca Santos;11980000066;São Bernardo do Campo;SP;Fernanda Costa;Manicure;Unhas;35.0;Cartão de débito;Concluído;Telefone
103790;2026-04-10;16:30;Carla Lima;11980000122;Santo André;SP;Mariana Silva;Spa dos pés;Estética;65.0;Cartão de crédito;Concluído;Presencial
103791;2026-04-10;16:30;Patrícia Santos;11980000213;Diadema;SP;Larissa Santos;Manutenção de cílios;Cílios;90.0;Dinheiro;Concluído;Presencial
103792;2026-04-10;16:30;Beatriz Barbosa;11980000214;Mauá;SP;Juliana Martins;Manicure + Pedicure;Unhas;70.0;PIX;Concluído;Telefone
103793;2026-04-10;17:00;Cristiane Barbosa;11980000123;São Paulo;SP;Bruna Oliveira;Manicure + Pedicure;Unhas;70.0;Cartão de débito;Concluído;Telefone
103794;2026-04-10;17:30;Viviane Lima;11980000036;Mauá;SP;Renata Souza;Design + Henna;Sobrancelhas;60.0;Cartão de crédito;Concluído;Telefone
103795;2026-04-10;18:00;Juliana Costa;11980000317;Mauá;SP;Camila Rodrigues;Pedicure;Unhas;40.0;Cartão de débito;Concluído;Telefone
103796;2026-04-11;09:00;Bianca Lopes;11980000023;Diadema;SP;Patrícia Alves;Corte feminino;Cabelos;85.0;Cartão de débito;Concluído;Presencial
103797;2026-04-11;09:30;Fernanda Gomes;11980000191;São Paulo;SP;Renata Souza;Pedicure;Unhas;40.0;Cartão de crédito;Concluído;Instagram
103798;2026-04-11;09:30;Simone Mendes;11980000293;São Caetano do Sul;SP;Bruna Oliveira;Corte feminino;Cabelos;85.0;Dinheiro;Concluído;Telefone
103799;2026-04-11;10:00;Paula Rocha;11980000097;São Bernardo do Campo;SP;Juliana Martins;Pedicure;Unhas;40.0;Cartão de débito;Concluído;WhatsApp
103800;2026-04-11;10:30;Paula Barbosa;11980000161;Santo André;SP;Juliana Martins;Extensão de cílios;Cílios;180.0;PIX;Concluído;Telefone
103801;2026-04-11;10:30;Beatriz Almeida;11980000157;São Caetano do Sul;SP;Larissa Santos;Manutenção de alongamento;Unhas;0.0;Dinheiro;Cancelado;Telefone
103802;2026-04-11;10:30;Patrícia Ferreira;11980000008;São Bernardo do Campo;SP;Bruna Oliveira;Manutenção de alongamento;Unhas;100.0;PIX;Concluído;Telefone
103803;2026-04-11;11:00;Paula Ferreira;11980000203;São Caetano do Sul;SP;Bruna Oliveira;Manicure;Unhas;35.0;Cartão de crédito;Concluído;Presencial
103804;2026-04-11;11:00;Camila Costa;11980000190;São Paulo;SP;Patrícia Alves;Manicure + Pedicure;Unhas;0.0;Dinheiro;Não Compareceu;Presencial
103805;2026-04-11;11:30;Paula Oliveira;11980000177;Mauá;SP;Patrícia Alves;Design + Henna;Sobrancelhas;60.0;Cartão de débito;Concluído;Instagram
103806;2026-04-11;13:30;Raquel Carvalho;11980000193;São Bernardo do Campo;SP;Larissa Santos;Corte feminino;Cabelos;85.0;Cartão de crédito;Concluído;Telefone
103807;2026-04-11;14:00;Bianca Ribeiro;11980000288;São Paulo;SP;Renata Souza;Manutenção de cílios;Cílios;90.0;Dinheiro;Concluído;Presencial
103808;2026-04-11;14:00;Simone Santos;11980000320;Mauá;SP;Juliana Martins;Manutenção de cílios;Cílios;90.0;Dinheiro;Concluído;Telefone
103809;2026-04-11;14:00;Letícia Silva;11980000411;Santo André;SP;Juliana Martins;Alongamento de unhas;Unhas;142.5;Cartão de débito;Concluído;Presencial
103810;2026-04-11;14:00;Patrícia Santos;11980000213;Diadema;SP;Renata Souza;Pedicure;Unhas;40.0;PIX;Concluído;Telefone
103811;2026-04-11;14:30;Camila Santos;11980000291;São Paulo;SP;Larissa Santos;Escova;Cabelos;70.0;Dinheiro;Concluído;Telefone
103812;2026-04-11;14:30;Renata Souza;11980000128;Mauá;SP;Camila Rodrigues;Pedicure;Unhas;38.0;Cartão de débito;Concluído;Instagram
103813;2026-04-11;14:30;Isabela Rocha;11980000055;Santo André;SP;Bruna Oliveira;Manicure;Unhas;35.0;Dinheiro;Concluído;Instagram
103814;2026-04-11;15:30;Bianca Santos;11980000251;São Caetano do Sul;SP;Mariana Silva;Corte feminino;Cabelos;80.75;Dinheiro;Concluído;Presencial
103815;2026-04-11;15:30;Bianca Silva;11980000391;São Caetano do Sul;SP;Larissa Santos;Design de sobrancelhas;Sobrancelhas;42.75;PIX;Concluído;Telefone
103816;2026-04-11;15:30;Cristiane Gomes;11980000303;Diadema;SP;Fernanda Costa;Escova;Cabelos;0.0;Dinheiro;Cancelado;Telefone
103817;2026-04-11;17:00;Daniela Silva;11980000267;São Bernardo do Campo;SP;Juliana Martins;Manicure + Pedicure;Unhas;70.0;Cartão de débito;Concluído;Presencial
103818;2026-04-11;17:30;Bianca Souza;11980000276;Diadema;SP;Mariana Silva;Manicure + Pedicure;Unhas;70.0;PIX;Concluído;Presencial
103819;2026-04-11;17:30;Larissa Santos;11980000248;São Bernardo do Campo;SP;Camila Rodrigues;Escova;Cabelos;70.0;Dinheiro;Concluído;Instagram
103820;2026-04-11;18:00;Letícia Ribeiro;11980000270;São Caetano do Sul;SP;Larissa Santos;Design de sobrancelhas;Sobrancelhas;45.0;Dinheiro;Concluído;WhatsApp
103821;2026-04-11;18:00;Paula Oliveira;11980000177;Mauá;SP;Fernanda Costa;Design + Henna;Sobrancelhas;57.0;Cartão de crédito;Concluído;Presencial
103822;2026-04-13;09:00;Renata Lima;11980000125;São Bernardo do Campo;SP;Larissa Santos;Spa dos pés;Estética;65.0;Cartão de débito;Concluído;Instagram
103823;2026-04-13;09:00;Jéssica Souza;11980000086;Mauá;SP;Fernanda Costa;Escova;Cabelos;66.5;PIX;Concluído;WhatsApp
103824;2026-04-13;10:00;Bruna Gomes;11980000336;Mauá;SP;Patrícia Alves;Esmaltação em gel;Unhas;80.0;PIX;Concluído;Instagram
103825;2026-04-13;10:00;Rafaela Barbosa;11980000403;São Caetano do Sul;SP;Mariana Silva;Escova;Cabelos;70.0;Cartão de crédito;Concluído;Instagram
103826;2026-04-13;10:30;Viviane Mendes;11980000057;São Bernardo do Campo;SP;Larissa Santos;Alongamento de unhas;Unhas;150.0;PIX;Concluído;Presencial
103827;2026-04-13;11:00;Simone Oliveira;11980000416;Mauá;SP;Bruna Oliveira;Manicure;Unhas;35.0;PIX;Concluído;Telefone
103828;2026-04-13;11:00;Patrícia Oliveira;11980000121;São Caetano do Sul;SP;Camila Rodrigues;Coloração;Cabelos;160.0;Dinheiro;Concluído;WhatsApp
103829;2026-04-13;11:30;Luciana Santos;11980000103;São Paulo;SP;Larissa Santos;Design de sobrancelhas;Sobrancelhas;40.5;Cartão de débito;Concluído;WhatsApp
103830;2026-04-13;13:00;Tatiane Silva;11980000072;São Paulo;SP;Juliana Martins;Design de sobrancelhas;Sobrancelhas;45.0;PIX;Concluído;WhatsApp
103831;2026-04-13;13:00;Jéssica Lima;11980000427;Mauá;SP;Renata Souza;Esmaltação em gel;Unhas;80.0;Cartão de crédito;Concluído;WhatsApp
103832;2026-04-13;14:00;Cristiane Lima;11980000338;Mauá;SP;Renata Souza;Pedicure;Unhas;38.0;Cartão de crédito;Concluído;Presencial
103833;2026-04-13;15:00;Juliana Martins;11980000333;Diadema;SP;Renata Souza;Pedicure;Unhas;40.0;Cartão de débito;Concluído;Instagram
103834;2026-04-13;15:30;Beatriz Barbosa;11980000214;Mauá;SP;Larissa Santos;Pedicure;Unhas;40.0;Cartão de débito;Concluído;Telefone
103835;2026-04-13;15:30;Monique Lima;11980000449;São Bernardo do Campo;SP;Patrícia Alves;Pedicure;Unhas;40.0;PIX;Concluído;Instagram
103836;2026-04-13;16:00;Elaine Silva;11980000327;São Caetano do Sul;SP;Bruna Oliveira;Manutenção de alongamento;Unhas;100.0;Cartão de débito;Concluído;WhatsApp
103837;2026-04-13;16:00;Paula Almeida;11980000364;São Paulo;SP;Larissa Santos;Manicure + Pedicure;Unhas;70.0;Cartão de débito;Concluído;Instagram
103838;2026-04-13;16:30;Isabela Mendes;11980000428;São Caetano do Sul;SP;Camila Rodrigues;Extensão de cílios;Cílios;180.0;Cartão de débito;Concluído;Presencial
103839;2026-04-14;09:00;Patrícia Pereira;11980000220;Diadema;SP;Renata Souza;Manutenção de alongamento;Unhas;100.0;Dinheiro;Concluído;Telefone
103840;2026-04-14;09:00;Aline Barbosa;11980000056;São Caetano do Sul;SP;Mariana Silva;Design + Henna;Sobrancelhas;60.0;Cartão de crédito;Concluído;Telefone
103841;2026-04-14;09:00;Tatiane Pereira;11980000070;São Paulo;SP;Camila Rodrigues;Design + Henna;Sobrancelhas;57.0;Cartão de crédito;Concluído;Instagram
103842;2026-04-14;10:00;Camila Rodrigues;11980000009;São Bernardo do Campo;SP;Camila Rodrigues;Extensão de cílios;Cílios;180.0;Cartão de débito;Concluído;Presencial
103843;2026-04-14;11:30;Monique Lima;11980000410;São Bernardo do Campo;SP;Renata Souza;Esmaltação em gel;Unhas;80.0;PIX;Concluído;Telefone
103844;2026-04-14;11:30;Juliana Ribeiro;11980000282;Diadema;SP;Juliana Martins;Coloração;Cabelos;160.0;Dinheiro;Concluído;Presencial
103845;2026-04-14;13:00;Isabela Lima;11980000264;Diadema;SP;Renata Souza;Manicure;Unhas;31.5;Cartão de débito;Concluído;Instagram
103846;2026-04-14;13:30;Gabriela Silva;11980000443;São Caetano do Sul;SP;Bruna Oliveira;Manicure;Unhas;35.0;Dinheiro;Concluído;Telefone
103847;2026-04-14;14:00;Priscila Mendes;11980000308;São Bernardo do Campo;SP;Renata Souza;Manicure;Unhas;35.0;PIX;Concluído;Telefone
103848;2026-04-14;14:30;Paula Silva;11980000169;Diadema;SP;Patrícia Alves;Manicure + Pedicure;Unhas;70.0;PIX;Concluído;Instagram
103849;2026-04-14;14:30;Cristiane Costa;11980000197;São Paulo;SP;Camila Rodrigues;Corte feminino;Cabelos;85.0;Dinheiro;Concluído;Presencial
103850;2026-04-14;15:00;Patrícia Santos;11980000213;Diadema;SP;Larissa Santos;Escova;Cabelos;70.0;Cartão de crédito;Concluído;Presencial
103851;2026-04-14;15:00;Jéssica Santos;11980000297;Diadema;SP;Camila Rodrigues;Manicure + Pedicure;Unhas;66.5;Cartão de débito;Concluído;Instagram
103852;2026-04-14;15:30;Camila Carvalho;11980000210;São Bernardo do Campo;SP;Mariana Silva;Manutenção de alongamento;Unhas;90.0;Cartão de crédito;Concluído;Presencial
103853;2026-04-14;16:00;Tatiane Oliveira;11980000258;São Paulo;SP;Renata Souza;Spa dos pés;Estética;65.0;Dinheiro;Concluído;WhatsApp
103854;2026-04-14;16:30;Isabela Rocha;11980000055;Santo André;SP;Mariana Silva;Design + Henna;Sobrancelhas;60.0;Dinheiro;Concluído;Presencial
103855;2026-04-14;16:30;Elaine Gomes;11980000301;Mauá;SP;Larissa Santos;Manutenção de alongamento;Unhas;100.0;PIX;Concluído;WhatsApp
103856;2026-04-14;17:00;Gabriela Gomes;11980000257;São Caetano do Sul;SP;Larissa Santos;Design de sobrancelhas;Sobrancelhas;45.0;Cartão de crédito;Concluído;Presencial
103857;2026-04-14;17:30;Monique Barbosa;11980000139;São Caetano do Sul;SP;Bruna Oliveira;Hidratação;Cabelos;95.0;Cartão de crédito;Concluído;WhatsApp
103858;2026-04-15;09:30;Jéssica Santos;11980000297;Diadema;SP;Camila Rodrigues;Spa dos pés;Estética;65.0;Cartão de débito;Concluído;Presencial
103859;2026-04-15;09:30;Ana Santos;11980000054;São Bernardo do Campo;SP;Juliana Martins;Spa dos pés;Estética;65.0;Cartão de débito;Concluído;WhatsApp
103860;2026-04-15;09:30;Carla Martins;11980000265;Santo André;SP;Bruna Oliveira;Esmaltação em gel;Unhas;80.0;Cartão de débito;Concluído;WhatsApp
103861;2026-04-15;10:30;Cristiane Carvalho;11980000287;São Paulo;SP;Juliana Martins;Design de sobrancelhas;Sobrancelhas;45.0;PIX;Concluído;Presencial
103862;2026-04-15;11:30;Viviane Lima;11980000198;Mauá;SP;Bruna Oliveira;Pedicure;Unhas;40.0;Dinheiro;Concluído;Telefone
103863;2026-04-15;13:00;Priscila Barbosa;11980000147;Santo André;SP;Fernanda Costa;Design + Henna;Sobrancelhas;60.0;PIX;Concluído;Presencial
103864;2026-04-15;13:00;Débora Santos;11980000104;São Bernardo do Campo;SP;Fernanda Costa;Manicure;Unhas;35.0;Dinheiro;Concluído;Presencial
103865;2026-04-15;13:30;Aline Pereira;11980000319;São Paulo;SP;Camila Rodrigues;Manutenção de cílios;Cílios;90.0;Cartão de crédito;Concluído;Presencial
103866;2026-04-15;14:00;Ana Souza;11980000420;Mauá;SP;Camila Rodrigues;Design de sobrancelhas;Sobrancelhas;45.0;PIX;Concluído;Telefone
103867;2026-04-15;14:00;Juliana Martins;11980000180;São Caetano do Sul;SP;Fernanda Costa;Manicure;Unhas;35.0;Cartão de crédito;Concluído;WhatsApp
103868;2026-04-15;14:30;Paula Mendes;11980000296;São Caetano do Sul;SP;Fernanda Costa;Pedicure;Unhas;40.0;Cartão de crédito;Concluído;Presencial
103869;2026-04-15;16:00;Flávia Pereira;11980000348;Diadema;SP;Bruna Oliveira;Spa dos pés;Estética;58.5;PIX;Concluído;Presencial
103870;2026-04-15;16:30;Tatiane Pereira;11980000070;São Paulo;SP;Patrícia Alves;Alongamento de unhas;Unhas;135.0;Cartão de débito;Concluído;WhatsApp
103871;2026-04-15;17:00;Viviane Lima;11980000198;Mauá;SP;Juliana Martins;Escova;Cabelos;70.0;PIX;Concluído;WhatsApp
103872;2026-04-15;17:00;Gabriela Pereira;11980000272;Mauá;SP;Larissa Santos;Manicure + Pedicure;Unhas;70.0;Cartão de débito;Concluído;Instagram
103873;2026-04-15;17:00;Elaine Silva;11980000261;Mauá;SP;Bruna Oliveira;Manicure;Unhas;33.25;Dinheiro;Concluído;Presencial
103874;2026-04-15;17:30;Letícia Souza;11980000389;Santo André;SP;Renata Souza;Design de sobrancelhas;Sobrancelhas;45.0;Dinheiro;Concluído;Instagram
103875;2026-04-15;18:00;Juliana Souza;11980000426;São Paulo;SP;Patrícia Alves;Escova;Cabelos;66.5;Cartão de débito;Concluído;WhatsApp
103876;2026-04-15;18:00;Cristiane Ferreira;11980000295;Diadema;SP;Bruna Oliveira;Esmaltação em gel;Unhas;80.0;PIX;Concluído;WhatsApp
103877;2026-04-15;18:00;Natália Carvalho;11980000352;Mauá;SP;Camila Rodrigues;Design de sobrancelhas;Sobrancelhas;42.75;PIX;Concluído;Telefone
103878;2026-04-16;09:00;Monique Santos;11980000031;Diadema;SP;Bruna Oliveira;Manutenção de cílios;Cílios;0.0;Cartão de crédito;Não Compareceu;Instagram
103879;2026-04-16;09:30;Tatiane Silva;11980000072;São Paulo;SP;Bruna Oliveira;Design + Henna;Sobrancelhas;54.0;Cartão de débito;Concluído;WhatsApp
103880;2026-04-16;11:30;Simone Silva;11980000137;São Caetano do Sul;SP;Larissa Santos;Design + Henna;Sobrancelhas;60.0;Cartão de débito;Concluído;Presencial
103881;2026-04-16;14:30;Cristiane Martins;11980000039;São Bernardo do Campo;SP;Mariana Silva;Manutenção de alongamento;Unhas;90.0;Dinheiro;Concluído;Telefone
103882;2026-04-16;14:30;Daniela Ribeiro;11980000182;Diadema;SP;Larissa Santos;Extensão de cílios;Cílios;162.0;Cartão de crédito;Concluído;Telefone
103883;2026-04-16;14:30;Raquel Costa;11980000033;São Caetano do Sul;SP;Renata Souza;Corte feminino;Cabelos;85.0;Dinheiro;Concluído;Telefone
103884;2026-04-16;14:30;Natália Ribeiro;11980000358;Santo André;SP;Mariana Silva;Manicure;Unhas;35.0;Dinheiro;Concluído;Instagram
103885;2026-04-16;14:30;Elaine Silva;11980000261;Mauá;SP;Bruna Oliveira;Manicure;Unhas;35.0;Cartão de débito;Concluído;Instagram
103886;2026-04-16;15:00;Simone Silva;11980000035;São Paulo;SP;Renata Souza;Pedicure;Unhas;40.0;Cartão de crédito;Concluído;Telefone
103887;2026-04-16;16:30;Ana Souza;11980000420;Mauá;SP;Juliana Martins;Manicure + Pedicure;Unhas;70.0;Cartão de crédito;Concluído;Telefone
103888;2026-04-16;17:00;Daniela Ferreira;11980000108;Mauá;SP;Bruna Oliveira;Manicure;Unhas;35.0;Dinheiro;Concluído;Instagram
103889;2026-04-17;09:00;Natália Almeida;11980000163;São Caetano do Sul;SP;Renata Souza;Manicure;Unhas;35.0;Cartão de crédito;Concluído;Instagram
103890;2026-04-17;10:30;Camila Rodrigues;11980000009;São Bernardo do Campo;SP;Fernanda Costa;Alongamento de unhas;Unhas;135.0;Dinheiro;Concluído;Instagram
103891;2026-04-17;10:30;Camila Ferreira;11980000386;São Caetano do Sul;SP;Patrícia Alves;Alongamento de unhas;Unhas;142.5;Cartão de crédito;Concluído;Instagram
103892;2026-04-17;11:30;Débora Barbosa;11980000092;Diadema;SP;Fernanda Costa;Manicure;Unhas;0.0;Cartão de crédito;Cancelado;Instagram
103893;2026-04-17;11:30;Letícia Fernandes;11980000015;São Caetano do Sul;SP;Renata Souza;Corte feminino;Cabelos;85.0;Dinheiro;Concluído;Telefone
103894;2026-04-17;13:00;Raquel Silva;11980000275;Diadema;SP;Mariana Silva;Alongamento de unhas;Unhas;150.0;Dinheiro;Concluído;Instagram
103895;2026-04-17;13:00;Paula Ferreira;11980000203;São Caetano do Sul;SP;Larissa Santos;Corte feminino;Cabelos;85.0;PIX;Concluído;Instagram
103896;2026-04-17;13:00;Isabela Lima;11980000264;Diadema;SP;Camila Rodrigues;Pedicure;Unhas;40.0;Dinheiro;Concluído;WhatsApp
103897;2026-04-17;13:30;Paula Mendes;11980000414;Diadema;SP;Renata Souza;Pedicure;Unhas;40.0;PIX;Concluído;WhatsApp
103898;2026-04-17;13:30;Paula Mendes;11980000032;Santo André;SP;Juliana Martins;Alongamento de unhas;Unhas;150.0;Dinheiro;Concluído;Instagram
103899;2026-04-17;14:00;Natália Pereira;11980000422;Mauá;SP;Renata Souza;Escova;Cabelos;0.0;Cartão de crédito;Não Compareceu;Presencial
103900;2026-04-17;14:00;Jéssica Santos;11980000297;Diadema;SP;Larissa Santos;Coloração;Cabelos;144.0;Cartão de crédito;Concluído;Instagram
103901;2026-04-17;15:00;Rafaela Santos;11980000040;São Paulo;SP;Mariana Silva;Hidratação;Cabelos;95.0;Cartão de crédito;Concluído;WhatsApp
103902;2026-04-17;15:00;Natália Barbosa;11980000269;Mauá;SP;Fernanda Costa;Manicure + Pedicure;Unhas;70.0;Cartão de débito;Concluído;Telefone
103903;2026-04-17;15:30;Carla Gomes;11980000445;São Caetano do Sul;SP;Juliana Martins;Corte feminino;Cabelos;85.0;Cartão de débito;Concluído;Instagram
103904;2026-04-17;15:30;Elaine Martins;11980000324;Diadema;SP;Larissa Santos;Manicure;Unhas;35.0;Cartão de débito;Concluído;Presencial
103905;2026-04-17;15:30;Sabrina Lima;11980000100;Diadema;SP;Patrícia Alves;Manutenção de cílios;Cílios;90.0;Dinheiro;Concluído;Presencial
103906;2026-04-17;15:30;Vanessa Lima;11980000233;Mauá;SP;Bruna Oliveira;Manicure;Unhas;35.0;PIX;Concluído;Telefone
103907;2026-04-17;15:30;Daniela Ferreira;11980000108;Mauá;SP;Camila Rodrigues;Design de sobrancelhas;Sobrancelhas;45.0;Cartão de crédito;Concluído;Telefone
103908;2026-04-17;15:30;Paula Mendes;11980000296;São Caetano do Sul;SP;Patrícia Alves;Pedicure;Unhas;40.0;Cartão de débito;Concluído;Telefone
103909;2026-04-17;16:00;Tatiane Silva;11980000262;São Paulo;SP;Camila Rodrigues;Hidratação;Cabelos;95.0;Cartão de crédito;Concluído;Telefone
103910;2026-04-17;17:30;Isabela Lima;11980000264;Diadema;SP;Fernanda Costa;Escova;Cabelos;70.0;PIX;Concluído;Presencial
103911;2026-04-17;18:00;Jéssica Carvalho;11980000185;Diadema;SP;Larissa Santos;Manicure;Unhas;35.0;Dinheiro;Concluído;WhatsApp
103912;2026-04-18;09:00;Juliana Costa;11980000004;Santo André;SP;Fernanda Costa;Alongamento de unhas;Unhas;150.0;Dinheiro;Concluído;Telefone
103913;2026-04-18;09:30;Beatriz Barbosa;11980000214;Mauá;SP;Bruna Oliveira;Pedicure;Unhas;40.0;PIX;Concluído;Instagram
103914;2026-04-18;10:00;Beatriz Lima;11980000365;São Caetano do Sul;SP;Patrícia Alves;Manicure + Pedicure;Unhas;70.0;Cartão de débito;Concluído;Instagram
103915;2026-04-18;10:00;Aline Barbosa;11980000183;São Caetano do Sul;SP;Fernanda Costa;Manutenção de cílios;Cílios;90.0;Cartão de crédito;Concluído;Instagram
103916;2026-04-18;10:00;Renata Barbosa;11980000434;Diadema;SP;Camila Rodrigues;Manutenção de alongamento;Unhas;100.0;PIX;Concluído;Instagram
103917;2026-04-18;10:30;Daniela Lima;11980000431;Diadema;SP;Bruna Oliveira;Manutenção de alongamento;Unhas;100.0;Cartão de débito;Concluído;Instagram
103918;2026-04-18;10:30;Daniela Rocha;11980000172;São Paulo;SP;Camila Rodrigues;Escova;Cabelos;70.0;Cartão de crédito;Concluído;Instagram
103919;2026-04-18;10:30;Beatriz Santos;11980000298;São Caetano do Sul;SP;Renata Souza;Manutenção de cílios;Cílios;90.0;Cartão de crédito;Concluído;Telefone
103920;2026-04-18;10:30;Isabela Mendes;11980000135;São Caetano do Sul;SP;Juliana Martins;Manicure;Unhas;35.0;Cartão de crédito;Concluído;Instagram
103921;2026-04-18;11:00;Flávia Almeida;11980000285;São Paulo;SP;Bruna Oliveira;Design + Henna;Sobrancelhas;60.0;PIX;Concluído;WhatsApp
103922;2026-04-18;11:00;Jéssica Silva;11980000448;São Caetano do Sul;SP;Renata Souza;Escova;Cabelos;70.0;Dinheiro;Concluído;Instagram
103923;2026-04-18;11:00;Gabriela Gomes;11980000257;São Caetano do Sul;SP;Patrícia Alves;Manicure + Pedicure;Unhas;70.0;Cartão de débito;Concluído;Instagram
103924;2026-04-18;11:30;Monique Mendes;11980000419;Santo André;SP;Patrícia Alves;Manicure + Pedicure;Unhas;70.0;Dinheiro;Concluído;Instagram
103925;2026-04-18;13:00;Monique Rocha;11980000350;São Caetano do Sul;SP;Fernanda Costa;Pedicure;Unhas;40.0;Cartão de crédito;Concluído;Telefone
103926;2026-04-18;13:30;Tatiane Costa;11980000194;Diadema;SP;Camila Rodrigues;Manutenção de alongamento;Unhas;100.0;PIX;Concluído;Presencial
103927;2026-04-18;13:30;Marcela Gomes;11980000316;São Bernardo do Campo;SP;Mariana Silva;Manicure;Unhas;31.5;PIX;Concluído;WhatsApp
103928;2026-04-18;14:00;Daniela Ribeiro;11980000182;Diadema;SP;Fernanda Costa;Pedicure;Unhas;40.0;Cartão de débito;Concluído;WhatsApp
103929;2026-04-18;14:00;Daniela Ribeiro;11980000171;Diadema;SP;Camila Rodrigues;Manutenção de cílios;Cílios;0.0;Dinheiro;Cancelado;WhatsApp
103930;2026-04-18;14:30;Bianca Ribeiro;11980000288;São Paulo;SP;Renata Souza;Esmaltação em gel;Unhas;80.0;Cartão de crédito;Concluído;Presencial
103931;2026-04-18;16:00;Luciana Santos;11980000103;São Paulo;SP;Juliana Martins;Corte feminino;Cabelos;80.75;Cartão de crédito;Concluído;Telefone
103932;2026-04-18;16:30;Camila Silva;11980000041;São Paulo;SP;Camila Rodrigues;Alongamento de unhas;Unhas;150.0;PIX;Concluído;Presencial
103933;2026-04-18;16:30;Larissa Santos;11980000248;São Bernardo do Campo;SP;Larissa Santos;Alongamento de unhas;Unhas;135.0;Cartão de débito;Concluído;WhatsApp
103934;2026-04-18;17:00;Daniela Freitas;11980000025;Diadema;SP;Mariana Silva;Manicure;Unhas;35.0;PIX;Concluído;Instagram
103935;2026-04-18;17:30;Luciana Carvalho;11980000337;Mauá;SP;Renata Souza;Manutenção de cílios;Cílios;90.0;Cartão de débito;Concluído;Telefone
103936;2026-04-18;17:30;Ana Santos;11980000054;São Bernardo do Campo;SP;Camila Rodrigues;Design de sobrancelhas;Sobrancelhas;45.0;Cartão de débito;Concluído;Instagram
103937;2026-04-18;17:30;Paula Silva;11980000169;Diadema;SP;Larissa Santos;Manutenção de cílios;Cílios;90.0;Cartão de débito;Concluído;Presencial
103938;2026-04-18;17:30;Sabrina Souza;11980000038;Mauá;SP;Camila Rodrigues;Alongamento de unhas;Unhas;150.0;Cartão de débito;Concluído;Presencial
103939;2026-04-18;17:30;Camila Santos;11980000291;São Paulo;SP;Juliana Martins;Extensão de cílios;Cílios;171.0;Cartão de débito;Concluído;WhatsApp
103940;2026-04-18;18:00;Beatriz Ferreira;11980000098;São Bernardo do Campo;SP;Renata Souza;Spa dos pés;Estética;61.75;Cartão de débito;Concluído;Telefone
103941;2026-04-20;10:00;Cristiane Ferreira;11980000295;Diadema;SP;Bruna Oliveira;Manutenção de alongamento;Unhas;95.0;Cartão de débito;Concluído;Presencial
103942;2026-04-20;10:00;Juliana Martins;11980000333;Diadema;SP;Patrícia Alves;Pedicure;Unhas;40.0;Dinheiro;Concluído;Telefone
103943;2026-04-20;10:30;Amanda Mendes;11980000127;São Bernardo do Campo;SP;Fernanda Costa;Manutenção de cílios;Cílios;90.0;Cartão de débito;Concluído;Presencial
103944;2026-04-20;10:30;Larissa Martins;11980000284;Diadema;SP;Patrícia Alves;Escova;Cabelos;70.0;Dinheiro;Concluído;Telefone
103945;2026-04-20;10:30;Patrícia Pereira;11980000347;Santo André;SP;Bruna Oliveira;Coloração;Cabelos;160.0;Dinheiro;Concluído;Presencial
103946;2026-04-20;14:00;Tatiane Mendes;11980000340;Mauá;SP;Renata Souza;Manutenção de cílios;Cílios;90.0;Dinheiro;Concluído;Presencial
103947;2026-04-20;15:00;Jéssica Almeida;11980000052;São Caetano do Sul;SP;Mariana Silva;Design + Henna;Sobrancelhas;60.0;Cartão de crédito;Concluído;Instagram
103948;2026-04-20;15:00;Juliana Santos;11980000362;São Paulo;SP;Larissa Santos;Spa dos pés;Estética;61.75;Cartão de débito;Concluído;WhatsApp
103949;2026-04-20;15:30;Bianca Costa;11980000388;São Bernardo do Campo;SP;Renata Souza;Manicure;Unhas;35.0;Cartão de débito;Concluído;Presencial
103950;2026-04-20;16:00;Renata Souza;11980000128;Mauá;SP;Mariana Silva;Pedicure;Unhas;40.0;Cartão de crédito;Concluído;Instagram
103951;2026-04-20;16:00;Elaine Santos;11980000231;São Bernardo do Campo;SP;Juliana Martins;Coloração;Cabelos;160.0;Dinheiro;Concluído;WhatsApp
103952;2026-04-20;17:00;Monique Costa;11980000140;Santo André;SP;Larissa Santos;Pedicure;Unhas;40.0;PIX;Concluído;WhatsApp
103953;2026-04-20;17:00;Tatiane Souza;11980000022;Santo André;SP;Mariana Silva;Pedicure;Unhas;40.0;Cartão de débito;Concluído;WhatsApp
103954;2026-04-20;17:00;Rafaela Lima;11980000441;Diadema;SP;Mariana Silva;Design de sobrancelhas;Sobrancelhas;45.0;Dinheiro;Concluído;WhatsApp
103955;2026-04-20;17:30;Monique Ribeiro;11980000048;Diadema;SP;Juliana Martins;Pedicure;Unhas;40.0;Cartão de débito;Concluído;Telefone
103956;2026-04-20;18:00;Beatriz Lima;11980000278;São Bernardo do Campo;SP;Juliana Martins;Corte feminino;Cabelos;85.0;PIX;Concluído;WhatsApp
103957;2026-04-20;18:00;Gabriela Barbosa;11980000243;São Paulo;SP;Patrícia Alves;Escova;Cabelos;70.0;Dinheiro;Concluído;WhatsApp
103958;2026-04-21;09:30;Monique Barbosa;11980000139;São Caetano do Sul;SP;Fernanda Costa;Manicure;Unhas;35.0;Cartão de débito;Concluído;Presencial
103959;2026-04-21;11:00;Luciana Oliveira;11980000302;São Bernardo do Campo;SP;Larissa Santos;Design de sobrancelhas;Sobrancelhas;45.0;Cartão de débito;Concluído;Presencial
103960;2026-04-21;13:00;Elaine Almeida;11980000110;Diadema;SP;Larissa Santos;Corte feminino;Cabelos;85.0;Cartão de débito;Concluído;Presencial
103961;2026-04-21;13:30;Camila Costa;11980000190;São Paulo;SP;Bruna Oliveira;Manicure;Unhas;35.0;PIX;Concluído;Presencial
103962;2026-04-21;14:30;Elaine Souza;11980000091;São Caetano do Sul;SP;Mariana Silva;Manutenção de cílios;Cílios;90.0;Cartão de crédito;Concluído;Telefone
103963;2026-04-21;15:00;Simone Silva;11980000035;São Paulo;SP;Camila Rodrigues;Escova;Cabelos;70.0;Cartão de crédito;Concluído;WhatsApp
103964;2026-04-21;16:30;Viviane Carvalho;11980000354;São Caetano do Sul;SP;Renata Souza;Escova;Cabelos;63.0;Cartão de débito;Concluído;Presencial
103965;2026-04-21;17:00;Cristiane Ferreira;11980000376;São Paulo;SP;Mariana Silva;Esmaltação em gel;Unhas;72.0;Cartão de crédito;Concluído;Presencial
103966;2026-04-21;17:30;Marcela Ferreira;11980000160;Santo André;SP;Camila Rodrigues;Manutenção de alongamento;Unhas;100.0;Dinheiro;Concluído;Instagram
103967;2026-04-22;09:00;Sabrina Ferreira;11980000181;Mauá;SP;Patrícia Alves;Manutenção de alongamento;Unhas;95.0;Cartão de crédito;Concluído;Presencial
103968;2026-04-22;09:00;Beatriz Ribeiro;11980000244;Diadema;SP;Fernanda Costa;Corte feminino;Cabelos;85.0;Cartão de crédito;Concluído;WhatsApp
103969;2026-04-22;09:00;Monique Rocha;11980000350;São Caetano do Sul;SP;Renata Souza;Manutenção de alongamento;Unhas;100.0;PIX;Concluído;Telefone
103970;2026-04-22;10:00;Paula Ferreira;11980000239;São Bernardo do Campo;SP;Camila Rodrigues;Manicure + Pedicure;Unhas;63.0;PIX;Concluído;Presencial
103971;2026-04-22;10:00;Aline Moreira;11980000017;São Caetano do Sul;SP;Patrícia Alves;Alongamento de unhas;Unhas;150.0;PIX;Concluído;Presencial
103972;2026-04-22;10:30;Luciana Martins;11980000143;Mauá;SP;Patrícia Alves;Design de sobrancelhas;Sobrancelhas;40.5;Dinheiro;Concluído;Telefone
103973;2026-04-22;10:30;Cristiane Dias;11980000024;Mauá;SP;Fernanda Costa;Manicure;Unhas;33.25;Dinheiro;Concluído;Presencial
103974;2026-04-22;11:00;Larissa Ribeiro;11980000116;São Bernardo do Campo;SP;Juliana Martins;Hidratação;Cabelos;95.0;PIX;Concluído;Presencial
103975;2026-04-22;11:30;Fernanda Ribeiro;11980000237;Diadema;SP;Bruna Oliveira;Manicure;Unhas;35.0;Dinheiro;Concluído;Telefone
103976;2026-04-22;11:30;Rafaela Mendes;11980000114;Santo André;SP;Mariana Silva;Pedicure;Unhas;0.0;Dinheiro;Cancelado;WhatsApp
103977;2026-04-22;13:00;Bruna Rocha;11980000081;São Caetano do Sul;SP;Camila Rodrigues;Extensão de cílios;Cílios;180.0;PIX;Concluído;Presencial
103978;2026-04-22;14:00;Tatiane Silva;11980000262;São Paulo;SP;Fernanda Costa;Spa dos pés;Estética;65.0;Cartão de crédito;Concluído;WhatsApp
103979;2026-04-22;15:00;Daniela Rocha;11980000355;São Caetano do Sul;SP;Larissa Santos;Manutenção de alongamento;Unhas;100.0;Dinheiro;Concluído;WhatsApp
103980;2026-04-22;15:30;Bianca Costa;11980000226;Mauá;SP;Camila Rodrigues;Spa dos pés;Estética;65.0;Dinheiro;Concluído;Instagram
103981;2026-04-22;15:30;Fernanda Ferreira;11980000152;São Paulo;SP;Mariana Silva;Manicure + Pedicure;Unhas;70.0;PIX;Concluído;WhatsApp
103982;2026-04-22;16:00;Aline Pereira;11980000319;São Paulo;SP;Mariana Silva;Manicure;Unhas;35.0;Cartão de débito;Concluído;Instagram
103983;2026-04-22;16:00;Carla Oliveira;11980000115;Santo André;SP;Patrícia Alves;Manicure;Unhas;33.25;Dinheiro;Concluído;Presencial
103984;2026-04-22;16:30;Débora Lima;11980000396;São Bernardo do Campo;SP;Renata Souza;Manicure + Pedicure;Unhas;70.0;Cartão de débito;Concluído;Instagram
103985;2026-04-22;16:30;Jéssica Silva;11980000448;São Caetano do Sul;SP;Bruna Oliveira;Pedicure;Unhas;40.0;Dinheiro;Concluído;Telefone
103986;2026-04-22;17:00;Renata Rocha;11980000423;Santo André;SP;Fernanda Costa;Alongamento de unhas;Unhas;0.0;Cartão de crédito;Não Compareceu;WhatsApp
103987;2026-04-23;09:00;Elaine Souza;11980000111;Santo André;SP;Fernanda Costa;Extensão de cílios;Cílios;180.0;PIX;Concluído;WhatsApp
103988;2026-04-23;10:30;Isabela Rocha;11980000055;Santo André;SP;Fernanda Costa;Esmaltação em gel;Unhas;80.0;Dinheiro;Concluído;Telefone
103989;2026-04-23;13:00;Beatriz Ribeiro;11980000244;Diadema;SP;Fernanda Costa;Design de sobrancelhas;Sobrancelhas;45.0;Cartão de crédito;Concluído;Instagram
103990;2026-04-23;14:00;Luciana Santos;11980000217;Santo André;SP;Patrícia Alves;Manicure;Unhas;35.0;PIX;Concluído;Presencial
103991;2026-04-23;14:00;Ana Carolina Souza;11980000001;São Paulo;SP;Renata Souza;Pedicure;Unhas;40.0;Cartão de débito;Concluído;Telefone
103992;2026-04-23;14:30;Cristiane Ferreira;11980000295;Diadema;SP;Mariana Silva;Escova;Cabelos;70.0;Dinheiro;Concluído;WhatsApp
103993;2026-04-23;15:00;Aline Pereira;11980000319;São Paulo;SP;Fernanda Costa;Design de sobrancelhas;Sobrancelhas;45.0;Cartão de crédito;Concluído;Instagram
103994;2026-04-23;15:00;Simone Silva;11980000137;São Caetano do Sul;SP;Fernanda Costa;Escova;Cabelos;70.0;PIX;Concluído;Presencial
103995;2026-04-23;16:00;Bruna Lima;11980000254;Mauá;SP;Juliana Martins;Manutenção de cílios;Cílios;90.0;PIX;Concluído;Telefone
103996;2026-04-23;16:30;Camila Souza;11980000360;Mauá;SP;Bruna Oliveira;Design de sobrancelhas;Sobrancelhas;40.5;Cartão de crédito;Concluído;WhatsApp
103997;2026-04-23;17:00;Aline Almeida;11980000083;Mauá;SP;Fernanda Costa;Corte feminino;Cabelos;85.0;Cartão de débito;Concluído;WhatsApp
103998;2026-04-23;17:00;Bianca Santos;11980000066;São Bernardo do Campo;SP;Fernanda Costa;Corte feminino;Cabelos;76.5;PIX;Concluído;WhatsApp
103999;2026-04-23;17:00;Raquel Costa;11980000033;São Caetano do Sul;SP;Mariana Silva;Manicure;Unhas;35.0;Cartão de débito;Concluído;Instagram
104000;2026-04-24;09:00;Bruna Carvalho;11980000357;Mauá;SP;Renata Souza;Design de sobrancelhas;Sobrancelhas;40.5;Cartão de crédito;Concluído;WhatsApp
104001;2026-04-24;09:00;Amanda Barbosa;11980000290;São Paulo;SP;Juliana Martins;Design de sobrancelhas;Sobrancelhas;45.0;Dinheiro;Concluído;Instagram
104002;2026-04-24;09:00;Elaine Barbosa;11980000394;São Bernardo do Campo;SP;Patrícia Alves;Escova;Cabelos;63.0;Cartão de crédito;Concluído;Presencial
104003;2026-04-24;10:30;Cristiane Lima;11980000338;Mauá;SP;Mariana Silva;Pedicure;Unhas;0.0;Cartão de débito;Cancelado;Telefone
104004;2026-04-24;11:00;Sabrina Ferreira;11980000181;Mauá;SP;Camila Rodrigues;Esmaltação em gel;Unhas;80.0;Cartão de débito;Concluído;Instagram
104005;2026-04-24;11:00;Marcela Gomes;11980000316;São Bernardo do Campo;SP;Patrícia Alves;Manicure;Unhas;35.0;Dinheiro;Concluído;Instagram
104006;2026-04-24;11:30;Viviane Lima;11980000198;Mauá;SP;Fernanda Costa;Manicure;Unhas;35.0;Cartão de crédito;Concluído;Telefone
104007;2026-04-24;13:00;Priscila Pereira;11980000353;São Paulo;SP;Mariana Silva;Escova;Cabelos;66.5;Cartão de débito;Concluído;WhatsApp
104008;2026-04-24;13:30;Tatiane Silva;11980000072;São Paulo;SP;Renata Souza;Alongamento de unhas;Unhas;150.0;Cartão de crédito;Concluído;Instagram
104009;2026-04-24;13:30;Raquel Rocha;11980000339;Mauá;SP;Fernanda Costa;Pedicure;Unhas;40.0;Cartão de crédito;Concluído;Telefone
104010;2026-04-24;13:30;Letícia Souza;11980000389;Santo André;SP;Fernanda Costa;Manutenção de alongamento;Unhas;100.0;Cartão de débito;Concluído;Presencial
104011;2026-04-24;13:30;Luciana Ramos;11980000029;Santo André;SP;Bruna Oliveira;Design de sobrancelhas;Sobrancelhas;45.0;Cartão de crédito;Concluído;Instagram
104012;2026-04-24;13:30;Camila Silva;11980000041;São Paulo;SP;Camila Rodrigues;Manicure + Pedicure;Unhas;70.0;Cartão de crédito;Concluído;Instagram
104013;2026-04-24;14:00;Sabrina Oliveira;11980000266;São Paulo;SP;Renata Souza;Manicure + Pedicure;Unhas;70.0;Dinheiro;Concluído;Telefone
104014;2026-04-24;14:00;Luciana Santos;11980000217;Santo André;SP;Larissa Santos;Coloração;Cabelos;160.0;Cartão de crédito;Concluído;WhatsApp
104015;2026-04-24;14:30;Gabriela Lima;11980000330;Mauá;SP;Renata Souza;Pedicure;Unhas;40.0;Cartão de débito;Concluído;Instagram
104016;2026-04-24;15:00;Larissa Souza;11980000418;São Bernardo do Campo;SP;Mariana Silva;Esmaltação em gel;Unhas;80.0;PIX;Concluído;WhatsApp
104017;2026-04-24;15:30;Elaine Ferreira;11980000216;São Paulo;SP;Patrícia Alves;Design de sobrancelhas;Sobrancelhas;45.0;PIX;Concluído;Presencial
104018;2026-04-24;15:30;Natália Martins;11980000131;São Paulo;SP;Juliana Martins;Esmaltação em gel;Unhas;0.0;Dinheiro;Cancelado;WhatsApp
104019;2026-04-24;16:00;Aline Gomes;11980000222;São Bernardo do Campo;SP;Camila Rodrigues;Pedicure;Unhas;40.0;Cartão de crédito;Concluído;Presencial
104020;2026-04-24;16:30;Débora Barbosa;11980000092;Diadema;SP;Mariana Silva;Design + Henna;Sobrancelhas;60.0;Dinheiro;Concluído;Instagram
104021;2026-04-24;16:30;Natália Ribeiro;11980000424;São Caetano do Sul;SP;Bruna Oliveira;Escova;Cabelos;0.0;PIX;Cancelado;Presencial
104022;2026-04-24;17:00;Simone Ferreira;11980000202;Mauá;SP;Camila Rodrigues;Escova;Cabelos;70.0;Dinheiro;Concluído;Telefone
104023;2026-04-24;17:00;Juliana Santos;11980000234;São Caetano do Sul;SP;Larissa Santos;Pedicure;Unhas;40.0;PIX;Concluído;WhatsApp
104024;2026-04-24;18:00;Beatriz Lima;11980000365;São Caetano do Sul;SP;Larissa Santos;Esmaltação em gel;Unhas;80.0;Cartão de crédito;Concluído;WhatsApp
104025;2026-04-25;09:00;Amanda Barbosa;11980000290;São Paulo;SP;Bruna Oliveira;Manutenção de alongamento;Unhas;100.0;PIX;Concluído;Telefone
104026;2026-04-25;09:30;Bruna Oliveira;11980000404;São Caetano do Sul;SP;Bruna Oliveira;Manicure;Unhas;31.5;Cartão de débito;Concluído;Presencial
104027;2026-04-25;10:00;Elaine Souza;11980000111;Santo André;SP;Bruna Oliveira;Manutenção de cílios;Cílios;90.0;Cartão de débito;Concluído;Telefone
104028;2026-04-25;10:00;Monique Ribeiro;11980000166;Diadema;SP;Camila Rodrigues;Pedicure;Unhas;40.0;Dinheiro;Concluído;Telefone
104029;2026-04-25;10:00;Natália Almeida;11980000077;São Bernardo do Campo;SP;Mariana Silva;Manicure + Pedicure;Unhas;70.0;Dinheiro;Concluído;Telefone
104030;2026-04-25;11:00;Renata Ribeiro;11980000228;Diadema;SP;Renata Souza;Pedicure;Unhas;40.0;Cartão de débito;Concluído;Presencial
104031;2026-04-25;11:00;Fernanda Almeida;11980000363;Diadema;SP;Larissa Santos;Design de sobrancelhas;Sobrancelhas;45.0;Cartão de crédito;Concluído;WhatsApp
104032;2026-04-25;11:00;Daniela Almeida;11980000400;Mauá;SP;Mariana Silva;Spa dos pés;Estética;65.0;PIX;Concluído;Telefone
104033;2026-04-25;13:00;Rafaela Barbosa;11980000381;Santo André;SP;Mariana Silva;Manicure;Unhas;35.0;Cartão de débito;Concluído;Instagram
104034;2026-04-25;14:00;Amanda Ribeiro;11980000012;Diadema;SP;Camila Rodrigues;Manicure;Unhas;35.0;Dinheiro;Concluído;WhatsApp
104035;2026-04-25;15:00;Paula Ferreira;11980000203;São Caetano do Sul;SP;Patrícia Alves;Manicure + Pedicure;Unhas;70.0;Cartão de débito;Concluído;WhatsApp
104036;2026-04-25;15:00;Carla Oliveira;11980000384;Diadema;SP;Larissa Santos;Pedicure;Unhas;0.0;PIX;Cancelado;WhatsApp
104037;2026-04-25;15:30;Viviane Rocha;11980000259;São Caetano do Sul;SP;Bruna Oliveira;Hidratação;Cabelos;95.0;Dinheiro;Concluído;WhatsApp
104038;2026-04-25;15:30;Daniela Silva;11980000437;São Paulo;SP;Camila Rodrigues;Coloração;Cabelos;160.0;PIX;Concluído;Instagram
104039;2026-04-25;16:00;Larissa Santos;11980000248;São Bernardo do Campo;SP;Fernanda Costa;Hidratação;Cabelos;95.0;Cartão de crédito;Concluído;Instagram
104040;2026-04-25;17:00;Raquel Carvalho;11980000168;Santo André;SP;Renata Souza;Coloração;Cabelos;160.0;Dinheiro;Concluído;Presencial
104041;2026-04-25;17:30;Juliana Costa;11980000317;Mauá;SP;Fernanda Costa;Manutenção de alongamento;Unhas;100.0;Dinheiro;Concluído;Instagram
104042;2026-04-25;17:30;Fernanda Almeida;11980000363;Diadema;SP;Bruna Oliveira;Design de sobrancelhas;Sobrancelhas;45.0;Cartão de débito;Concluído;WhatsApp
104043;2026-04-25;17:30;Elaine Martins;11980000324;Diadema;SP;Mariana Silva;Esmaltação em gel;Unhas;80.0;Cartão de débito;Concluído;Instagram
104044;2026-04-25;18:00;Camila Souza;11980000211;São Caetano do Sul;SP;Larissa Santos;Design + Henna;Sobrancelhas;60.0;PIX;Concluído;Presencial
104045;2026-04-26;09:30;Luciana Carvalho;11980000337;Mauá;SP;Renata Souza;Escova;Cabelos;70.0;Cartão de débito;Concluído;Presencial
104046;2026-04-26;15:30;Renata Barbosa;11980000434;Diadema;SP;Mariana Silva;Extensão de cílios;Cílios;180.0;Dinheiro;Concluído;Presencial
104047;2026-04-27;09:30;Jéssica Carvalho;11980000185;Diadema;SP;Fernanda Costa;Esmaltação em gel;Unhas;80.0;Cartão de crédito;Concluído;Presencial
104048;2026-04-27;10:00;Letícia Costa;11980000164;Diadema;SP;Camila Rodrigues;Manutenção de alongamento;Unhas;100.0;Dinheiro;Concluído;Instagram
104049;2026-04-27;10:30;Luciana Santos;11980000103;São Paulo;SP;Bruna Oliveira;Manicure;Unhas;35.0;PIX;Concluído;WhatsApp
104050;2026-04-27;13:00;Tatiane Santos;11980000094;São Bernardo do Campo;SP;Bruna Oliveira;Manicure;Unhas;35.0;Cartão de crédito;Concluído;Presencial
104051;2026-04-27;13:00;Elaine Moura;11980000026;São Bernardo do Campo;SP;Patrícia Alves;Design de sobrancelhas;Sobrancelhas;45.0;PIX;Concluído;Instagram
104052;2026-04-27;14:00;Simone Silva;11980000201;Diadema;SP;Renata Souza;Manutenção de alongamento;Unhas;100.0;Cartão de crédito;Concluído;Presencial
104053;2026-04-27;14:30;Elaine Souza;11980000091;São Caetano do Sul;SP;Larissa Santos;Manicure + Pedicure;Unhas;70.0;PIX;Concluído;WhatsApp
104054;2026-04-27;15:30;Carla Oliveira;11980000384;Diadema;SP;Renata Souza;Design de sobrancelhas;Sobrancelhas;0.0;Dinheiro;Cancelado;Instagram
104055;2026-04-27;15:30;Natália Carvalho;11980000047;São Paulo;SP;Renata Souza;Manutenção de cílios;Cílios;85.5;Cartão de crédito;Concluído;Presencial
104056;2026-04-27;15:30;Letícia Ribeiro;11980000270;São Caetano do Sul;SP;Fernanda Costa;Pedicure;Unhas;40.0;Cartão de débito;Concluído;WhatsApp
104057;2026-04-27;16:00;Paula Martins;11980000323;São Paulo;SP;Mariana Silva;Alongamento de unhas;Unhas;150.0;PIX;Concluído;Presencial
104058;2026-04-27;16:00;Fernanda Ferreira;11980000392;Mauá;SP;Mariana Silva;Design de sobrancelhas;Sobrancelhas;45.0;Dinheiro;Concluído;Telefone
104059;2026-04-27;17:30;Letícia Souza;11980000389;Santo André;SP;Fernanda Costa;Manicure;Unhas;35.0;Cartão de crédito;Concluído;WhatsApp
104060;2026-04-27;18:00;Fernanda Martins;11980000200;Diadema;SP;Fernanda Costa;Manicure;Unhas;33.25;PIX;Concluído;WhatsApp
104061;2026-04-28;09:00;Viviane Carvalho;11980000354;São Caetano do Sul;SP;Mariana Silva;Design de sobrancelhas;Sobrancelhas;45.0;Dinheiro;Concluído;Instagram
104062;2026-04-28;10:30;Carla Barbosa;11980000053;Mauá;SP;Camila Rodrigues;Corte feminino;Cabelos;0.0;Cartão de débito;Não Compareceu;WhatsApp
104063;2026-04-28;10:30;Elaine Moura;11980000026;São Bernardo do Campo;SP;Mariana Silva;Coloração;Cabelos;160.0;PIX;Concluído;WhatsApp
104064;2026-04-28;11:30;Vanessa Lima;11980000342;Mauá;SP;Mariana Silva;Manicure + Pedicure;Unhas;70.0;Cartão de débito;Concluído;Instagram
104065;2026-04-28;11:30;Elaine Barbosa;11980000394;São Bernardo do Campo;SP;Patrícia Alves;Esmaltação em gel;Unhas;80.0;Cartão de crédito;Concluído;Telefone
104066;2026-04-28;13:00;Paula Barbosa;11980000130;Santo André;SP;Larissa Santos;Manutenção de alongamento;Unhas;100.0;Dinheiro;Concluído;Presencial
104067;2026-04-28;15:00;Rafaela Barbosa;11980000403;São Caetano do Sul;SP;Fernanda Costa;Alongamento de unhas;Unhas;150.0;Cartão de crédito;Concluído;Presencial
104068;2026-04-28;15:00;Juliana Santos;11980000385;Diadema;SP;Camila Rodrigues;Manutenção de cílios;Cílios;90.0;PIX;Concluído;WhatsApp
104069;2026-04-28;15:30;Simone Silva;11980000137;São Caetano do Sul;SP;Bruna Oliveira;Manicure + Pedicure;Unhas;70.0;Dinheiro;Concluído;Instagram
104070;2026-04-28;16:30;Fernanda Almeida;11980000154;Diadema;SP;Larissa Santos;Coloração;Cabelos;152.0;Cartão de débito;Concluído;Presencial
104071;2026-04-28;16:30;Monique Ribeiro;11980000227;Santo André;SP;Fernanda Costa;Manutenção de cílios;Cílios;0.0;Cartão de crédito;Não Compareceu;Presencial
104072;2026-04-28;16:30;Paula Barbosa;11980000130;Santo André;SP;Larissa Santos;Manicure;Unhas;33.25;Dinheiro;Concluído;Presencial
104073;2026-04-28;16:30;Aline Barbosa;11980000056;São Caetano do Sul;SP;Camila Rodrigues;Design de sobrancelhas;Sobrancelhas;45.0;Dinheiro;Concluído;Telefone
104074;2026-04-28;17:30;Jéssica Gomes;11980000084;São Paulo;SP;Juliana Martins;Pedicure;Unhas;40.0;Dinheiro;Concluído;Telefone
104075;2026-04-28;17:30;Paula Oliveira;11980000177;Mauá;SP;Camila Rodrigues;Pedicure;Unhas;40.0;Dinheiro;Concluído;Telefone
104076;2026-04-28;17:30;Letícia Ribeiro;11980000270;São Caetano do Sul;SP;Camila Rodrigues;Corte feminino;Cabelos;85.0;Cartão de débito;Concluído;Telefone
104077;2026-04-28;17:30;Larissa Oliveira;11980000074;São Caetano do Sul;SP;Larissa Santos;Esmaltação em gel;Unhas;80.0;Cartão de crédito;Concluído;Presencial
104078;2026-04-29;09:00;Juliana Souza;11980000417;Diadema;SP;Camila Rodrigues;Design + Henna;Sobrancelhas;60.0;Cartão de débito;Concluído;Telefone
104079;2026-04-29;10:00;Aline Moreira;11980000017;São Caetano do Sul;SP;Mariana Silva;Manutenção de cílios;Cílios;90.0;Cartão de débito;Concluído;Instagram
104080;2026-04-29;10:30;Tatiane Oliveira;11980000258;São Paulo;SP;Patrícia Alves;Manutenção de cílios;Cílios;90.0;PIX;Concluído;Presencial
104081;2026-04-29;13:30;Bruna Gomes;11980000336;Mauá;SP;Mariana Silva;Manutenção de alongamento;Unhas;90.0;Cartão de débito;Concluído;Telefone
104082;2026-04-29;14:30;Vanessa Almeida;11980000311;São Paulo;SP;Juliana Martins;Manutenção de alongamento;Unhas;100.0;Cartão de crédito;Concluído;Telefone
104083;2026-04-29;16:30;Carla Gomes;11980000445;São Caetano do Sul;SP;Bruna Oliveira;Escova;Cabelos;70.0;Dinheiro;Concluído;Presencial
104084;2026-04-29;16:30;Beatriz Ferreira;11980000098;São Bernardo do Campo;SP;Larissa Santos;Escova;Cabelos;70.0;Dinheiro;Concluído;Instagram
104085;2026-04-29;16:30;Tatiane Martins;11980000406;Santo André;SP;Bruna Oliveira;Manicure;Unhas;35.0;Cartão de débito;Concluído;Presencial
104086;2026-04-29;16:30;Amanda Mendes;11980000127;São Bernardo do Campo;SP;Camila Rodrigues;Manutenção de cílios;Cílios;90.0;Cartão de crédito;Concluído;Instagram
104087;2026-04-29;17:00;Larissa Lima;11980000260;Santo André;SP;Fernanda Costa;Esmaltação em gel;Unhas;80.0;PIX;Concluído;WhatsApp
104088;2026-04-29;17:00;Priscila Barbosa;11980000147;Santo André;SP;Mariana Silva;Manutenção de cílios;Cílios;90.0;Cartão de débito;Concluído;Telefone
104089;2026-04-29;17:30;Sabrina Ferreira;11980000281;Santo André;SP;Larissa Santos;Manicure + Pedicure;Unhas;70.0;Cartão de crédito;Concluído;Instagram
104090;2026-04-29;17:30;Monique Lima;11980000449;São Bernardo do Campo;SP;Mariana Silva;Design de sobrancelhas;Sobrancelhas;45.0;PIX;Concluído;Instagram
104091;2026-04-29;18:00;Fernanda Ferreira;11980000392;Mauá;SP;Mariana Silva;Design de sobrancelhas;Sobrancelhas;45.0;Cartão de crédito;Concluído;Presencial
104092;2026-04-29;18:00;Larissa Pereira;11980000105;Santo André;SP;Larissa Santos;Design + Henna;Sobrancelhas;60.0;Dinheiro;Concluído;Telefone
104093;2026-04-30;09:00;Fernanda Ferreira;11980000392;Mauá;SP;Renata Souza;Extensão de cílios;Cílios;180.0;Dinheiro;Concluído;Presencial
104094;2026-04-30;09:30;Daniela Rocha;11980000172;São Paulo;SP;Camila Rodrigues;Escova;Cabelos;70.0;Cartão de débito;Concluído;Telefone
104095;2026-04-30;09:30;Beatriz Barbosa;11980000179;São Bernardo do Campo;SP;Juliana Martins;Escova;Cabelos;70.0;Dinheiro;Concluído;WhatsApp
104096;2026-04-30;11:00;Raquel Rocha;11980000339;Mauá;SP;Camila Rodrigues;Manutenção de alongamento;Unhas;90.0;Cartão de crédito;Concluído;WhatsApp
104097;2026-04-30;11:30;Daniela Lima;11980000399;São Paulo;SP;Juliana Martins;Alongamento de unhas;Unhas;150.0;Dinheiro;Concluído;Presencial
104098;2026-04-30;11:30;Fernanda Pereira;11980000292;Santo André;SP;Patrícia Alves;Manicure;Unhas;35.0;Cartão de crédito;Concluído;Presencial
104099;2026-04-30;14:00;Gabriela Pereira;11980000272;Mauá;SP;Renata Souza;Manicure;Unhas;31.5;Cartão de crédito;Concluído;Presencial
104100;2026-04-30;15:00;Daniela Almeida;11980000400;Mauá;SP;Patrícia Alves;Esmaltação em gel;Unhas;80.0;Cartão de crédito;Concluído;WhatsApp
104101;2026-04-30;15:00;Tatiane Gomes;11980000230;Santo André;SP;Renata Souza;Manutenção de cílios;Cílios;90.0;PIX;Concluído;Presencial
104102;2026-04-30;15:30;Daniela Ribeiro;11980000171;Diadema;SP;Fernanda Costa;Design + Henna;Sobrancelhas;60.0;PIX;Concluído;Presencial
104103;2026-04-30;15:30;Cristiane Dias;11980000024;Mauá;SP;Bruna Oliveira;Manutenção de alongamento;Unhas;0.0;Cartão de débito;Não Compareceu;Telefone
104104;2026-04-30;15:30;Viviane Ferreira;11980000073;Mauá;SP;Bruna Oliveira;Esmaltação em gel;Unhas;80.0;Dinheiro;Concluído;WhatsApp
104105;2026-04-30;16:30;Sabrina Carvalho;11980000124;Mauá;SP;Camila Rodrigues;Hidratação;Cabelos;90.25;PIX;Concluído;Telefone
104106;2026-04-30;17:00;Letícia Costa;11980000164;Diadema;SP;Renata Souza;Design de sobrancelhas;Sobrancelhas;45.0;Cartão de débito;Concluído;Presencial
104107;2026-04-30;17:00;Natália Carvalho;11980000352;Mauá;SP;Juliana Martins;Manicure;Unhas;35.0;Cartão de crédito;Concluído;Instagram
104108;2026-04-30;18:00;Isabela Santos;11980000208;Mauá;SP;Mariana Silva;Manicure;Unhas;35.0;Cartão de débito;Concluído;WhatsApp
104109;2026-04-30;18:00;Natália Ribeiro;11980000424;São Caetano do Sul;SP;Patrícia Alves;Esmaltação em gel;Unhas;0.0;Cartão de crédito;Cancelado;Presencial
104110;2026-05-01;09:00;Letícia Lima;11980000209;São Bernardo do Campo;SP;Juliana Martins;Pedicure;Unhas;40.0;Cartão de débito;Concluído;WhatsApp
104111;2026-05-01;09:00;Daniela Ferreira;11980000108;Mauá;SP;Juliana Martins;Esmaltação em gel;Unhas;0.0;PIX;Cancelado;Presencial
104112;2026-05-01;09:30;Marcela Santos;11980000206;São Paulo;SP;Renata Souza;Design + Henna;Sobrancelhas;60.0;PIX;Concluído;Instagram
104113;2026-05-01;09:30;Viviane Silva;11980000402;Diadema;SP;Larissa Santos;Design de sobrancelhas;Sobrancelhas;45.0;Cartão de crédito;Concluído;WhatsApp
104114;2026-05-01;09:30;Bianca Costa;11980000226;Mauá;SP;Mariana Silva;Manicure;Unhas;35.0;Cartão de débito;Concluído;Telefone
104115;2026-05-01;09:30;Camila Rodrigues;11980000009;São Bernardo do Campo;SP;Fernanda Costa;Manicure;Unhas;35.0;Cartão de débito;Concluído;WhatsApp
104116;2026-05-01;10:00;Paula Martins;11980000323;São Paulo;SP;Bruna Oliveira;Spa dos pés;Estética;65.0;Cartão de débito;Concluído;Telefone
104117;2026-05-01;10:30;Isabela Santos;11980000208;Mauá;SP;Bruna Oliveira;Manicure;Unhas;35.0;PIX;Concluído;Telefone
104118;2026-05-01;11:00;Natália Mendes;11980000413;Mauá;SP;Mariana Silva;Esmaltação em gel;Unhas;80.0;Dinheiro;Concluído;Telefone
104119;2026-05-01;11:30;Daniela Ribeiro;11980000182;Diadema;SP;Camila Rodrigues;Manicure + Pedicure;Unhas;70.0;PIX;Concluído;Telefone
104120;2026-05-01;13:30;Elaine Martins;11980000324;Diadema;SP;Larissa Santos;Manicure;Unhas;35.0;PIX;Concluído;Presencial
104121;2026-05-01;14:00;Jéssica Gomes;11980000049;Diadema;SP;Bruna Oliveira;Manicure;Unhas;35.0;PIX;Concluído;Telefone
104122;2026-05-01;14:30;Camila Costa;11980000190;São Paulo;SP;Patrícia Alves;Manutenção de alongamento;Unhas;0.0;Cartão de crédito;Cancelado;Presencial
104123;2026-05-01;14:30;Rafaela Barbosa;11980000403;São Caetano do Sul;SP;Mariana Silva;Corte feminino;Cabelos;85.0;Cartão de débito;Concluído;WhatsApp
104124;2026-05-01;14:30;Patrícia Oliveira;11980000121;São Caetano do Sul;SP;Mariana Silva;Manicure;Unhas;35.0;Cartão de crédito;Concluído;Presencial
104125;2026-05-01;15:00;Tatiane Silva;11980000072;São Paulo;SP;Patrícia Alves;Manicure + Pedicure;Unhas;70.0;PIX;Concluído;Instagram
104126;2026-05-01;15:00;Patrícia Rocha;11980000159;Mauá;SP;Fernanda Costa;Design de sobrancelhas;Sobrancelhas;45.0;Cartão de débito;Concluído;WhatsApp
104127;2026-05-01;15:30;Flávia Pereira;11980000348;Diadema;SP;Patrícia Alves;Esmaltação em gel;Unhas;80.0;Dinheiro;Concluído;Telefone
104128;2026-05-01;15:30;Camila Carvalho;11980000210;São Bernardo do Campo;SP;Bruna Oliveira;Spa dos pés;Estética;65.0;PIX;Concluído;Telefone
104129;2026-05-01;15:30;Raquel Pereira;11980000379;Mauá;SP;Fernanda Costa;Manutenção de cílios;Cílios;85.5;PIX;Concluído;Presencial
104130;2026-05-01;16:00;Flávia Pereira;11980000348;Diadema;SP;Renata Souza;Escova;Cabelos;70.0;Cartão de crédito;Concluído;Presencial
104131;2026-05-01;16:00;Renata Almeida;11980000155;Mauá;SP;Camila Rodrigues;Extensão de cílios;Cílios;180.0;Dinheiro;Concluído;Presencial
104132;2026-05-01;17:30;Renata Alves;11980000018;São Paulo;SP;Patrícia Alves;Manicure;Unhas;33.25;PIX;Concluído;Presencial
104133;2026-05-02;10:00;Rafaela Lima;11980000441;Diadema;SP;Mariana Silva;Design de sobrancelhas;Sobrancelhas;45.0;Dinheiro;Concluído;WhatsApp
104134;2026-05-02;10:00;Gabriela Gomes;11980000257;São Caetano do Sul;SP;Mariana Silva;Coloração;Cabelos;160.0;Cartão de débito;Concluído;Instagram
104135;2026-05-02;10:30;Elaine Gomes;11980000335;Santo André;SP;Mariana Silva;Escova;Cabelos;70.0;PIX;Concluído;Telefone
104136;2026-05-02;10:30;Tatiane Silva;11980000289;Santo André;SP;Larissa Santos;Esmaltação em gel;Unhas;80.0;Cartão de crédito;Concluído;WhatsApp
104137;2026-05-02;11:00;Bianca Rocha;11980000082;São Paulo;SP;Larissa Santos;Pedicure;Unhas;40.0;Cartão de crédito;Concluído;Presencial
104138;2026-05-02;11:00;Natália Martins;11980000131;São Paulo;SP;Larissa Santos;Escova;Cabelos;70.0;Cartão de crédito;Concluído;Instagram
104139;2026-05-02;11:30;Vanessa Martins;11980000020;São Bernardo do Campo;SP;Patrícia Alves;Alongamento de unhas;Unhas;142.5;Cartão de débito;Concluído;Presencial
104140;2026-05-02;11:30;Carla Lima;11980000433;Mauá;SP;Fernanda Costa;Manicure;Unhas;35.0;PIX;Concluído;Instagram
104141;2026-05-02;13:00;Beatriz Ferreira;11980000098;São Bernardo do Campo;SP;Juliana Martins;Alongamento de unhas;Unhas;150.0;Dinheiro;Concluído;WhatsApp
104142;2026-05-02;13:00;Larissa Santos;11980000175;Diadema;SP;Renata Souza;Manicure + Pedicure;Unhas;70.0;Cartão de crédito;Concluído;WhatsApp
104143;2026-05-02;13:00;Cristiane Ferreira;11980000295;Diadema;SP;Fernanda Costa;Pedicure;Unhas;40.0;Cartão de crédito;Concluído;Telefone
104144;2026-05-02;13:00;Bruna Almeida;11980000369;Mauá;SP;Patrícia Alves;Escova;Cabelos;66.5;PIX;Concluído;Telefone
104145;2026-05-02;13:30;Beatriz Oliveira;11980000329;São Caetano do Sul;SP;Juliana Martins;Coloração;Cabelos;160.0;Dinheiro;Concluído;WhatsApp
104146;2026-05-02;13:30;Gabriela Gomes;11980000257;São Caetano do Sul;SP;Bruna Oliveira;Escova;Cabelos;70.0;Cartão de débito;Concluído;Presencial
104147;2026-05-02;15:00;Gabriela Ribeiro;11980000145;São Bernardo do Campo;SP;Patrícia Alves;Manicure + Pedicure;Unhas;70.0;Cartão de crédito;Concluído;Presencial
104148;2026-05-02;15:00;Renata Ribeiro;11980000228;Diadema;SP;Renata Souza;Design de sobrancelhas;Sobrancelhas;42.75;Cartão de débito;Concluído;Presencial
104149;2026-05-02;15:00;Bianca Ferreira;11980000225;São Paulo;SP;Fernanda Costa;Manutenção de alongamento;Unhas;100.0;PIX;Concluído;Telefone
104150;2026-05-02;15:00;Débora Lima;11980000396;São Bernardo do Campo;SP;Patrícia Alves;Hidratação;Cabelos;90.25;Dinheiro;Concluído;WhatsApp
104151;2026-05-02;15:00;Paula Souza;11980000283;São Paulo;SP;Patrícia Alves;Manicure;Unhas;33.25;Cartão de crédito;Concluído;Presencial
104152;2026-05-02;15:30;Paula Oliveira;11980000177;Mauá;SP;Juliana Martins;Escova;Cabelos;66.5;Cartão de crédito;Concluído;Telefone
104153;2026-05-02;16:00;Elaine Silva;11980000327;São Caetano do Sul;SP;Larissa Santos;Pedicure;Unhas;40.0;Cartão de débito;Concluído;WhatsApp
104154;2026-05-02;16:30;Natália Rocha;11980000277;Santo André;SP;Camila Rodrigues;Pedicure;Unhas;38.0;PIX;Concluído;Instagram
104155;2026-05-02;16:30;Natália Carvalho;11980000352;Mauá;SP;Mariana Silva;Pedicure;Unhas;40.0;Cartão de crédito;Concluído;WhatsApp
104156;2026-05-02;17:00;Bianca Silva;11980000391;São Caetano do Sul;SP;Bruna Oliveira;Esmaltação em gel;Unhas;80.0;Dinheiro;Concluído;Instagram
104157;2026-05-02;17:30;Flávia Martins;11980000344;São Paulo;SP;Bruna Oliveira;Manicure;Unhas;35.0;PIX;Concluído;Telefone
104158;2026-05-02;18:00;Tatiane Silva;11980000262;São Paulo;SP;Fernanda Costa;Design + Henna;Sobrancelhas;0.0;PIX;Cancelado;Presencial
104159;2026-05-03;17:30;Renata Silva;11980000149;Santo André;SP;Camila Rodrigues;Manicure;Unhas;33.25;Dinheiro;Concluído;WhatsApp
104160;2026-05-03;18:00;Paula Ferreira;11980000203;São Caetano do Sul;SP;Patrícia Alves;Extensão de cílios;Cílios;180.0;Dinheiro;Concluído;Instagram
104161;2026-05-04;09:30;Jéssica Silva;11980000448;São Caetano do Sul;SP;Larissa Santos;Manutenção de cílios;Cílios;90.0;PIX;Concluído;WhatsApp
104162;2026-05-04;09:30;Paula Ferreira;11980000203;São Caetano do Sul;SP;Bruna Oliveira;Corte feminino;Cabelos;0.0;Cartão de crédito;Não Compareceu;Presencial
104163;2026-05-04;10:00;Bruna Martins;11980000136;São Bernardo do Campo;SP;Camila Rodrigues;Manicure;Unhas;35.0;PIX;Concluído;Instagram
104164;2026-05-04;10:00;Renata Ribeiro;11980000228;Diadema;SP;Patrícia Alves;Manicure;Unhas;31.5;Cartão de débito;Concluído;WhatsApp
104165;2026-05-04;10:30;Gabriela Ribeiro;11980000145;São Bernardo do Campo;SP;Renata Souza;Pedicure;Unhas;40.0;Cartão de débito;Concluído;Presencial
104166;2026-05-04;11:30;Vanessa Lima;11980000233;Mauá;SP;Camila Rodrigues;Manicure;Unhas;35.0;Cartão de débito;Concluído;Instagram
104167;2026-05-04;11:30;Paula Souza;11980000283;São Paulo;SP;Juliana Martins;Manutenção de cílios;Cílios;90.0;PIX;Concluído;Instagram
104168;2026-05-04;13:30;Bianca Ferreira;11980000132;São Paulo;SP;Camila Rodrigues;Manicure;Unhas;35.0;Cartão de débito;Concluído;Telefone
104169;2026-05-04;13:30;Raquel Costa;11980000033;São Caetano do Sul;SP;Renata Souza;Pedicure;Unhas;38.0;Cartão de débito;Concluído;Instagram
104170;2026-05-04;15:00;Elaine Barbosa;11980000332;São Bernardo do Campo;SP;Camila Rodrigues;Manicure + Pedicure;Unhas;70.0;Dinheiro;Concluído;WhatsApp
104171;2026-05-04;15:00;Daniela Barbosa;11980000253;Mauá;SP;Fernanda Costa;Esmaltação em gel;Unhas;80.0;Dinheiro;Concluído;Instagram
104172;2026-05-04;16:30;Mariana Rocha;11980000107;Diadema;SP;Mariana Silva;Pedicure;Unhas;40.0;Cartão de crédito;Concluído;Presencial
104173;2026-05-04;17:00;Patrícia Souza;11980000306;São Paulo;SP;Renata Souza;Pedicure;Unhas;36.0;Cartão de crédito;Concluído;Telefone
104174;2026-05-04;17:00;Elaine Ferreira;11980000242;São Caetano do Sul;SP;Renata Souza;Manicure;Unhas;35.0;Cartão de débito;Concluído;WhatsApp
104175;2026-05-04;17:30;Elaine Souza;11980000091;São Caetano do Sul;SP;Bruna Oliveira;Escova;Cabelos;63.0;Cartão de crédito;Concluído;Telefone
104176;2026-05-04;18:00;Simone Gomes;11980000205;Santo André;SP;Bruna Oliveira;Spa dos pés;Estética;65.0;Cartão de débito;Concluído;Telefone
104177;2026-05-04;18:00;Priscila Barbosa;11980000150;Santo André;SP;Renata Souza;Design + Henna;Sobrancelhas;60.0;Cartão de débito;Concluído;Telefone
104178;2026-05-05;10:30;Natália Mendes;11980000413;Mauá;SP;Bruna Oliveira;Manutenção de alongamento;Unhas;100.0;Dinheiro;Concluído;Presencial
104179;2026-05-05;10:30;Cristiane Barbosa;11980000123;São Paulo;SP;Mariana Silva;Pedicure;Unhas;40.0;PIX;Concluído;Instagram
104180;2026-05-05;11:30;Amanda Ribeiro;11980000012;Diadema;SP;Patrícia Alves;Manicure + Pedicure;Unhas;0.0;Cartão de débito;Cancelado;Presencial
104181;2026-05-05;14:00;Mariana Rocha;11980000107;Diadema;SP;Juliana Martins;Spa dos pés;Estética;65.0;Dinheiro;Concluído;Instagram
104182;2026-05-05;14:30;Bianca Costa;11980000226;Mauá;SP;Larissa Santos;Manicure + Pedicure;Unhas;70.0;Cartão de débito;Concluído;Presencial
104183;2026-05-05;14:30;Vanessa Rocha;11980000119;Diadema;SP;Juliana Martins;Alongamento de unhas;Unhas;150.0;Cartão de crédito;Concluído;WhatsApp
104184;2026-05-05;15:00;Jéssica Gomes;11980000084;São Paulo;SP;Bruna Oliveira;Spa dos pés;Estética;65.0;PIX;Concluído;Instagram
104185;2026-05-05;15:30;Cristiane Dias;11980000024;Mauá;SP;Mariana Silva;Manutenção de cílios;Cílios;90.0;PIX;Concluído;WhatsApp
104186;2026-05-05;15:30;Letícia Silva;11980000411;Santo André;SP;Bruna Oliveira;Spa dos pés;Estética;65.0;PIX;Concluído;Presencial
104187;2026-05-05;17:00;Fernanda Lima;11980000003;São Paulo;SP;Mariana Silva;Alongamento de unhas;Unhas;150.0;Cartão de crédito;Concluído;Instagram
104188;2026-05-05;17:00;Raquel Costa;11980000033;São Caetano do Sul;SP;Larissa Santos;Manicure;Unhas;35.0;Cartão de débito;Concluído;Telefone
104189;2026-05-05;17:30;Raquel Lima;11980000173;Santo André;SP;Renata Souza;Manicure;Unhas;35.0;Dinheiro;Concluído;Telefone
104190;2026-05-06;09:30;Ana Santos;11980000054;São Bernardo do Campo;SP;Renata Souza;Design + Henna;Sobrancelhas;60.0;Cartão de crédito;Concluído;Instagram
104191;2026-05-06;10:30;Isabela Rocha;11980000055;Santo André;SP;Mariana Silva;Hidratação;Cabelos;95.0;Cartão de débito;Concluído;Telefone
104192;2026-05-06;11:00;Paula Almeida;11980000364;São Paulo;SP;Larissa Santos;Design de sobrancelhas;Sobrancelhas;45.0;PIX;Concluído;Telefone
104193;2026-05-06;11:30;Marcela Ferreira;11980000106;Santo André;SP;Fernanda Costa;Manutenção de cílios;Cílios;85.5;PIX;Concluído;Telefone
104194;2026-05-06;13:00;Bianca Costa;11980000226;Mauá;SP;Renata Souza;Manicure;Unhas;33.25;Dinheiro;Concluído;Telefone
104195;2026-05-06;15:00;Raquel Costa;11980000033;São Caetano do Sul;SP;Juliana Martins;Design + Henna;Sobrancelhas;60.0;Cartão de crédito;Concluído;WhatsApp
104196;2026-05-06;16:00;Monique Ribeiro;11980000048;Diadema;SP;Camila Rodrigues;Design + Henna;Sobrancelhas;57.0;Cartão de débito;Concluído;Telefone
104197;2026-05-06;16:00;Marcela Rocha;11980000126;São Caetano do Sul;SP;Mariana Silva;Manutenção de alongamento;Unhas;100.0;Dinheiro;Concluído;WhatsApp
104198;2026-05-06;16:00;Natália Carvalho;11980000063;Diadema;SP;Juliana Martins;Corte feminino;Cabelos;85.0;PIX;Concluído;Presencial
104199;2026-05-06;17:30;Bruna Gomes;11980000336;Mauá;SP;Camila Rodrigues;Esmaltação em gel;Unhas;80.0;PIX;Concluído;WhatsApp
104200;2026-05-06;18:00;Carla Santos;11980000060;São Paulo;SP;Patrícia Alves;Manicure + Pedicure;Unhas;66.5;Cartão de débito;Concluído;Presencial
104201;2026-05-06;18:00;Beatriz Silva;11980000439;Santo André;SP;Juliana Martins;Design + Henna;Sobrancelhas;60.0;PIX;Concluído;WhatsApp
104202;2026-05-07;10:00;Marcela Gomes;11980000080;São Caetano do Sul;SP;Mariana Silva;Escova;Cabelos;70.0;Dinheiro;Concluído;Telefone
104203;2026-05-07;13:00;Carla Barbosa;11980000053;Mauá;SP;Juliana Martins;Extensão de cílios;Cílios;171.0;PIX;Concluído;Telefone
104204;2026-05-07;13:00;Daniela Freitas;11980000025;Diadema;SP;Fernanda Costa;Spa dos pés;Estética;61.75;PIX;Concluído;WhatsApp
104205;2026-05-07;13:00;Priscila Barbosa;11980000147;Santo André;SP;Bruna Oliveira;Pedicure;Unhas;40.0;Cartão de crédito;Concluído;Presencial
104206;2026-05-07;13:30;Beatriz Oliveira;11980000329;São Caetano do Sul;SP;Bruna Oliveira;Manutenção de cílios;Cílios;81.0;PIX;Concluído;WhatsApp
104207;2026-05-07;14:00;Beatriz Almeida;11980000157;São Caetano do Sul;SP;Larissa Santos;Pedicure;Unhas;36.0;Cartão de débito;Concluído;Presencial
104208;2026-05-07;14:30;Gabriela Lima;11980000330;Mauá;SP;Bruna Oliveira;Hidratação;Cabelos;95.0;PIX;Concluído;Presencial
104209;2026-05-07;15:00;Camila Ferreira;11980000386;São Caetano do Sul;SP;Fernanda Costa;Design de sobrancelhas;Sobrancelhas;45.0;PIX;Concluído;Telefone
104210;2026-05-07;15:00;Patrícia Ferreira;11980000008;São Bernardo do Campo;SP;Fernanda Costa;Manicure;Unhas;35.0;Cartão de débito;Concluído;Presencial
104211;2026-05-07;16:30;Flávia Santos;11980000315;São Bernardo do Campo;SP;Patrícia Alves;Pedicure;Unhas;40.0;Cartão de crédito;Concluído;Presencial
104212;2026-05-07;17:30;Renata Souza;11980000128;Mauá;SP;Bruna Oliveira;Manutenção de cílios;Cílios;90.0;Dinheiro;Concluído;Telefone
104213;2026-05-08;09:00;Cristiane Barbosa;11980000123;São Paulo;SP;Renata Souza;Manicure;Unhas;35.0;Cartão de crédito;Concluído;WhatsApp
104214;2026-05-08;09:00;Patrícia Pereira;11980000347;Santo André;SP;Fernanda Costa;Manutenção de cílios;Cílios;90.0;Cartão de crédito;Concluído;Instagram
104215;2026-05-08;09:00;Mariana Rocha;11980000107;Diadema;SP;Juliana Martins;Pedicure;Unhas;0.0;Cartão de débito;Não Compareceu;Presencial
104216;2026-05-08;09:30;Patrícia Souza;11980000306;São Paulo;SP;Mariana Silva;Hidratação;Cabelos;95.0;Dinheiro;Concluído;Presencial
104217;2026-05-08;09:30;Jéssica Gomes;11980000263;Santo André;SP;Camila Rodrigues;Esmaltação em gel;Unhas;80.0;Cartão de crédito;Concluído;WhatsApp
104218;2026-05-08;11:00;Débora Costa;11980000088;São Paulo;SP;Renata Souza;Manicure;Unhas;33.25;Cartão de crédito;Concluído;Presencial
104219;2026-05-08;11:00;Rafaela Lima;11980000441;Diadema;SP;Mariana Silva;Spa dos pés;Estética;65.0;Cartão de débito;Concluído;WhatsApp
104220;2026-05-08;11:30;Daniela Ferreira;11980000108;Mauá;SP;Renata Souza;Coloração;Cabelos;160.0;Dinheiro;Concluído;Telefone
104221;2026-05-08;11:30;Sabrina Oliveira;11980000266;São Paulo;SP;Renata Souza;Manutenção de alongamento;Unhas;100.0;PIX;Concluído;Instagram
104222;2026-05-08;13:00;Monique Silva;11980000279;São Paulo;SP;Juliana Martins;Manicure;Unhas;35.0;Cartão de débito;Concluído;Presencial
104223;2026-05-08;14:00;Natália Rocha;11980000277;Santo André;SP;Camila Rodrigues;Pedicure;Unhas;0.0;Dinheiro;Não Compareceu;Instagram
104224;2026-05-08;15:00;Rafaela Barbosa;11980000403;São Caetano do Sul;SP;Renata Souza;Esmaltação em gel;Unhas;80.0;Dinheiro;Concluído;Telefone
104225;2026-05-08;15:00;Natália Almeida;11980000077;São Bernardo do Campo;SP;Juliana Martins;Manutenção de alongamento;Unhas;100.0;Cartão de crédito;Concluído;Instagram
104226;2026-05-08;15:30;Bianca Santos;11980000251;São Caetano do Sul;SP;Renata Souza;Manutenção de alongamento;Unhas;100.0;Cartão de crédito;Concluído;WhatsApp
104227;2026-05-08;15:30;Mariana Oliveira;11980000002;São Bernardo do Campo;SP;Renata Souza;Esmaltação em gel;Unhas;0.0;Dinheiro;Cancelado;WhatsApp
104228;2026-05-08;16:30;Sabrina Barbosa;11980000380;Santo André;SP;Patrícia Alves;Manicure + Pedicure;Unhas;0.0;PIX;Cancelado;WhatsApp
104229;2026-05-08;17:00;Isabela Rocha;11980000055;Santo André;SP;Renata Souza;Manicure;Unhas;35.0;Cartão de débito;Concluído;Instagram
104230;2026-05-08;17:30;Beatriz Ferreira;11980000098;São Bernardo do Campo;SP;Fernanda Costa;Escova;Cabelos;70.0;Dinheiro;Concluído;Instagram
104231;2026-05-08;17:30;Gabriela Silva;11980000443;São Caetano do Sul;SP;Mariana Silva;Manicure + Pedicure;Unhas;70.0;Cartão de crédito;Concluído;Instagram
104232;2026-05-08;17:30;Priscila Barbosa;11980000162;São Paulo;SP;Larissa Santos;Pedicure;Unhas;38.0;Cartão de crédito;Concluído;WhatsApp
104233;2026-05-08;18:00;Tatiane Silva;11980000072;São Paulo;SP;Bruna Oliveira;Design + Henna;Sobrancelhas;60.0;Cartão de crédito;Concluído;Telefone
104234;2026-05-09;09:00;Raquel Gomes;11980000432;Santo André;SP;Mariana Silva;Manicure + Pedicure;Unhas;66.5;Dinheiro;Concluído;WhatsApp
104235;2026-05-09;09:00;Priscila Mendes;11980000308;São Bernardo do Campo;SP;Renata Souza;Manicure;Unhas;33.25;Cartão de débito;Concluído;WhatsApp
104236;2026-05-09;09:30;Isabela Mendes;11980000135;São Caetano do Sul;SP;Fernanda Costa;Spa dos pés;Estética;0.0;Cartão de débito;Cancelado;WhatsApp
104237;2026-05-09;09:30;Priscila Barbosa;11980000147;Santo André;SP;Mariana Silva;Esmaltação em gel;Unhas;80.0;PIX;Concluído;Telefone
104238;2026-05-09;09:30;Rafaela Mendes;11980000156;São Caetano do Sul;SP;Camila Rodrigues;Manicure + Pedicure;Unhas;70.0;Dinheiro;Concluído;WhatsApp
104239;2026-05-09;10:00;Natália Carvalho;11980000047;São Paulo;SP;Juliana Martins;Design de sobrancelhas;Sobrancelhas;40.5;PIX;Concluído;Telefone
104240;2026-05-09;10:30;Luciana Lima;11980000249;São Paulo;SP;Renata Souza;Manicure;Unhas;33.25;Cartão de crédito;Concluído;WhatsApp
104241;2026-05-09;11:00;Carla Martins;11980000265;Santo André;SP;Mariana Silva;Manicure;Unhas;35.0;Cartão de débito;Concluído;Instagram
104242;2026-05-09;11:30;Larissa Santos;11980000248;São Bernardo do Campo;SP;Fernanda Costa;Manicure;Unhas;35.0;Dinheiro;Concluído;Telefone
104243;2026-05-09;13:30;Raquel Lima;11980000173;Santo André;SP;Renata Souza;Manicure;Unhas;33.25;PIX;Concluído;Telefone
104244;2026-05-09;13:30;Jéssica Almeida;11980000052;São Caetano do Sul;SP;Mariana Silva;Hidratação;Cabelos;95.0;PIX;Concluído;WhatsApp
104245;2026-05-09;13:30;Larissa Santos;11980000175;Diadema;SP;Larissa Santos;Manutenção de cílios;Cílios;90.0;Cartão de débito;Concluído;Telefone
104246;2026-05-09;14:00;Raquel Gomes;11980000432;Santo André;SP;Fernanda Costa;Escova;Cabelos;0.0;Cartão de débito;Cancelado;Telefone
104247;2026-05-09;15:30;Larissa Lima;11980000326;São Paulo;SP;Mariana Silva;Corte feminino;Cabelos;0.0;Cartão de débito;Cancelado;Presencial
104248;2026-05-09;15:30;Patrícia Ferreira;11980000008;São Bernardo do Campo;SP;Mariana Silva;Corte feminino;Cabelos;80.75;Cartão de crédito;Concluído;Telefone
104249;2026-05-09;16:30;Tatiane Gomes;11980000230;Santo André;SP;Fernanda Costa;Manicure;Unhas;35.0;Dinheiro;Concluído;Telefone
104250;2026-05-09;16:30;Fernanda Santos;11980000405;São Bernardo do Campo;SP;Mariana Silva;Manicure;Unhas;0.0;Cartão de crédito;Cancelado;WhatsApp
104251;2026-05-09;17:30;Simone Gomes;11980000351;São Paulo;SP;Camila Rodrigues;Pedicure;Unhas;40.0;Dinheiro;Concluído;Instagram
104252;2026-05-09;17:30;Bianca Rocha;11980000082;São Paulo;SP;Camila Rodrigues;Design de sobrancelhas;Sobrancelhas;42.75;PIX;Concluído;Telefone
104253;2026-05-09;17:30;Patrícia Barbosa;11980000196;São Caetano do Sul;SP;Bruna Oliveira;Alongamento de unhas;Unhas;150.0;Dinheiro;Concluído;Instagram
104254;2026-05-09;18:00;Paula Souza;11980000283;São Paulo;SP;Juliana Martins;Design + Henna;Sobrancelhas;60.0;Cartão de crédito;Concluído;Instagram
104255;2026-05-10;09:00;Bianca Ferreira;11980000132;São Paulo;SP;Camila Rodrigues;Spa dos pés;Estética;65.0;Cartão de débito;Concluído;Telefone
104256;2026-05-10;15:30;Paula Silva;11980000366;Mauá;SP;Bruna Oliveira;Pedicure;Unhas;40.0;Dinheiro;Concluído;Instagram
104257;2026-05-11;10:30;Amanda Ferreira;11980000398;Mauá;SP;Patrícia Alves;Extensão de cílios;Cílios;180.0;Dinheiro;Concluído;Instagram
104258;2026-05-11;10:30;Monique Costa;11980000186;São Bernardo do Campo;SP;Fernanda Costa;Coloração;Cabelos;152.0;Cartão de débito;Concluído;Telefone
104259;2026-05-11;11:00;Rafaela Lima;11980000441;Diadema;SP;Fernanda Costa;Alongamento de unhas;Unhas;150.0;Dinheiro;Concluído;Instagram
104260;2026-05-11;11:30;Monique Costa;11980000140;Santo André;SP;Fernanda Costa;Manutenção de cílios;Cílios;90.0;Dinheiro;Concluído;Telefone
104261;2026-05-11;14:00;Carla Gomes;11980000445;São Caetano do Sul;SP;Juliana Martins;Manutenção de cílios;Cílios;90.0;Dinheiro;Concluído;Presencial
104262;2026-05-11;14:00;Cristiane Ferreira;11980000295;Diadema;SP;Juliana Martins;Extensão de cílios;Cílios;162.0;Cartão de débito;Concluído;Telefone
104263;2026-05-11;14:30;Débora Martins;11980000408;Diadema;SP;Patrícia Alves;Design + Henna;Sobrancelhas;60.0;Dinheiro;Concluído;Presencial
104264;2026-05-11;14:30;Letícia Pereira;11980000189;Mauá;SP;Mariana Silva;Design de sobrancelhas;Sobrancelhas;40.5;Cartão de débito;Concluído;Presencial
104265;2026-05-11;14:30;Gabriela Martins;11980000011;Santo André;SP;Camila Rodrigues;Design de sobrancelhas;Sobrancelhas;42.75;Cartão de débito;Concluído;Instagram
104266;2026-05-11;15:00;Gabriela Pereira;11980000272;Mauá;SP;Camila Rodrigues;Extensão de cílios;Cílios;162.0;PIX;Concluído;WhatsApp
104267;2026-05-11;15:30;Gabriela Silva;11980000415;São Paulo;SP;Larissa Santos;Manicure + Pedicure;Unhas;63.0;Cartão de débito;Concluído;Instagram
104268;2026-05-11;16:00;Flávia Martins;11980000412;São Bernardo do Campo;SP;Larissa Santos;Hidratação;Cabelos;95.0;PIX;Concluído;Instagram
104269;2026-05-11;16:00;Débora Costa;11980000088;São Paulo;SP;Juliana Martins;Escova;Cabelos;70.0;Cartão de débito;Concluído;WhatsApp
104270;2026-05-11;17:30;Juliana Santos;11980000385;Diadema;SP;Renata Souza;Manutenção de alongamento;Unhas;95.0;Cartão de débito;Concluído;Presencial
104271;2026-05-12;09:00;Viviane Carvalho;11980000354;São Caetano do Sul;SP;Fernanda Costa;Spa dos pés;Estética;65.0;Cartão de débito;Concluído;Telefone
104272;2026-05-12;09:00;Tatiane Pereira;11980000070;São Paulo;SP;Mariana Silva;Spa dos pés;Estética;65.0;Cartão de débito;Concluído;Telefone
104273;2026-05-12;09:00;Gabriela Silva;11980000443;São Caetano do Sul;SP;Larissa Santos;Escova;Cabelos;70.0;Cartão de débito;Concluído;Presencial
104274;2026-05-12;11:00;Rafaela Souza;11980000438;São Caetano do Sul;SP;Larissa Santos;Manicure;Unhas;35.0;Dinheiro;Concluído;Presencial
104275;2026-05-12;11:30;Elaine Souza;11980000111;Santo André;SP;Camila Rodrigues;Design + Henna;Sobrancelhas;60.0;Dinheiro;Concluído;Instagram
104276;2026-05-12;14:00;Paula Martins;11980000323;São Paulo;SP;Renata Souza;Esmaltação em gel;Unhas;0.0;Cartão de débito;Cancelado;Telefone
104277;2026-05-12;14:00;Priscila Martins;11980000187;Santo André;SP;Patrícia Alves;Alongamento de unhas;Unhas;150.0;Cartão de crédito;Concluído;Presencial
104278;2026-05-12;14:00;Gabriela Pereira;11980000272;Mauá;SP;Camila Rodrigues;Manicure + Pedicure;Unhas;70.0;Cartão de débito;Concluído;WhatsApp
104279;2026-05-12;14:30;Débora Martins;11980000408;Diadema;SP;Bruna Oliveira;Esmaltação em gel;Unhas;80.0;Dinheiro;Concluído;Presencial
104280;2026-05-12;15:00;Bianca Ferreira;11980000132;São Paulo;SP;Fernanda Costa;Manicure;Unhas;35.0;Cartão de débito;Concluído;Presencial
104281;2026-05-12;15:30;Renata Rocha;11980000423;Santo André;SP;Juliana Martins;Manicure + Pedicure;Unhas;63.0;Dinheiro;Concluído;WhatsApp
104282;2026-05-12;15:30;Letícia Costa;11980000164;Diadema;SP;Juliana Martins;Manicure;Unhas;35.0;Dinheiro;Concluído;Instagram
104283;2026-05-12;16:00;Paula Mendes;11980000414;Diadema;SP;Larissa Santos;Manutenção de alongamento;Unhas;100.0;PIX;Concluído;Instagram
104284;2026-05-12;17:30;Raquel Lima;11980000173;Santo André;SP;Mariana Silva;Extensão de cílios;Cílios;180.0;Dinheiro;Concluído;Telefone
104285;2026-05-13;09:00;Isabela Ribeiro;11980000377;São Paulo;SP;Bruna Oliveira;Escova;Cabelos;70.0;Dinheiro;Concluído;WhatsApp
104286;2026-05-13;10:00;Vanessa Mendes;11980000343;Santo André;SP;Camila Rodrigues;Manicure;Unhas;33.25;Cartão de débito;Concluído;WhatsApp
104287;2026-05-13;10:30;Larissa Martins;11980000284;Diadema;SP;Larissa Santos;Spa dos pés;Estética;65.0;Cartão de débito;Concluído;WhatsApp
104288;2026-05-13;11:30;Flávia Martins;11980000412;São Bernardo do Campo;SP;Patrícia Alves;Manicure + Pedicure;Unhas;70.0;PIX;Concluído;WhatsApp
104289;2026-05-13;13:00;Vanessa Rocha;11980000043;São Paulo;SP;Patrícia Alves;Manicure;Unhas;31.5;PIX;Concluído;Presencial
104290;2026-05-13;13:30;Letícia Silva;11980000411;Santo André;SP;Juliana Martins;Manutenção de alongamento;Unhas;100.0;Dinheiro;Concluído;Telefone
104291;2026-05-13;14:00;Bianca Oliveira;11980000294;São Paulo;SP;Patrícia Alves;Manutenção de cílios;Cílios;90.0;PIX;Concluído;WhatsApp
104292;2026-05-13;14:00;Bianca Oliveira;11980000294;São Paulo;SP;Fernanda Costa;Alongamento de unhas;Unhas;135.0;PIX;Concluído;Instagram
104293;2026-05-13;14:00;Aline Gomes;11980000222;São Bernardo do Campo;SP;Bruna Oliveira;Design + Henna;Sobrancelhas;57.0;Cartão de débito;Concluído;Instagram
104294;2026-05-13;14:30;Rafaela Rocha;11980000370;São Paulo;SP;Larissa Santos;Manicure + Pedicure;Unhas;70.0;Cartão de débito;Concluído;Presencial
104295;2026-05-13;15:30;Beatriz Oliveira;11980000329;São Caetano do Sul;SP;Fernanda Costa;Pedicure;Unhas;40.0;Dinheiro;Concluído;Presencial
104296;2026-05-13;15:30;Bruna Carvalho;11980000357;Mauá;SP;Bruna Oliveira;Design + Henna;Sobrancelhas;60.0;PIX;Concluído;Instagram
104297;2026-05-13;16:30;Tatiane Silva;11980000072;São Paulo;SP;Fernanda Costa;Esmaltação em gel;Unhas;0.0;PIX;Não Compareceu;WhatsApp
104298;2026-05-13;16:30;Fernanda Martins;11980000200;Diadema;SP;Renata Souza;Coloração;Cabelos;152.0;PIX;Concluído;Presencial
104299;2026-05-13;16:30;Bruna Oliveira;11980000404;São Caetano do Sul;SP;Patrícia Alves;Manutenção de cílios;Cílios;90.0;Cartão de débito;Concluído;Instagram
104300;2026-05-13;17:30;Viviane Ferreira;11980000073;Mauá;SP;Renata Souza;Coloração;Cabelos;152.0;Cartão de crédito;Concluído;Presencial
104301;2026-05-13;17:30;Simone Mendes;11980000293;São Caetano do Sul;SP;Mariana Silva;Design + Henna;Sobrancelhas;57.0;Cartão de débito;Concluído;Instagram
104302;2026-05-13;18:00;Beatriz Barbosa;11980000179;São Bernardo do Campo;SP;Bruna Oliveira;Design de sobrancelhas;Sobrancelhas;45.0;Cartão de crédito;Concluído;Presencial
104303;2026-05-14;09:00;Simone Oliveira;11980000416;Mauá;SP;Camila Rodrigues;Manicure;Unhas;35.0;Cartão de débito;Concluído;Presencial
104304;2026-05-14;10:00;Cristiane Ferreira;11980000376;São Paulo;SP;Fernanda Costa;Hidratação;Cabelos;95.0;Dinheiro;Concluído;Presencial
104305;2026-05-14;10:00;Marcela Vieira;11980000030;São Paulo;SP;Camila Rodrigues;Manutenção de cílios;Cílios;0.0;Dinheiro;Não Compareceu;Telefone
104306;2026-05-14;10:00;Jéssica Almeida;11980000052;São Caetano do Sul;SP;Mariana Silva;Esmaltação em gel;Unhas;80.0;PIX;Concluído;Telefone
104307;2026-05-14;10:00;Isabela Mendes;11980000428;São Caetano do Sul;SP;Fernanda Costa;Escova;Cabelos;63.0;PIX;Concluído;WhatsApp
104308;2026-05-14;11:00;Camila Carvalho;11980000218;Mauá;SP;Larissa Santos;Design de sobrancelhas;Sobrancelhas;45.0;Cartão de débito;Concluído;Instagram
104309;2026-05-14;11:00;Jéssica Silva;11980000448;São Caetano do Sul;SP;Larissa Santos;Manutenção de alongamento;Unhas;90.0;PIX;Concluído;Instagram
104310;2026-05-14;11:30;Monique Ribeiro;11980000227;Santo André;SP;Bruna Oliveira;Extensão de cílios;Cílios;180.0;Dinheiro;Concluído;Telefone
104311;2026-05-14;11:30;Bruna Rocha;11980000081;São Caetano do Sul;SP;Juliana Martins;Escova;Cabelos;63.0;Cartão de crédito;Concluído;Telefone
104312;2026-05-14;13:00;Patrícia Ferreira;11980000008;São Bernardo do Campo;SP;Camila Rodrigues;Alongamento de unhas;Unhas;150.0;Cartão de débito;Concluído;Presencial
104313;2026-05-14;13:30;Sabrina Gomes;11980000305;Diadema;SP;Fernanda Costa;Pedicure;Unhas;40.0;Cartão de crédito;Concluído;Presencial
104314;2026-05-14;15:00;Mariana Oliveira;11980000207;São Caetano do Sul;SP;Camila Rodrigues;Pedicure;Unhas;40.0;Cartão de débito;Concluído;WhatsApp
104315;2026-05-14;15:00;Sabrina Carvalho;11980000124;Mauá;SP;Fernanda Costa;Design de sobrancelhas;Sobrancelhas;45.0;Cartão de crédito;Concluído;Instagram
104316;2026-05-14;15:30;Juliana Souza;11980000417;Diadema;SP;Juliana Martins;Alongamento de unhas;Unhas;150.0;Cartão de débito;Concluído;Instagram
104317;2026-05-14;16:00;Luciana Barbosa;11980000271;São Caetano do Sul;SP;Juliana Martins;Manicure + Pedicure;Unhas;70.0;Cartão de débito;Concluído;WhatsApp
104318;2026-05-14;17:00;Tatiane Silva;11980000262;São Paulo;SP;Fernanda Costa;Manicure + Pedicure;Unhas;70.0;PIX;Concluído;Presencial
104319;2026-05-14;17:00;Camila Santos;11980000291;São Paulo;SP;Renata Souza;Manicure;Unhas;35.0;PIX;Concluído;Instagram
104320;2026-05-14;17:00;Juliana Costa;11980000004;Santo André;SP;Patrícia Alves;Coloração;Cabelos;160.0;Cartão de crédito;Concluído;Presencial
104321;2026-05-14;17:00;Viviane Carvalho;11980000354;São Caetano do Sul;SP;Larissa Santos;Manicure;Unhas;35.0;Dinheiro;Concluído;Instagram
104322;2026-05-15;09:00;Beatriz Barbosa;11980000179;São Bernardo do Campo;SP;Juliana Martins;Extensão de cílios;Cílios;171.0;Dinheiro;Concluído;Telefone
104323;2026-05-15;10:00;Juliana Costa;11980000359;Diadema;SP;Mariana Silva;Escova;Cabelos;70.0;PIX;Concluído;Presencial
104324;2026-05-15;10:00;Renata Ribeiro;11980000228;Diadema;SP;Bruna Oliveira;Design + Henna;Sobrancelhas;60.0;PIX;Concluído;WhatsApp
104325;2026-05-15;10:30;Fernanda Ribeiro;11980000256;São Paulo;SP;Larissa Santos;Manicure;Unhas;35.0;PIX;Concluído;Telefone
104326;2026-05-15;11:00;Viviane Gomes;11980000313;Diadema;SP;Bruna Oliveira;Manicure;Unhas;35.0;Cartão de crédito;Concluído;Telefone
104327;2026-05-15;11:30;Larissa Lima;11980000326;São Paulo;SP;Patrícia Alves;Manicure;Unhas;35.0;Cartão de crédito;Concluído;Presencial
104328;2026-05-15;13:30;Vanessa Carvalho;11980000409;São Caetano do Sul;SP;Patrícia Alves;Design de sobrancelhas;Sobrancelhas;45.0;PIX;Concluído;WhatsApp
104329;2026-05-15;14:00;Juliana Silva;11980000395;Mauá;SP;Patrícia Alves;Alongamento de unhas;Unhas;150.0;Dinheiro;Concluído;Instagram
104330;2026-05-15;14:30;Monique Barbosa;11980000139;São Caetano do Sul;SP;Fernanda Costa;Manicure;Unhas;35.0;Cartão de débito;Concluído;Telefone
104331;2026-05-15;15:30;Débora Barbosa;11980000092;Diadema;SP;Fernanda Costa;Spa dos pés;Estética;65.0;PIX;Concluído;Presencial
104332;2026-05-15;15:30;Raquel Carvalho;11980000193;São Bernardo do Campo;SP;Patrícia Alves;Manicure + Pedicure;Unhas;70.0;Cartão de débito;Concluído;Telefone
104333;2026-05-15;16:00;Marcela Santos;11980000206;São Paulo;SP;Fernanda Costa;Manutenção de cílios;Cílios;90.0;Cartão de débito;Concluído;Presencial
104334;2026-05-15;16:00;Tatiane Souza;11980000022;Santo André;SP;Patrícia Alves;Alongamento de unhas;Unhas;142.5;Cartão de débito;Concluído;Telefone
104335;2026-05-15;16:30;Débora Martins;11980000408;Diadema;SP;Larissa Santos;Spa dos pés;Estética;65.0;Cartão de débito;Concluído;Telefone
104336;2026-05-15;16:30;Larissa Santos;11980000248;São Bernardo do Campo;SP;Larissa Santos;Escova;Cabelos;70.0;Cartão de crédito;Concluído;Instagram
104337;2026-05-15;17:00;Patrícia Martins;11980000274;Santo André;SP;Renata Souza;Pedicure;Unhas;40.0;Cartão de débito;Concluído;WhatsApp
104338;2026-05-15;17:30;Bianca Costa;11980000388;São Bernardo do Campo;SP;Juliana Martins;Escova;Cabelos;66.5;Cartão de débito;Concluído;Instagram
104339;2026-05-15;17:30;Flávia Almeida;11980000285;São Paulo;SP;Camila Rodrigues;Coloração;Cabelos;160.0;Cartão de débito;Concluído;Presencial
104340;2026-05-15;17:30;Bruna Martins;11980000136;São Bernardo do Campo;SP;Renata Souza;Manutenção de alongamento;Unhas;100.0;Cartão de crédito;Concluído;Presencial
104341;2026-05-15;17:30;Monique Ribeiro;11980000166;Diadema;SP;Camila Rodrigues;Manicure;Unhas;35.0;PIX;Concluído;Presencial
104342;2026-05-15;18:00;Natália Martins;11980000131;São Paulo;SP;Juliana Martins;Alongamento de unhas;Unhas;142.5;Cartão de crédito;Concluído;WhatsApp
104343;2026-05-16;09:00;Aline Pereira;11980000322;Mauá;SP;Bruna Oliveira;Design de sobrancelhas;Sobrancelhas;45.0;Cartão de crédito;Concluído;Presencial
104344;2026-05-16;09:30;Juliana Mendes;11980000188;São Caetano do Sul;SP;Bruna Oliveira;Pedicure;Unhas;40.0;Cartão de crédito;Concluído;WhatsApp
104345;2026-05-16;09:30;Larissa Lima;11980000326;São Paulo;SP;Fernanda Costa;Hidratação;Cabelos;0.0;PIX;Não Compareceu;Presencial
104346;2026-05-16;09:30;Natália Almeida;11980000077;São Bernardo do Campo;SP;Mariana Silva;Esmaltação em gel;Unhas;76.0;Dinheiro;Concluído;Instagram
104347;2026-05-16;09:30;Carla Barbosa;11980000053;Mauá;SP;Patrícia Alves;Extensão de cílios;Cílios;180.0;Cartão de débito;Concluído;Presencial
104348;2026-05-16;09:30;Luciana Mendes;11980000146;São Caetano do Sul;SP;Fernanda Costa;Manutenção de alongamento;Unhas;100.0;Cartão de débito;Concluído;Instagram
104349;2026-05-16;09:30;Daniela Barbosa;11980000253;Mauá;SP;Fernanda Costa;Design de sobrancelhas;Sobrancelhas;0.0;Cartão de débito;Não Compareceu;WhatsApp
104350;2026-05-16;09:30;Isabela Rocha;11980000014;Santo André;SP;Camila Rodrigues;Manicure + Pedicure;Unhas;66.5;Cartão de débito;Concluído;Presencial
104351;2026-05-16;10:00;Viviane Ribeiro;11980000045;Mauá;SP;Camila Rodrigues;Manicure + Pedicure;Unhas;70.0;PIX;Concluído;WhatsApp
104352;2026-05-16;10:30;Raquel Lima;11980000173;Santo André;SP;Mariana Silva;Hidratação;Cabelos;95.0;Dinheiro;Concluído;Presencial
104353;2026-05-16;11:00;Marcela Vieira;11980000030;São Paulo;SP;Fernanda Costa;Manutenção de alongamento;Unhas;100.0;PIX;Concluído;Presencial
104354;2026-05-16;11:30;Beatriz Lima;11980000278;São Bernardo do Campo;SP;Camila Rodrigues;Esmaltação em gel;Unhas;80.0;PIX;Concluído;Instagram
104355;2026-05-16;13:00;Viviane Rocha;11980000170;Diadema;SP;Bruna Oliveira;Design de sobrancelhas;Sobrancelhas;45.0;Cartão de crédito;Concluído;Instagram
104356;2026-05-16;13:00;Camila Carvalho;11980000218;Mauá;SP;Fernanda Costa;Manicure + Pedicure;Unhas;70.0;PIX;Concluído;WhatsApp
104357;2026-05-16;13:00;Vanessa Carvalho;11980000409;São Caetano do Sul;SP;Patrícia Alves;Manicure;Unhas;33.25;PIX;Concluído;WhatsApp
104358;2026-05-16;13:00;Beatriz Lima;11980000278;São Bernardo do Campo;SP;Bruna Oliveira;Corte feminino;Cabelos;85.0;PIX;Concluído;Telefone
104359;2026-05-16;14:30;Larissa Pereira;11980000105;Santo André;SP;Larissa Santos;Pedicure;Unhas;40.0;Cartão de crédito;Concluído;WhatsApp
104360;2026-05-16;15:00;Rafaela Souza;11980000438;São Caetano do Sul;SP;Juliana Martins;Hidratação;Cabelos;95.0;Cartão de débito;Concluído;Instagram
104361;2026-05-16;15:30;Camila Costa;11980000190;São Paulo;SP;Patrícia Alves;Coloração;Cabelos;152.0;Cartão de débito;Concluído;WhatsApp
104362;2026-05-16;15:30;Letícia Oliveira;11980000345;Mauá;SP;Mariana Silva;Manicure;Unhas;33.25;PIX;Concluído;Telefone
104363;2026-05-16;15:30;Débora Barbosa;11980000092;Diadema;SP;Mariana Silva;Hidratação;Cabelos;95.0;PIX;Concluído;Telefone
104364;2026-05-16;16:00;Ana Carolina Souza;11980000001;São Paulo;SP;Larissa Santos;Hidratação;Cabelos;95.0;Cartão de crédito;Concluído;WhatsApp
104365;2026-05-16;16:00;Camila Santos;11980000291;São Paulo;SP;Renata Souza;Hidratação;Cabelos;95.0;Cartão de crédito;Concluído;Instagram
104366;2026-05-16;16:30;Camila Ferreira;11980000386;São Caetano do Sul;SP;Juliana Martins;Manutenção de alongamento;Unhas;95.0;Dinheiro;Concluído;Telefone
104367;2026-05-16;17:00;Gabriela Gomes;11980000257;São Caetano do Sul;SP;Mariana Silva;Escova;Cabelos;70.0;Cartão de débito;Concluído;WhatsApp
104368;2026-05-16;17:00;Paula Rocha;11980000097;São Bernardo do Campo;SP;Mariana Silva;Pedicure;Unhas;40.0;Dinheiro;Concluído;Presencial
104369;2026-05-16;18:00;Fernanda Martins;11980000200;Diadema;SP;Mariana Silva;Esmaltação em gel;Unhas;76.0;Cartão de crédito;Concluído;Instagram
104370;2026-05-17;14:30;Juliana Martins;11980000180;São Caetano do Sul;SP;Renata Souza;Manicure;Unhas;35.0;Cartão de débito;Concluído;Telefone
104371;2026-05-18;09:00;Bruna Lima;11980000254;Mauá;SP;Camila Rodrigues;Pedicure;Unhas;40.0;Cartão de crédito;Concluído;Presencial
104372;2026-05-18;09:00;Cristiane Barbosa;11980000123;São Paulo;SP;Camila Rodrigues;Manicure;Unhas;35.0;Cartão de crédito;Concluído;Instagram
104373;2026-05-18;09:30;Monique Lima;11980000449;São Bernardo do Campo;SP;Patrícia Alves;Esmaltação em gel;Unhas;80.0;Cartão de crédito;Concluído;Telefone
104374;2026-05-18;10:30;Camila Souza;11980000360;Mauá;SP;Renata Souza;Escova;Cabelos;66.5;Dinheiro;Concluído;Instagram
104375;2026-05-18;15:00;Paula Souza;11980000283;São Paulo;SP;Juliana Martins;Manicure + Pedicure;Unhas;0.0;Cartão de débito;Não Compareceu;Presencial
104376;2026-05-18;16:00;Daniela Rocha;11980000355;São Caetano do Sul;SP;Renata Souza;Manicure;Unhas;35.0;Cartão de crédito;Concluído;Instagram
104377;2026-05-18;16:00;Luciana Santos;11980000217;Santo André;SP;Bruna Oliveira;Manicure;Unhas;33.25;Dinheiro;Concluído;WhatsApp
104378;2026-05-18;16:00;Tatiane Silva;11980000289;Santo André;SP;Bruna Oliveira;Escova;Cabelos;70.0;Cartão de crédito;Concluído;WhatsApp
104379;2026-05-18;17:00;Elaine Carvalho;11980000151;Mauá;SP;Larissa Santos;Esmaltação em gel;Unhas;80.0;Dinheiro;Concluído;WhatsApp
104380;2026-05-18;17:00;Elaine Gomes;11980000195;Santo André;SP;Bruna Oliveira;Esmaltação em gel;Unhas;80.0;Dinheiro;Concluído;Presencial
104381;2026-05-18;17:00;Bruna Rocha;11980000081;São Caetano do Sul;SP;Fernanda Costa;Manicure;Unhas;0.0;Dinheiro;Não Compareceu;WhatsApp
104382;2026-05-18;17:30;Amanda Carvalho;11980000212;Santo André;SP;Camila Rodrigues;Manicure + Pedicure;Unhas;66.5;PIX;Concluído;Instagram
104383;2026-05-18;17:30;Tatiane Souza;11980000022;Santo André;SP;Patrícia Alves;Manutenção de alongamento;Unhas;90.0;Dinheiro;Concluído;Instagram
104384;2026-05-19;09:00;Gabriela Pereira;11980000272;Mauá;SP;Larissa Santos;Manutenção de cílios;Cílios;90.0;Cartão de crédito;Concluído;Instagram
104385;2026-05-19;09:30;Elaine Santos;11980000231;São Bernardo do Campo;SP;Renata Souza;Manutenção de cílios;Cílios;90.0;Dinheiro;Concluído;Instagram
104386;2026-05-19;10:00;Carla Barbosa;11980000096;Diadema;SP;Bruna Oliveira;Hidratação;Cabelos;95.0;Cartão de débito;Concluído;Presencial
104387;2026-05-19;10:00;Amanda Ribeiro;11980000012;Diadema;SP;Fernanda Costa;Spa dos pés;Estética;65.0;Cartão de débito;Concluído;WhatsApp
104388;2026-05-19;10:00;Patrícia Oliveira;11980000121;São Caetano do Sul;SP;Larissa Santos;Pedicure;Unhas;36.0;Cartão de crédito;Concluído;WhatsApp
104389;2026-05-19;13:30;Beatriz Oliveira;11980000329;São Caetano do Sul;SP;Mariana Silva;Extensão de cílios;Cílios;180.0;Cartão de crédito;Concluído;Presencial
104390;2026-05-19;14:00;Priscila Ribeiro;11980000436;São Paulo;SP;Mariana Silva;Hidratação;Cabelos;95.0;Dinheiro;Concluído;WhatsApp
104391;2026-05-19;14:00;Sabrina Gomes;11980000305;Diadema;SP;Fernanda Costa;Coloração;Cabelos;160.0;PIX;Concluído;Instagram
104392;2026-05-19;14:00;Beatriz Ribeiro;11980000051;São Bernardo do Campo;SP;Mariana Silva;Spa dos pés;Estética;65.0;Cartão de crédito;Concluído;Instagram
104393;2026-05-19;15:30;Isabela Mendes;11980000428;São Caetano do Sul;SP;Bruna Oliveira;Manicure;Unhas;35.0;Cartão de débito;Concluído;Presencial
104394;2026-05-19;16:00;Daniela Lima;11980000431;Diadema;SP;Larissa Santos;Design + Henna;Sobrancelhas;0.0;Cartão de débito;Não Compareceu;Presencial
104395;2026-05-19;16:30;Natália Almeida;11980000077;São Bernardo do Campo;SP;Fernanda Costa;Manicure + Pedicure;Unhas;70.0;Cartão de crédito;Concluído;WhatsApp
104396;2026-05-19;16:30;Isabela Silva;11980000238;São Caetano do Sul;SP;Patrícia Alves;Manicure;Unhas;35.0;Cartão de débito;Concluído;WhatsApp
104397;2026-05-19;17:00;Natália Rocha;11980000277;Santo André;SP;Bruna Oliveira;Corte feminino;Cabelos;85.0;Cartão de crédito;Concluído;Instagram
104398;2026-05-19;17:00;Fernanda Ferreira;11980000392;Mauá;SP;Juliana Martins;Manicure + Pedicure;Unhas;70.0;Dinheiro;Concluído;Presencial
104399;2026-05-19;17:00;Aline Moreira;11980000017;São Caetano do Sul;SP;Fernanda Costa;Escova;Cabelos;70.0;Dinheiro;Concluído;WhatsApp
104400;2026-05-19;17:30;Rafaela Ribeiro;11980000153;São Paulo;SP;Camila Rodrigues;Manicure + Pedicure;Unhas;70.0;Cartão de débito;Concluído;WhatsApp
104401;2026-05-19;18:00;Jéssica Almeida;11980000052;São Caetano do Sul;SP;Renata Souza;Manicure;Unhas;35.0;Dinheiro;Concluído;Presencial
104402;2026-05-19;18:00;Sabrina Souza;11980000286;Diadema;SP;Bruna Oliveira;Design + Henna;Sobrancelhas;60.0;Cartão de crédito;Concluído;Instagram
104403;2026-05-20;09:30;Amanda Carvalho;11980000212;Santo André;SP;Fernanda Costa;Escova;Cabelos;70.0;Dinheiro;Concluído;WhatsApp
104404;2026-05-20;10:00;Flávia Cardoso;11980000027;Diadema;SP;Fernanda Costa;Pedicure;Unhas;40.0;Cartão de crédito;Concluído;Presencial
104405;2026-05-20;10:30;Raquel Ferreira;11980000421;São Bernardo do Campo;SP;Bruna Oliveira;Design de sobrancelhas;Sobrancelhas;45.0;Dinheiro;Concluído;Presencial
104406;2026-05-20;10:30;Camila Santos;11980000291;São Paulo;SP;Juliana Martins;Manicure;Unhas;33.25;Cartão de débito;Concluído;Telefone
104407;2026-05-20;11:00;Elaine Barbosa;11980000332;São Bernardo do Campo;SP;Mariana Silva;Pedicure;Unhas;40.0;Dinheiro;Concluído;Instagram
104408;2026-05-20;13:00;Luciana Ramos;11980000029;Santo André;SP;Larissa Santos;Manutenção de cílios;Cílios;81.0;Dinheiro;Concluído;Telefone
104409;2026-05-20;13:30;Patrícia Rocha;11980000159;Mauá;SP;Mariana Silva;Coloração;Cabelos;160.0;PIX;Concluído;Telefone
104410;2026-05-20;14:30;Bruna Oliveira;11980000404;São Caetano do Sul;SP;Fernanda Costa;Pedicure;Unhas;40.0;Dinheiro;Concluído;Presencial
104411;2026-05-20;15:00;Letícia Oliveira;11980000345;Mauá;SP;Mariana Silva;Manicure;Unhas;0.0;Cartão de débito;Não Compareceu;Presencial
104412;2026-05-20;16:00;Vanessa Rocha;11980000119;Diadema;SP;Mariana Silva;Manicure;Unhas;35.0;PIX;Concluído;Presencial
104413;2026-05-20;16:30;Simone Almeida;11980000184;Santo André;SP;Camila Rodrigues;Coloração;Cabelos;144.0;Cartão de crédito;Concluído;Presencial
104414;2026-05-20;16:30;Cristiane Martins;11980000252;Santo André;SP;Fernanda Costa;Manicure;Unhas;35.0;Cartão de débito;Concluído;Telefone
104415;2026-05-20;17:30;Juliana Santos;11980000385;Diadema;SP;Juliana Martins;Hidratação;Cabelos;95.0;Cartão de débito;Concluído;Instagram
104416;2026-05-20;17:30;Rafaela Souza;11980000438;São Caetano do Sul;SP;Bruna Oliveira;Manicure;Unhas;35.0;Cartão de crédito;Concluído;WhatsApp
104417;2026-05-20;17:30;Juliana Ribeiro;11980000099;Santo André;SP;Larissa Santos;Manicure + Pedicure;Unhas;0.0;Cartão de crédito;Cancelado;WhatsApp
104418;2026-05-21;09:00;Flávia Cardoso;11980000027;Diadema;SP;Larissa Santos;Manicure;Unhas;31.5;Cartão de débito;Concluído;WhatsApp
104419;2026-05-21;09:00;Natália Rocha;11980000277;Santo André;SP;Fernanda Costa;Hidratação;Cabelos;85.5;Cartão de crédito;Concluído;WhatsApp
104420;2026-05-21;09:00;Simone Gomes;11980000205;Santo André;SP;Fernanda Costa;Manutenção de cílios;Cílios;90.0;Cartão de crédito;Concluído;Instagram
104421;2026-05-21;10:00;Carla Barbosa;11980000053;Mauá;SP;Camila Rodrigues;Alongamento de unhas;Unhas;150.0;Dinheiro;Concluído;Telefone
104422;2026-05-21;10:00;Carla Almeida;11980000444;Diadema;SP;Patrícia Alves;Manicure + Pedicure;Unhas;70.0;Cartão de débito;Concluído;WhatsApp
104423;2026-05-21;10:30;Marcela Gomes;11980000080;São Caetano do Sul;SP;Patrícia Alves;Manicure;Unhas;35.0;Cartão de crédito;Concluído;Instagram
104424;2026-05-21;13:00;Bruna Lima;11980000254;Mauá;SP;Mariana Silva;Pedicure;Unhas;38.0;Dinheiro;Concluído;Instagram
104425;2026-05-21;13:30;Flávia Lima;11980000089;Diadema;SP;Patrícia Alves;Design de sobrancelhas;Sobrancelhas;45.0;Cartão de débito;Concluído;Instagram
104426;2026-05-21;14:00;Luciana Almeida;11980000309;São Paulo;SP;Larissa Santos;Manutenção de alongamento;Unhas;100.0;Cartão de débito;Concluído;Instagram
104427;2026-05-21;14:00;Juliana Silva;11980000395;Mauá;SP;Renata Souza;Manicure + Pedicure;Unhas;70.0;Dinheiro;Concluído;WhatsApp
104428;2026-05-21;14:00;Jéssica Gomes;11980000049;Diadema;SP;Juliana Martins;Manicure + Pedicure;Unhas;70.0;Cartão de crédito;Concluído;Presencial
104429;2026-05-21;15:00;Natália Martins;11980000131;São Paulo;SP;Renata Souza;Manicure;Unhas;31.5;PIX;Concluído;Presencial
104430;2026-05-21;15:30;Monique Costa;11980000186;São Bernardo do Campo;SP;Fernanda Costa;Pedicure;Unhas;36.0;Cartão de débito;Concluído;Instagram
104431;2026-05-21;16:00;Elaine Silva;11980000327;São Caetano do Sul;SP;Bruna Oliveira;Corte feminino;Cabelos;85.0;Cartão de crédito;Concluído;Instagram
104432;2026-05-21;17:00;Luciana Gomes;11980000304;São Caetano do Sul;SP;Fernanda Costa;Manicure + Pedicure;Unhas;70.0;Dinheiro;Concluído;Telefone
104433;2026-05-21;17:30;Vanessa Almeida;11980000311;São Paulo;SP;Camila Rodrigues;Pedicure;Unhas;40.0;Cartão de crédito;Concluído;Presencial
104434;2026-05-21;17:30;Paula Ribeiro;11980000450;São Caetano do Sul;SP;Camila Rodrigues;Manicure + Pedicure;Unhas;0.0;Cartão de crédito;Cancelado;Telefone
104435;2026-05-22;09:00;Viviane Ferreira;11980000073;Mauá;SP;Juliana Martins;Escova;Cabelos;70.0;Cartão de crédito;Concluído;Presencial
104436;2026-05-22;09:00;Raquel Silva;11980000341;São Caetano do Sul;SP;Bruna Oliveira;Esmaltação em gel;Unhas;80.0;PIX;Concluído;WhatsApp
104437;2026-05-22;09:00;Juliana Ribeiro;11980000099;Santo André;SP;Juliana Martins;Design de sobrancelhas;Sobrancelhas;42.75;Cartão de crédito;Concluído;Presencial
104438;2026-05-22;10:00;Patrícia Santos;11980000213;Diadema;SP;Bruna Oliveira;Coloração;Cabelos;160.0;Dinheiro;Concluído;Presencial
104439;2026-05-22;10:00;Beatriz Oliveira;11980000393;Diadema;SP;Larissa Santos;Manutenção de alongamento;Unhas;95.0;Dinheiro;Concluído;Instagram
104440;2026-05-22;10:30;Flávia Mendes;11980000129;Mauá;SP;Fernanda Costa;Escova;Cabelos;70.0;Dinheiro;Concluído;Telefone
104441;2026-05-22;10:30;Beatriz Lima;11980000278;São Bernardo do Campo;SP;Patrícia Alves;Manicure + Pedicure;Unhas;70.0;Cartão de crédito;Concluído;Presencial
104442;2026-05-22;11:00;Larissa Lima;11980000260;Santo André;SP;Mariana Silva;Manutenção de alongamento;Unhas;100.0;Dinheiro;Concluído;WhatsApp
104443;2026-05-22;11:30;Elaine Barbosa;11980000394;São Bernardo do Campo;SP;Juliana Martins;Manicure;Unhas;35.0;Cartão de débito;Concluído;Presencial
104444;2026-05-22;11:30;Priscila Barbosa;11980000147;Santo André;SP;Bruna Oliveira;Manutenção de cílios;Cílios;90.0;Dinheiro;Concluído;WhatsApp
104445;2026-05-22;13:30;Raquel Pereira;11980000037;São Bernardo do Campo;SP;Larissa Santos;Design de sobrancelhas;Sobrancelhas;45.0;Cartão de crédito;Concluído;Presencial
104446;2026-05-22;14:00;Rafaela Santos;11980000040;São Paulo;SP;Mariana Silva;Pedicure;Unhas;40.0;Cartão de crédito;Concluído;Instagram
104447;2026-05-22;14:00;Flávia Pereira;11980000348;Diadema;SP;Bruna Oliveira;Pedicure;Unhas;40.0;Cartão de débito;Concluído;Instagram
104448;2026-05-22;14:30;Natália Mendes;11980000413;Mauá;SP;Juliana Martins;Escova;Cabelos;70.0;Cartão de débito;Concluído;Instagram
104449;2026-05-22;15:00;Juliana Martins;11980000180;São Caetano do Sul;SP;Juliana Martins;Design + Henna;Sobrancelhas;57.0;PIX;Concluído;Presencial
104450;2026-05-22;15:00;Débora Martins;11980000408;Diadema;SP;Camila Rodrigues;Spa dos pés;Estética;65.0;Cartão de débito;Concluído;WhatsApp
104451;2026-05-22;15:00;Raquel Lima;11980000173;Santo André;SP;Camila Rodrigues;Manutenção de alongamento;Unhas;100.0;Cartão de crédito;Concluído;WhatsApp
104452;2026-05-22;15:30;Jéssica Almeida;11980000052;São Caetano do Sul;SP;Bruna Oliveira;Escova;Cabelos;70.0;Cartão de débito;Concluído;Telefone
104453;2026-05-22;16:30;Paula Silva;11980000169;Diadema;SP;Bruna Oliveira;Hidratação;Cabelos;95.0;Dinheiro;Concluído;WhatsApp
104454;2026-05-22;16:30;Vanessa Rocha;11980000314;São Paulo;SP;Fernanda Costa;Hidratação;Cabelos;95.0;Cartão de crédito;Concluído;Presencial
104455;2026-05-22;16:30;Rafaela Gomes;11980000356;Diadema;SP;Fernanda Costa;Manutenção de alongamento;Unhas;100.0;Dinheiro;Concluído;Presencial
104456;2026-05-22;17:00;Viviane Costa;11980000307;São Caetano do Sul;SP;Renata Souza;Pedicure;Unhas;40.0;Cartão de crédito;Concluído;Presencial
104457;2026-05-22;17:00;Viviane Ferreira;11980000440;Santo André;SP;Camila Rodrigues;Manutenção de alongamento;Unhas;100.0;PIX;Concluído;Telefone
104458;2026-05-22;17:30;Juliana Ribeiro;11980000099;Santo André;SP;Patrícia Alves;Design de sobrancelhas;Sobrancelhas;45.0;Cartão de débito;Concluído;WhatsApp
104459;2026-05-22;17:30;Isabela Rocha;11980000232;Diadema;SP;Patrícia Alves;Spa dos pés;Estética;65.0;PIX;Concluído;Telefone
104460;2026-05-22;18:00;Elaine Oliveira;11980000158;Diadema;SP;Mariana Silva;Hidratação;Cabelos;95.0;Dinheiro;Concluído;WhatsApp
104461;2026-05-23;09:30;Isabela Rocha;11980000014;Santo André;SP;Fernanda Costa;Corte feminino;Cabelos;85.0;Cartão de débito;Concluído;Telefone
104462;2026-05-23;09:30;Gabriela Martins;11980000011;Santo André;SP;Bruna Oliveira;Coloração;Cabelos;152.0;PIX;Concluído;Telefone
104463;2026-05-23;09:30;Patrícia Pereira;11980000246;São Caetano do Sul;SP;Juliana Martins;Hidratação;Cabelos;95.0;PIX;Concluído;WhatsApp
104464;2026-05-23;10:00;Monique Santos;11980000031;Diadema;SP;Mariana Silva;Design + Henna;Sobrancelhas;60.0;Cartão de crédito;Concluído;Instagram
104465;2026-05-23;10:00;Natália Barbosa;11980000328;Santo André;SP;Renata Souza;Manutenção de alongamento;Unhas;95.0;PIX;Concluído;WhatsApp
104466;2026-05-23;10:00;Bruna Lima;11980000254;Mauá;SP;Juliana Martins;Spa dos pés;Estética;65.0;Cartão de crédito;Concluído;WhatsApp
104467;2026-05-23;10:00;Priscila Martins;11980000187;Santo André;SP;Juliana Martins;Esmaltação em gel;Unhas;80.0;Dinheiro;Concluído;WhatsApp
104468;2026-05-23;11:00;Daniela Silva;11980000437;São Paulo;SP;Renata Souza;Alongamento de unhas;Unhas;150.0;PIX;Concluído;Telefone
104469;2026-05-23;11:00;Natália Ribeiro;11980000424;São Caetano do Sul;SP;Juliana Martins;Hidratação;Cabelos;95.0;Cartão de crédito;Concluído;Presencial
104470;2026-05-23;11:30;Raquel Silva;11980000275;Diadema;SP;Patrícia Alves;Corte feminino;Cabelos;0.0;Dinheiro;Cancelado;Telefone
104471;2026-05-23;13:00;Larissa Lima;11980000326;São Paulo;SP;Bruna Oliveira;Manicure;Unhas;35.0;Dinheiro;Concluído;WhatsApp
104472;2026-05-23;13:00;Flávia Martins;11980000344;São Paulo;SP;Patrícia Alves;Design + Henna;Sobrancelhas;57.0;Cartão de débito;Concluído;Presencial
104473;2026-05-23;13:30;Paula Barbosa;11980000130;Santo André;SP;Patrícia Alves;Corte feminino;Cabelos;85.0;PIX;Concluído;Presencial
104474;2026-05-23;14:30;Paula Martins;11980000165;Mauá;SP;Renata Souza;Manutenção de cílios;Cílios;81.0;PIX;Concluído;WhatsApp
104475;2026-05-23;15:00;Sabrina Oliveira;11980000034;São Bernardo do Campo;SP;Mariana Silva;Pedicure;Unhas;40.0;Cartão de débito;Concluído;Instagram
104476;2026-05-23;16:00;Amanda Carvalho;11980000212;Santo André;SP;Larissa Santos;Manicure;Unhas;35.0;Dinheiro;Concluído;Presencial
104477;2026-05-23;16:30;Jéssica Costa;11980000236;São Caetano do Sul;SP;Larissa Santos;Manutenção de alongamento;Unhas;100.0;PIX;Concluído;Telefone
104478;2026-05-23;16:30;Elaine Oliveira;11980000158;Diadema;SP;Juliana Martins;Manutenção de alongamento;Unhas;100.0;Dinheiro;Concluído;Presencial
104479;2026-05-23;17:00;Débora Lima;11980000113;Diadema;SP;Bruna Oliveira;Escova;Cabelos;70.0;PIX;Concluído;WhatsApp
104480;2026-05-23;17:00;Patrícia Pereira;11980000312;São Bernardo do Campo;SP;Juliana Martins;Design + Henna;Sobrancelhas;60.0;Cartão de débito;Concluído;Telefone
104481;2026-05-23;17:00;Beatriz Lima;11980000278;São Bernardo do Campo;SP;Fernanda Costa;Extensão de cílios;Cílios;180.0;Cartão de crédito;Concluído;Instagram
104482;2026-05-23;18:00;Juliana Santos;11980000234;São Caetano do Sul;SP;Mariana Silva;Design de sobrancelhas;Sobrancelhas;40.5;Dinheiro;Concluído;Presencial
104483;2026-05-24;14:00;Simone Gomes;11980000351;São Paulo;SP;Patrícia Alves;Escova;Cabelos;70.0;PIX;Concluído;Presencial
104484;2026-05-25;09:00;Natália Carvalho;11980000047;São Paulo;SP;Renata Souza;Esmaltação em gel;Unhas;80.0;Cartão de débito;Concluído;Telefone
104485;2026-05-25;09:30;Monique Almeida;11980000093;São Paulo;SP;Mariana Silva;Manicure;Unhas;33.25;Cartão de crédito;Concluído;Presencial
104486;2026-05-25;10:00;Renata Alves;11980000018;São Paulo;SP;Renata Souza;Manicure;Unhas;35.0;Dinheiro;Concluído;Telefone
104487;2026-05-25;10:30;Sabrina Martins;11980000215;Diadema;SP;Fernanda Costa;Design + Henna;Sobrancelhas;57.0;Cartão de débito;Concluído;Instagram
104488;2026-05-25;11:00;Luciana Oliveira;11980000302;São Bernardo do Campo;SP;Bruna Oliveira;Pedicure;Unhas;40.0;Cartão de débito;Concluído;Presencial
104489;2026-05-25;11:00;Vanessa Rocha;11980000119;Diadema;SP;Renata Souza;Pedicure;Unhas;0.0;Dinheiro;Não Compareceu;Presencial
104490;2026-05-25;14:00;Patrícia Oliveira;11980000121;São Caetano do Sul;SP;Mariana Silva;Manutenção de cílios;Cílios;90.0;Cartão de débito;Concluído;Instagram
104491;2026-05-25;15:00;Natália Ribeiro;11980000358;Santo André;SP;Larissa Santos;Manicure;Unhas;35.0;Cartão de crédito;Concluído;Instagram
104492;2026-05-25;15:00;Natália Martins;11980000131;São Paulo;SP;Larissa Santos;Esmaltação em gel;Unhas;80.0;Cartão de crédito;Concluído;WhatsApp
104493;2026-05-25;15:30;Natália Barbosa;11980000016;Diadema;SP;Mariana Silva;Manutenção de cílios;Cílios;81.0;Cartão de débito;Concluído;WhatsApp
104494;2026-05-26;11:00;Larissa Almeida;11980000010;Santo André;SP;Camila Rodrigues;Manicure + Pedicure;Unhas;70.0;Cartão de crédito;Concluído;Instagram
104495;2026-05-26;11:30;Vanessa Rocha;11980000314;São Paulo;SP;Fernanda Costa;Manicure;Unhas;35.0;Cartão de crédito;Concluído;Telefone
104496;2026-05-26;13:00;Gabriela Barbosa;11980000268;Santo André;SP;Larissa Santos;Manutenção de cílios;Cílios;90.0;Dinheiro;Concluído;Presencial
104497;2026-05-26;13:30;Juliana Silva;11980000349;Mauá;SP;Renata Souza;Manicure;Unhas;35.0;Cartão de crédito;Concluído;Instagram
104498;2026-05-26;13:30;Vanessa Carvalho;11980000409;São Caetano do Sul;SP;Patrícia Alves;Extensão de cílios;Cílios;0.0;Dinheiro;Não Compareceu;Telefone
104499;2026-05-26;15:00;Daniela Ribeiro;11980000171;Diadema;SP;Juliana Martins;Pedicure;Unhas;0.0;Cartão de crédito;Cancelado;Instagram
104500;2026-05-26;15:00;Natália Barbosa;11980000269;Mauá;SP;Camila Rodrigues;Hidratação;Cabelos;95.0;Cartão de crédito;Concluído;WhatsApp
104501;2026-05-26;15:30;Monique Lima;11980000449;São Bernardo do Campo;SP;Patrícia Alves;Design de sobrancelhas;Sobrancelhas;45.0;Dinheiro;Concluído;Presencial
104502;2026-05-26;17:00;Letícia Carvalho;11980000109;Diadema;SP;Larissa Santos;Manicure;Unhas;0.0;Dinheiro;Não Compareceu;WhatsApp
104503;2026-05-26;17:00;Fernanda Santos;11980000425;Diadema;SP;Fernanda Costa;Corte feminino;Cabelos;85.0;Cartão de débito;Concluído;Presencial
104504;2026-05-26;17:00;Juliana Santos;11980000362;São Paulo;SP;Juliana Martins;Spa dos pés;Estética;65.0;PIX;Concluído;Telefone
104505;2026-05-26;17:30;Fernanda Pereira;11980000292;Santo André;SP;Mariana Silva;Escova;Cabelos;70.0;Dinheiro;Concluído;Presencial
104506;2026-05-26;18:00;Beatriz Silva;11980000439;Santo André;SP;Mariana Silva;Manutenção de cílios;Cílios;90.0;Cartão de débito;Concluído;Instagram
104507;2026-05-27;10:00;Bianca Silva;11980000391;São Caetano do Sul;SP;Camila Rodrigues;Esmaltação em gel;Unhas;80.0;PIX;Concluído;Telefone
104508;2026-05-27;13:00;Bianca Lopes;11980000023;Diadema;SP;Bruna Oliveira;Design de sobrancelhas;Sobrancelhas;45.0;Cartão de débito;Concluído;WhatsApp
104509;2026-05-27;13:00;Juliana Santos;11980000385;Diadema;SP;Camila Rodrigues;Pedicure;Unhas;40.0;Cartão de débito;Concluído;Telefone
104510;2026-05-27;13:00;Patrícia Souza;11980000306;São Paulo;SP;Patrícia Alves;Corte feminino;Cabelos;85.0;PIX;Concluído;Presencial
104511;2026-05-27;15:00;Beatriz Ferreira;11980000334;São Bernardo do Campo;SP;Bruna Oliveira;Corte feminino;Cabelos;85.0;Dinheiro;Concluído;WhatsApp
104512;2026-05-27;16:30;Beatriz Lima;11980000278;São Bernardo do Campo;SP;Renata Souza;Escova;Cabelos;70.0;Cartão de débito;Concluído;Instagram
104513;2026-05-27;17:30;Patrícia Ferreira;11980000008;São Bernardo do Campo;SP;Fernanda Costa;Extensão de cílios;Cílios;180.0;Dinheiro;Concluído;WhatsApp
104514;2026-05-27;18:00;Tatiane Silva;11980000072;São Paulo;SP;Renata Souza;Manicure + Pedicure;Unhas;70.0;PIX;Concluído;Presencial
104515;2026-05-27;18:00;Luciana Oliveira;11980000302;São Bernardo do Campo;SP;Bruna Oliveira;Manicure;Unhas;35.0;PIX;Concluído;Presencial
104516;2026-05-28;09:00;Juliana Costa;11980000317;Mauá;SP;Larissa Santos;Manicure + Pedicure;Unhas;70.0;Cartão de crédito;Concluído;WhatsApp
104517;2026-05-28;09:30;Cristiane Martins;11980000039;São Bernardo do Campo;SP;Renata Souza;Design + Henna;Sobrancelhas;57.0;PIX;Concluído;Telefone
104518;2026-05-28;10:00;Letícia Carvalho;11980000109;Diadema;SP;Renata Souza;Manutenção de cílios;Cílios;90.0;PIX;Concluído;WhatsApp
104519;2026-05-28;10:00;Luciana Almeida;11980000309;São Paulo;SP;Patrícia Alves;Manutenção de cílios;Cílios;90.0;Cartão de crédito;Concluído;WhatsApp
104520;2026-05-28;11:30;Beatriz Silva;11980000069;São Caetano do Sul;SP;Juliana Martins;Escova;Cabelos;63.0;Dinheiro;Concluído;Presencial
104521;2026-05-28;13:00;Viviane Gomes;11980000313;Diadema;SP;Patrícia Alves;Manicure;Unhas;35.0;Cartão de débito;Concluído;Telefone
104522;2026-05-28;13:30;Viviane Costa;11980000307;São Caetano do Sul;SP;Juliana Martins;Extensão de cílios;Cílios;162.0;Cartão de crédito;Concluído;Telefone
104523;2026-05-28;14:00;Fernanda Lima;11980000003;São Paulo;SP;Juliana Martins;Hidratação;Cabelos;95.0;Dinheiro;Concluído;Instagram
104524;2026-05-28;14:30;Letícia Silva;11980000411;Santo André;SP;Fernanda Costa;Pedicure;Unhas;40.0;PIX;Concluído;Presencial
104525;2026-05-28;15:00;Carla Gomes;11980000445;São Caetano do Sul;SP;Patrícia Alves;Esmaltação em gel;Unhas;76.0;PIX;Concluído;Telefone
104526;2026-05-28;16:00;Fernanda Pereira;11980000292;Santo André;SP;Larissa Santos;Manicure + Pedicure;Unhas;70.0;Cartão de débito;Concluído;WhatsApp
104527;2026-05-28;16:00;Simone Martins;11980000067;Mauá;SP;Larissa Santos;Pedicure;Unhas;40.0;PIX;Concluído;Telefone
104528;2026-05-28;18:00;Larissa Lima;11980000260;Santo André;SP;Mariana Silva;Spa dos pés;Estética;65.0;Cartão de débito;Concluído;Presencial
104529;2026-05-28;18:00;Flávia Almeida;11980000285;São Paulo;SP;Camila Rodrigues;Manicure;Unhas;35.0;Dinheiro;Concluído;Instagram
104530;2026-05-29;09:00;Bianca Ferreira;11980000132;São Paulo;SP;Larissa Santos;Manicure;Unhas;35.0;Dinheiro;Concluído;Telefone
104531;2026-05-29;09:30;Marcela Martins;11980000199;São Paulo;SP;Fernanda Costa;Design + Henna;Sobrancelhas;60.0;PIX;Concluído;WhatsApp
104532;2026-05-29;09:30;Daniela Ribeiro;11980000182;Diadema;SP;Camila Rodrigues;Coloração;Cabelos;144.0;PIX;Concluído;Telefone
104533;2026-05-29;09:30;Cristiane Gomes;11980000303;Diadema;SP;Bruna Oliveira;Manutenção de alongamento;Unhas;100.0;Cartão de crédito;Concluído;WhatsApp
104534;2026-05-29;10:30;Isabela Santos;11980000208;Mauá;SP;Camila Rodrigues;Escova;Cabelos;70.0;Cartão de débito;Concluído;Telefone
104535;2026-05-29;10:30;Raquel Gomes;11980000432;Santo André;SP;Fernanda Costa;Alongamento de unhas;Unhas;142.5;PIX;Concluído;Telefone
104536;2026-05-29;10:30;Tatiane Silva;11980000072;São Paulo;SP;Renata Souza;Pedicure;Unhas;40.0;Cartão de débito;Concluído;WhatsApp
104537;2026-05-29;11:30;Marcela Santos;11980000206;São Paulo;SP;Juliana Martins;Hidratação;Cabelos;85.5;Cartão de débito;Concluído;Presencial
104538;2026-05-29;13:00;Priscila Pereira;11980000353;São Paulo;SP;Patrícia Alves;Design de sobrancelhas;Sobrancelhas;45.0;PIX;Concluído;WhatsApp
104539;2026-05-29;13:00;Vanessa Lima;11980000245;São Bernardo do Campo;SP;Fernanda Costa;Manicure;Unhas;35.0;Dinheiro;Concluído;Instagram
104540;2026-05-29;14:00;Marcela Rocha;11980000221;Diadema;SP;Renata Souza;Design + Henna;Sobrancelhas;54.0;PIX;Concluído;WhatsApp
104541;2026-05-29;14:30;Isabela Barbosa;11980000117;São Paulo;SP;Fernanda Costa;Esmaltação em gel;Unhas;80.0;Cartão de débito;Concluído;Presencial
104542;2026-05-29;15:00;Raquel Silva;11980000341;São Caetano do Sul;SP;Juliana Martins;Escova;Cabelos;70.0;Cartão de crédito;Concluído;WhatsApp
104543;2026-05-29;15:00;Beatriz Almeida;11980000157;São Caetano do Sul;SP;Larissa Santos;Pedicure;Unhas;40.0;Cartão de débito;Concluído;Presencial
104544;2026-05-29;15:00;Marcela Santos;11980000206;São Paulo;SP;Patrícia Alves;Alongamento de unhas;Unhas;0.0;PIX;Não Compareceu;Telefone
104545;2026-05-29;15:30;Larissa Ribeiro;11980000116;São Bernardo do Campo;SP;Fernanda Costa;Manutenção de cílios;Cílios;90.0;Cartão de débito;Concluído;Telefone
104546;2026-05-29;15:30;Rafaela Santos;11980000223;Diadema;SP;Renata Souza;Extensão de cílios;Cílios;180.0;Cartão de crédito;Concluído;WhatsApp
104547;2026-05-29;16:00;Carla Lima;11980000122;Santo André;SP;Camila Rodrigues;Pedicure;Unhas;40.0;Cartão de débito;Concluído;Instagram
104548;2026-05-29;16:00;Carla Barbosa;11980000053;Mauá;SP;Bruna Oliveira;Manicure;Unhas;35.0;PIX;Concluído;Telefone
104549;2026-05-29;17:00;Sabrina Lima;11980000062;São Caetano do Sul;SP;Patrícia Alves;Alongamento de unhas;Unhas;150.0;Cartão de débito;Concluído;Telefone
104550;2026-05-29;17:30;Priscila Ribeiro;11980000178;São Paulo;SP;Bruna Oliveira;Esmaltação em gel;Unhas;80.0;Cartão de crédito;Concluído;WhatsApp
104551;2026-05-29;17:30;Paula Ferreira;11980000239;São Bernardo do Campo;SP;Larissa Santos;Manicure;Unhas;35.0;Cartão de débito;Concluído;WhatsApp
104552;2026-05-30;09:00;Simone Gomes;11980000351;São Paulo;SP;Renata Souza;Manicure + Pedicure;Unhas;70.0;Dinheiro;Concluído;Instagram
104553;2026-05-30;09:30;Rafaela Santos;11980000223;Diadema;SP;Juliana Martins;Manicure;Unhas;35.0;Dinheiro;Concluído;Telefone
104554;2026-05-30;09:30;Patrícia Barbosa;11980000196;São Caetano do Sul;SP;Patrícia Alves;Manicure + Pedicure;Unhas;70.0;Cartão de débito;Concluído;WhatsApp
104555;2026-05-30;10:00;Isabela Silva;11980000238;São Caetano do Sul;SP;Bruna Oliveira;Design de sobrancelhas;Sobrancelhas;45.0;PIX;Concluído;Telefone
104556;2026-05-30;10:00;Raquel Rocha;11980000339;Mauá;SP;Juliana Martins;Pedicure;Unhas;36.0;Cartão de crédito;Concluído;WhatsApp
104557;2026-05-30;10:00;Bianca Costa;11980000388;São Bernardo do Campo;SP;Camila Rodrigues;Pedicure;Unhas;40.0;PIX;Concluído;Presencial
104558;2026-05-30;10:00;Cristiane Ferreira;11980000295;Diadema;SP;Mariana Silva;Manicure + Pedicure;Unhas;70.0;Cartão de débito;Concluído;WhatsApp
104559;2026-05-30;10:30;Fernanda Ferreira;11980000392;Mauá;SP;Mariana Silva;Design + Henna;Sobrancelhas;0.0;Cartão de débito;Cancelado;WhatsApp
104560;2026-05-30;11:00;Isabela Lima;11980000264;Diadema;SP;Bruna Oliveira;Manicure;Unhas;35.0;Cartão de débito;Concluído;WhatsApp
104561;2026-05-30;11:00;Flávia Mendes;11980000129;Mauá;SP;Renata Souza;Esmaltação em gel;Unhas;80.0;Cartão de débito;Concluído;Instagram
104562;2026-05-30;11:30;Viviane Silva;11980000402;Diadema;SP;Bruna Oliveira;Manicure;Unhas;35.0;Cartão de débito;Concluído;Instagram
104563;2026-05-30;11:30;Juliana Costa;11980000317;Mauá;SP;Juliana Martins;Manicure;Unhas;35.0;Dinheiro;Concluído;Telefone
104564;2026-05-30;13:00;Daniela Lima;11980000399;São Paulo;SP;Mariana Silva;Pedicure;Unhas;38.0;PIX;Concluído;Telefone
104565;2026-05-30;13:30;Carla Almeida;11980000444;Diadema;SP;Renata Souza;Manutenção de alongamento;Unhas;100.0;Cartão de crédito;Concluído;WhatsApp
104566;2026-05-30;14:00;Letícia Souza;11980000389;Santo André;SP;Fernanda Costa;Manicure + Pedicure;Unhas;70.0;Dinheiro;Concluído;WhatsApp
104567;2026-05-30;14:30;Amanda Carvalho;11980000212;Santo André;SP;Juliana Martins;Manicure;Unhas;35.0;Cartão de crédito;Concluído;Instagram
104568;2026-05-30;16:30;Tatiane Souza;11980000022;Santo André;SP;Patrícia Alves;Escova;Cabelos;70.0;Cartão de débito;Concluído;WhatsApp
104569;2026-05-30;16:30;Patrícia Rocha;11980000159;Mauá;SP;Renata Souza;Esmaltação em gel;Unhas;80.0;Cartão de débito;Concluído;Telefone
104570;2026-05-30;16:30;Marcela Oliveira;11980000382;Mauá;SP;Mariana Silva;Alongamento de unhas;Unhas;150.0;Dinheiro;Concluído;Presencial
104571;2026-05-30;17:00;Marcela Martins;11980000199;São Paulo;SP;Renata Souza;Spa dos pés;Estética;65.0;Cartão de débito;Concluído;Telefone
104572;2026-05-30;17:00;Beatriz Santos;11980000007;Mauá;SP;Larissa Santos;Hidratação;Cabelos;85.5;Cartão de débito;Concluído;Telefone
104573;2026-05-30;17:00;Larissa Martins;11980000284;Diadema;SP;Patrícia Alves;Design de sobrancelhas;Sobrancelhas;45.0;Cartão de crédito;Concluído;Presencial
104574;2026-05-30;17:30;Rafaela Rocha;11980000370;São Paulo;SP;Bruna Oliveira;Escova;Cabelos;70.0;Dinheiro;Concluído;Telefone
104575;2026-05-30;17:30;Gabriela Silva;11980000415;São Paulo;SP;Juliana Martins;Design de sobrancelhas;Sobrancelhas;45.0;Cartão de crédito;Concluído;Instagram
104576;2026-05-30;17:30;Cristiane Martins;11980000039;São Bernardo do Campo;SP;Renata Souza;Manicure + Pedicure;Unhas;70.0;Dinheiro;Concluído;Instagram
104577;2026-05-30;17:30;Monique Almeida;11980000093;São Paulo;SP;Bruna Oliveira;Pedicure;Unhas;36.0;Cartão de débito;Concluído;Presencial
104578;2026-05-30;17:30;Sabrina Lima;11980000100;Diadema;SP;Camila Rodrigues;Spa dos pés;Estética;65.0;PIX;Concluído;Instagram
104579;2026-05-30;18:00;Simone Silva;11980000035;São Paulo;SP;Renata Souza;Spa dos pés;Estética;0.0;Cartão de crédito;Não Compareceu;Telefone
104580;2026-05-30;18:00;Simone Oliveira;11980000416;Mauá;SP;Camila Rodrigues;Pedicure;Unhas;40.0;PIX;Concluído;Presencial
104581;2026-05-30;18:00;Bianca Rocha;11980000082;São Paulo;SP;Fernanda Costa;Manicure + Pedicure;Unhas;70.0;Dinheiro;Concluído;Presencial
104582;2026-06-01;09:00;Isabela Santos;11980000208;Mauá;SP;Mariana Silva;Corte feminino;Cabelos;80.75;PIX;Concluído;Telefone
104583;2026-06-01;10:00;Amanda Oliveira;11980000112;São Caetano do Sul;SP;Bruna Oliveira;Escova;Cabelos;70.0;Cartão de crédito;Concluído;WhatsApp
104584;2026-06-01;10:00;Juliana Ribeiro;11980000046;Santo André;SP;Renata Souza;Alongamento de unhas;Unhas;150.0;Cartão de crédito;Concluído;Telefone
104585;2026-06-01;10:30;Bianca Ribeiro;11980000288;São Paulo;SP;Bruna Oliveira;Design de sobrancelhas;Sobrancelhas;42.75;Cartão de crédito;Concluído;Presencial
104586;2026-06-01;11:00;Viviane Lima;11980000036;Mauá;SP;Camila Rodrigues;Manutenção de cílios;Cílios;90.0;Dinheiro;Concluído;Instagram
104587;2026-06-01;11:30;Paula Oliveira;11980000177;Mauá;SP;Renata Souza;Design + Henna;Sobrancelhas;60.0;Cartão de crédito;Concluído;Instagram
104588;2026-06-01;11:30;Juliana Martins;11980000333;Diadema;SP;Patrícia Alves;Hidratação;Cabelos;95.0;PIX;Concluído;Telefone
104589;2026-06-01;13:00;Bruna Barbosa;11980000446;Santo André;SP;Fernanda Costa;Manutenção de alongamento;Unhas;100.0;PIX;Concluído;Telefone
104590;2026-06-01;13:30;Mariana Oliveira;11980000002;São Bernardo do Campo;SP;Mariana Silva;Extensão de cílios;Cílios;180.0;Dinheiro;Concluído;WhatsApp
104591;2026-06-01;13:30;Luciana Gomes;11980000304;São Caetano do Sul;SP;Patrícia Alves;Alongamento de unhas;Unhas;150.0;PIX;Concluído;Telefone
104592;2026-06-01;13:30;Beatriz Almeida;11980000157;São Caetano do Sul;SP;Mariana Silva;Manicure;Unhas;35.0;Cartão de crédito;Concluído;WhatsApp
104593;2026-06-01;13:30;Flávia Lima;11980000089;Diadema;SP;Renata Souza;Manutenção de alongamento;Unhas;95.0;Cartão de débito;Concluído;Instagram
104594;2026-06-01;14:30;Carla Oliveira;11980000115;Santo André;SP;Renata Souza;Manicure;Unhas;35.0;Cartão de débito;Concluído;WhatsApp
104595;2026-06-01;14:30;Larissa Ribeiro;11980000247;Santo André;SP;Renata Souza;Manutenção de cílios;Cílios;85.5;Cartão de débito;Concluído;Presencial
104596;2026-06-01;16:30;Viviane Costa;11980000307;São Caetano do Sul;SP;Camila Rodrigues;Manutenção de alongamento;Unhas;100.0;Cartão de débito;Concluído;WhatsApp
104597;2026-06-01;17:00;Sabrina Souza;11980000038;Mauá;SP;Larissa Santos;Manutenção de cílios;Cílios;90.0;Cartão de crédito;Concluído;Telefone
104598;2026-06-01;17:00;Flávia Almeida;11980000285;São Paulo;SP;Patrícia Alves;Manutenção de alongamento;Unhas;100.0;Dinheiro;Concluído;Presencial
104599;2026-06-01;17:30;Bruna Gomes;11980000336;Mauá;SP;Juliana Martins;Alongamento de unhas;Unhas;150.0;Cartão de crédito;Concluído;Instagram
104600;2026-06-02;10:00;Sabrina Barbosa;11980000380;Santo André;SP;Mariana Silva;Alongamento de unhas;Unhas;150.0;Cartão de débito;Concluído;Telefone
104601;2026-06-02;10:00;Simone Oliveira;11980000416;Mauá;SP;Patrícia Alves;Design de sobrancelhas;Sobrancelhas;45.0;PIX;Concluído;Instagram
104602;2026-06-02;11:00;Vanessa Martins;11980000020;São Bernardo do Campo;SP;Renata Souza;Manutenção de cílios;Cílios;90.0;Dinheiro;Concluído;Telefone
104603;2026-06-02;11:30;Bianca Ferreira;11980000225;São Paulo;SP;Bruna Oliveira;Pedicure;Unhas;40.0;PIX;Concluído;WhatsApp
104604;2026-06-02;11:30;Larissa Santos;11980000175;Diadema;SP;Bruna Oliveira;Escova;Cabelos;70.0;PIX;Concluído;Presencial
104605;2026-06-02;14:00;Fernanda Ribeiro;11980000256;São Paulo;SP;Camila Rodrigues;Manicure;Unhas;31.5;PIX;Concluído;Telefone
104606;2026-06-02;14:30;Tatiane Souza;11980000022;Santo André;SP;Larissa Santos;Pedicure;Unhas;40.0;Dinheiro;Concluído;WhatsApp
104607;2026-06-02;14:30;Priscila Barbosa;11980000219;Mauá;SP;Mariana Silva;Manutenção de cílios;Cílios;90.0;Dinheiro;Concluído;Telefone
104608;2026-06-02;15:00;Letícia Souza;11980000389;Santo André;SP;Renata Souza;Design de sobrancelhas;Sobrancelhas;45.0;Cartão de crédito;Concluído;WhatsApp
104609;2026-06-02;16:00;Beatriz Lima;11980000278;São Bernardo do Campo;SP;Patrícia Alves;Pedicure;Unhas;40.0;Cartão de crédito;Concluído;Telefone
104610;2026-06-02;16:30;Gabriela Lima;11980000330;Mauá;SP;Renata Souza;Coloração;Cabelos;160.0;Cartão de crédito;Concluído;Presencial
104611;2026-06-02;17:00;Rafaela Mendes;11980000114;Santo André;SP;Patrícia Alves;Escova;Cabelos;0.0;PIX;Cancelado;Presencial
104612;2026-06-02;17:00;Mariana Oliveira;11980000207;São Caetano do Sul;SP;Patrícia Alves;Pedicure;Unhas;40.0;Dinheiro;Concluído;Presencial
104613;2026-06-02;17:30;Larissa Ribeiro;11980000247;Santo André;SP;Larissa Santos;Manutenção de alongamento;Unhas;100.0;Cartão de débito;Concluído;Telefone
104614;2026-06-02;18:00;Marcela Souza;11980000174;São Paulo;SP;Renata Souza;Alongamento de unhas;Unhas;150.0;Cartão de crédito;Concluído;Telefone
104615;2026-06-03;09:00;Letícia Costa;11980000164;Diadema;SP;Mariana Silva;Hidratação;Cabelos;95.0;PIX;Concluído;Presencial
104616;2026-06-03;09:00;Letícia Carvalho;11980000109;Diadema;SP;Patrícia Alves;Design de sobrancelhas;Sobrancelhas;45.0;Dinheiro;Concluído;WhatsApp
104617;2026-06-03;10:00;Natália Ribeiro;11980000424;São Caetano do Sul;SP;Juliana Martins;Alongamento de unhas;Unhas;135.0;Cartão de crédito;Concluído;Presencial
104618;2026-06-03;10:00;Elaine Carvalho;11980000151;Mauá;SP;Renata Souza;Coloração;Cabelos;160.0;PIX;Concluído;Telefone
104619;2026-06-03;10:30;Beatriz Almeida;11980000157;São Caetano do Sul;SP;Larissa Santos;Pedicure;Unhas;40.0;Dinheiro;Concluído;Instagram
104620;2026-06-03;11:30;Tatiane Costa;11980000194;Diadema;SP;Bruna Oliveira;Manicure;Unhas;35.0;Cartão de débito;Concluído;Presencial
104621;2026-06-03;11:30;Carla Almeida;11980000444;Diadema;SP;Larissa Santos;Design de sobrancelhas;Sobrancelhas;42.75;Cartão de crédito;Concluído;Telefone
104622;2026-06-03;14:30;Carla Martins;11980000265;Santo André;SP;Camila Rodrigues;Manicure + Pedicure;Unhas;70.0;Cartão de crédito;Concluído;Instagram
104623;2026-06-03;14:30;Camila Souza;11980000360;Mauá;SP;Juliana Martins;Esmaltação em gel;Unhas;76.0;Dinheiro;Concluído;Presencial
104624;2026-06-03;15:00;Viviane Silva;11980000402;Diadema;SP;Mariana Silva;Alongamento de unhas;Unhas;0.0;Dinheiro;Não Compareceu;Instagram
104625;2026-06-03;15:30;Paula Silva;11980000169;Diadema;SP;Larissa Santos;Manicure + Pedicure;Unhas;70.0;PIX;Concluído;Instagram
104626;2026-06-03;15:30;Sabrina Oliveira;11980000034;São Bernardo do Campo;SP;Bruna Oliveira;Alongamento de unhas;Unhas;150.0;Dinheiro;Concluído;Presencial
104627;2026-06-03;15:30;Camila Mendes;11980000138;Santo André;SP;Patrícia Alves;Alongamento de unhas;Unhas;150.0;Cartão de crédito;Concluído;Telefone
104628;2026-06-03;16:00;Gabriela Barbosa;11980000268;Santo André;SP;Fernanda Costa;Manicure;Unhas;35.0;PIX;Concluído;Presencial
104629;2026-06-03;16:00;Patrícia Pereira;11980000312;São Bernardo do Campo;SP;Bruna Oliveira;Design de sobrancelhas;Sobrancelhas;45.0;PIX;Concluído;Telefone
104630;2026-06-03;17:00;Priscila Ribeiro;11980000436;São Paulo;SP;Mariana Silva;Manicure + Pedicure;Unhas;66.5;PIX;Concluído;Presencial
104631;2026-06-03;17:30;Bianca Santos;11980000066;São Bernardo do Campo;SP;Fernanda Costa;Manicure;Unhas;35.0;Cartão de débito;Concluído;WhatsApp
104632;2026-06-03;17:30;Larissa Souza;11980000095;Santo André;SP;Mariana Silva;Alongamento de unhas;Unhas;150.0;Cartão de crédito;Concluído;Instagram
104633;2026-06-03;18:00;Mariana Oliveira;11980000002;São Bernardo do Campo;SP;Larissa Santos;Escova;Cabelos;70.0;Cartão de crédito;Concluído;Instagram
104634;2026-06-04;10:00;Luciana Ramos;11980000029;Santo André;SP;Larissa Santos;Manicure + Pedicure;Unhas;70.0;Cartão de crédito;Concluído;Telefone
104635;2026-06-04;11:00;Flávia Martins;11980000412;São Bernardo do Campo;SP;Renata Souza;Manutenção de cílios;Cílios;90.0;Dinheiro;Concluído;Presencial
104636;2026-06-04;11:30;Patrícia Barbosa;11980000196;São Caetano do Sul;SP;Camila Rodrigues;Pedicure;Unhas;0.0;PIX;Não Compareceu;Instagram
104637;2026-06-04;13:30;Rafaela Ribeiro;11980000153;São Paulo;SP;Juliana Martins;Esmaltação em gel;Unhas;80.0;PIX;Concluído;Telefone
104638;2026-06-04;14:00;Isabela Rocha;11980000232;Diadema;SP;Patrícia Alves;Manicure + Pedicure;Unhas;70.0;Cartão de crédito;Concluído;Presencial
104639;2026-06-04;14:00;Daniela Silva;11980000346;São Paulo;SP;Bruna Oliveira;Alongamento de unhas;Unhas;142.5;Dinheiro;Concluído;Presencial
104640;2026-06-04;14:30;Viviane Gomes;11980000313;Diadema;SP;Camila Rodrigues;Extensão de cílios;Cílios;180.0;Cartão de débito;Concluído;WhatsApp
104641;2026-06-04;15:00;Camila Silva;11980000041;São Paulo;SP;Bruna Oliveira;Manutenção de alongamento;Unhas;100.0;PIX;Concluído;WhatsApp
104642;2026-06-04;17:00;Larissa Pereira;11980000105;Santo André;SP;Patrícia Alves;Alongamento de unhas;Unhas;135.0;Cartão de débito;Concluído;Instagram
104643;2026-06-04;17:30;Luciana Almeida;11980000309;São Paulo;SP;Camila Rodrigues;Esmaltação em gel;Unhas;80.0;Cartão de crédito;Concluído;WhatsApp
104644;2026-06-04;17:30;Luciana Mendes;11980000146;São Caetano do Sul;SP;Juliana Martins;Pedicure;Unhas;36.0;Dinheiro;Concluído;Telefone
104645;2026-06-05;09:00;Camila Oliveira;11980000224;Mauá;SP;Fernanda Costa;Corte feminino;Cabelos;85.0;Cartão de débito;Concluído;Telefone
104646;2026-06-05;09:00;Jéssica Martins;11980000028;Mauá;SP;Bruna Oliveira;Manicure + Pedicure;Unhas;70.0;Cartão de débito;Concluído;Presencial
104647;2026-06-05;10:00;Camila Costa;11980000190;São Paulo;SP;Mariana Silva;Manicure + Pedicure;Unhas;70.0;PIX;Concluído;Telefone
104648;2026-06-05;10:00;Tatiane Gomes;11980000230;Santo André;SP;Bruna Oliveira;Coloração;Cabelos;152.0;Cartão de crédito;Concluído;Telefone
104649;2026-06-05;10:00;Bianca Silva;11980000391;São Caetano do Sul;SP;Larissa Santos;Manutenção de cílios;Cílios;90.0;Cartão de crédito;Concluído;Presencial
104650;2026-06-05;10:30;Patrícia Ferreira;11980000008;São Bernardo do Campo;SP;Fernanda Costa;Hidratação;Cabelos;0.0;Dinheiro;Cancelado;Telefone
104651;2026-06-05;11:00;Sabrina Carvalho;11980000124;Mauá;SP;Camila Rodrigues;Corte feminino;Cabelos;85.0;Dinheiro;Concluído;Presencial
104652;2026-06-05;11:00;Isabela Lima;11980000264;Diadema;SP;Fernanda Costa;Extensão de cílios;Cílios;162.0;Dinheiro;Concluído;WhatsApp
104653;2026-06-05;11:30;Elaine Gomes;11980000335;Santo André;SP;Renata Souza;Escova;Cabelos;0.0;Dinheiro;Não Compareceu;Presencial
104654;2026-06-05;11:30;Cristiane Santos;11980000378;Mauá;SP;Bruna Oliveira;Manutenção de alongamento;Unhas;100.0;Cartão de débito;Concluído;WhatsApp
104655;2026-06-05;13:00;Beatriz Ferreira;11980000334;São Bernardo do Campo;SP;Patrícia Alves;Manutenção de alongamento;Unhas;100.0;Cartão de crédito;Concluído;Telefone
104656;2026-06-05;13:00;Vanessa Martins;11980000020;São Bernardo do Campo;SP;Juliana Martins;Design de sobrancelhas;Sobrancelhas;45.0;Cartão de débito;Concluído;Telefone
104657;2026-06-05;13:30;Isabela Ribeiro;11980000377;São Paulo;SP;Bruna Oliveira;Manicure;Unhas;35.0;Dinheiro;Concluído;WhatsApp
104658;2026-06-05;14:30;Renata Oliveira;11980000429;São Bernardo do Campo;SP;Larissa Santos;Extensão de cílios;Cílios;180.0;Dinheiro;Concluído;WhatsApp
104659;2026-06-05;14:30;Natália Barbosa;11980000016;Diadema;SP;Mariana Silva;Pedicure;Unhas;40.0;Cartão de crédito;Concluído;Telefone
104660;2026-06-05;15:30;Marcela Rocha;11980000126;São Caetano do Sul;SP;Patrícia Alves;Design + Henna;Sobrancelhas;60.0;Cartão de crédito;Concluído;Presencial
104661;2026-06-05;16:30;Paula Martins;11980000323;São Paulo;SP;Bruna Oliveira;Manicure;Unhas;35.0;PIX;Concluído;WhatsApp
104662;2026-06-05;17:00;Bruna Ferreira;11980000148;Santo André;SP;Juliana Martins;Manicure;Unhas;33.25;PIX;Concluído;WhatsApp
104663;2026-06-05;18:00;Isabela Mendes;11980000428;São Caetano do Sul;SP;Renata Souza;Escova;Cabelos;70.0;Dinheiro;Concluído;WhatsApp
104664;2026-06-05;18:00;Daniela Ferreira;11980000435;São Bernardo do Campo;SP;Juliana Martins;Extensão de cílios;Cílios;171.0;Cartão de débito;Concluído;Instagram
104665;2026-06-06;09:00;Fernanda Ribeiro;11980000237;Diadema;SP;Fernanda Costa;Pedicure;Unhas;38.0;Cartão de débito;Concluído;Telefone
104666;2026-06-06;09:00;Marcela Gomes;11980000080;São Caetano do Sul;SP;Mariana Silva;Pedicure;Unhas;40.0;Cartão de débito;Concluído;Presencial
104667;2026-06-06;09:30;Aline Barbosa;11980000183;São Caetano do Sul;SP;Larissa Santos;Escova;Cabelos;70.0;PIX;Concluído;WhatsApp
104668;2026-06-06;11:00;Luciana Lima;11980000249;São Paulo;SP;Mariana Silva;Hidratação;Cabelos;95.0;Dinheiro;Concluído;WhatsApp
104669;2026-06-06;11:30;Patrícia Pereira;11980000246;São Caetano do Sul;SP;Larissa Santos;Pedicure;Unhas;40.0;Cartão de débito;Concluído;Telefone
104670;2026-06-06;11:30;Beatriz Lima;11980000278;São Bernardo do Campo;SP;Camila Rodrigues;Manicure;Unhas;35.0;Cartão de crédito;Concluído;Presencial
104671;2026-06-06;13:00;Natália Barbosa;11980000328;Santo André;SP;Larissa Santos;Manicure;Unhas;35.0;Dinheiro;Concluído;Presencial
104672;2026-06-06;13:30;Daniela Freitas;11980000025;Diadema;SP;Larissa Santos;Design de sobrancelhas;Sobrancelhas;45.0;Cartão de débito;Concluído;WhatsApp
104673;2026-06-06;13:30;Cristiane Ferreira;11980000376;São Paulo;SP;Larissa Santos;Esmaltação em gel;Unhas;80.0;Cartão de crédito;Concluído;Telefone
104674;2026-06-06;14:00;Daniela Ferreira;11980000435;São Bernardo do Campo;SP;Camila Rodrigues;Pedicure;Unhas;36.0;Cartão de crédito;Concluído;Instagram
104675;2026-06-06;14:00;Patrícia Rocha;11980000159;Mauá;SP;Renata Souza;Coloração;Cabelos;160.0;Cartão de crédito;Concluído;Telefone
104676;2026-06-06;14:00;Letícia Ferreira;11980000397;São Caetano do Sul;SP;Camila Rodrigues;Manutenção de alongamento;Unhas;100.0;Cartão de débito;Concluído;Instagram
104677;2026-06-06;15:00;Marcela Martins;11980000199;São Paulo;SP;Patrícia Alves;Manicure;Unhas;35.0;Cartão de débito;Concluído;Presencial
104678;2026-06-06;15:30;Vanessa Mendes;11980000343;Santo André;SP;Fernanda Costa;Manicure;Unhas;35.0;Cartão de débito;Concluído;Presencial
104679;2026-06-06;15:30;Aline Barbosa;11980000056;São Caetano do Sul;SP;Juliana Martins;Design de sobrancelhas;Sobrancelhas;45.0;Dinheiro;Concluído;Presencial
104680;2026-06-06;15:30;Mariana Rocha;11980000107;Diadema;SP;Juliana Martins;Manicure;Unhas;35.0;Cartão de débito;Concluído;Presencial
104681;2026-06-06;16:30;Monique Rocha;11980000350;São Caetano do Sul;SP;Juliana Martins;Design de sobrancelhas;Sobrancelhas;45.0;Cartão de débito;Concluído;WhatsApp
104682;2026-06-06;17:30;Renata Rocha;11980000423;Santo André;SP;Fernanda Costa;Manicure;Unhas;35.0;PIX;Concluído;WhatsApp
104683;2026-06-06;18:00;Gabriela Pereira;11980000272;Mauá;SP;Patrícia Alves;Escova;Cabelos;0.0;PIX;Cancelado;Telefone
104684;2026-06-06;18:00;Larissa Ribeiro;11980000247;Santo André;SP;Patrícia Alves;Manutenção de cílios;Cílios;90.0;Dinheiro;Concluído;WhatsApp
104685;2026-06-07;10:00;Patrícia Santos;11980000213;Diadema;SP;Bruna Oliveira;Manicure + Pedicure;Unhas;0.0;Dinheiro;Não Compareceu;Instagram
104686;2026-06-08;09:00;Monique Santos;11980000031;Diadema;SP;Larissa Santos;Pedicure;Unhas;40.0;Cartão de débito;Concluído;WhatsApp
104687;2026-06-08;09:30;Débora Barbosa;11980000092;Diadema;SP;Juliana Martins;Manicure + Pedicure;Unhas;70.0;Dinheiro;Concluído;Presencial
104688;2026-06-08;10:00;Elaine Barbosa;11980000394;São Bernardo do Campo;SP;Larissa Santos;Corte feminino;Cabelos;85.0;PIX;Concluído;Instagram
104689;2026-06-08;11:00;Monique Ribeiro;11980000227;Santo André;SP;Mariana Silva;Alongamento de unhas;Unhas;0.0;PIX;Não Compareceu;Instagram
104690;2026-06-08;11:30;Cristiane Martins;11980000252;Santo André;SP;Larissa Santos;Esmaltação em gel;Unhas;80.0;PIX;Concluído;WhatsApp
104691;2026-06-08;13:30;Flávia Martins;11980000412;São Bernardo do Campo;SP;Fernanda Costa;Manicure;Unhas;35.0;Dinheiro;Concluído;Instagram
104692;2026-06-08;14:00;Monique Lima;11980000449;São Bernardo do Campo;SP;Bruna Oliveira;Extensão de cílios;Cílios;180.0;PIX;Concluído;WhatsApp
104693;2026-06-08;14:00;Priscila Ribeiro;11980000436;São Paulo;SP;Fernanda Costa;Alongamento de unhas;Unhas;0.0;Dinheiro;Não Compareceu;WhatsApp
104694;2026-06-08;15:30;Paula Ferreira;11980000239;São Bernardo do Campo;SP;Bruna Oliveira;Manutenção de cílios;Cílios;90.0;Cartão de débito;Concluído;WhatsApp
104695;2026-06-08;16:00;Rafaela Barbosa;11980000381;Santo André;SP;Larissa Santos;Esmaltação em gel;Unhas;80.0;Cartão de crédito;Concluído;WhatsApp
104696;2026-06-08;16:00;Vanessa Martins;11980000020;São Bernardo do Campo;SP;Bruna Oliveira;Manicure;Unhas;31.5;Dinheiro;Concluído;Instagram
104697;2026-06-08;17:00;Larissa Ribeiro;11980000116;São Bernardo do Campo;SP;Renata Souza;Alongamento de unhas;Unhas;150.0;Cartão de débito;Concluído;Telefone
104698;2026-06-09;09:00;Natália Ribeiro;11980000424;São Caetano do Sul;SP;Larissa Santos;Manicure;Unhas;33.25;PIX;Concluído;Presencial
104699;2026-06-09;09:00;Marcela Martins;11980000199;São Paulo;SP;Renata Souza;Design + Henna;Sobrancelhas;60.0;PIX;Concluído;Telefone
104700;2026-06-09;10:30;Luciana Barbosa;11980000271;São Caetano do Sul;SP;Patrícia Alves;Manicure + Pedicure;Unhas;66.5;Cartão de crédito;Concluído;Instagram
104701;2026-06-09;11:00;Larissa Santos;11980000248;São Bernardo do Campo;SP;Patrícia Alves;Manicure;Unhas;35.0;Dinheiro;Concluído;WhatsApp
104702;2026-06-09;11:00;Letícia Pereira;11980000189;Mauá;SP;Patrícia Alves;Manicure;Unhas;0.0;Dinheiro;Cancelado;Instagram
104703;2026-06-09;13:00;Larissa Rocha;11980000430;Santo André;SP;Renata Souza;Pedicure;Unhas;40.0;Cartão de crédito;Concluído;Presencial
104704;2026-06-09;13:30;Tatiane Oliveira;11980000258;São Paulo;SP;Camila Rodrigues;Manicure + Pedicure;Unhas;70.0;Cartão de débito;Concluído;Presencial
104705;2026-06-09;14:30;Letícia Ribeiro;11980000270;São Caetano do Sul;SP;Bruna Oliveira;Manicure + Pedicure;Unhas;66.5;Dinheiro;Concluído;Telefone
104706;2026-06-09;15:30;Flávia Cardoso;11980000027;Diadema;SP;Renata Souza;Escova;Cabelos;70.0;PIX;Concluído;Instagram
104707;2026-06-09;16:30;Renata Souza;11980000229;São Bernardo do Campo;SP;Mariana Silva;Pedicure;Unhas;36.0;PIX;Concluído;Instagram
104708;2026-06-09;18:00;Larissa Martins;11980000284;Diadema;SP;Camila Rodrigues;Esmaltação em gel;Unhas;80.0;PIX;Concluído;Telefone
104709;2026-06-10;09:30;Natália Oliveira;11980000373;São Paulo;SP;Renata Souza;Manicure;Unhas;33.25;Dinheiro;Concluído;Instagram
104710;2026-06-10;10:00;Beatriz Lima;11980000365;São Caetano do Sul;SP;Camila Rodrigues;Design + Henna;Sobrancelhas;60.0;PIX;Concluído;Presencial
104711;2026-06-10;11:00;Patrícia Almeida;11980000118;São Caetano do Sul;SP;Fernanda Costa;Manicure;Unhas;0.0;PIX;Cancelado;Presencial
104712;2026-06-10;13:00;Juliana Martins;11980000180;São Caetano do Sul;SP;Juliana Martins;Design + Henna;Sobrancelhas;60.0;Cartão de crédito;Concluído;Instagram
104713;2026-06-10;13:30;Jéssica Gomes;11980000049;Diadema;SP;Larissa Santos;Manutenção de cílios;Cílios;90.0;Dinheiro;Concluído;Telefone
104714;2026-06-10;14:00;Luciana Mendes;11980000146;São Caetano do Sul;SP;Larissa Santos;Manicure;Unhas;35.0;Dinheiro;Concluído;Instagram
104715;2026-06-10;15:00;Débora Gomes;11980000310;São Paulo;SP;Patrícia Alves;Design de sobrancelhas;Sobrancelhas;45.0;Cartão de crédito;Concluído;WhatsApp
104716;2026-06-10;16:00;Juliana Silva;11980000349;Mauá;SP;Mariana Silva;Manicure;Unhas;31.5;Cartão de crédito;Concluído;Instagram
104717;2026-06-10;16:00;Natália Almeida;11980000163;São Caetano do Sul;SP;Larissa Santos;Manutenção de alongamento;Unhas;100.0;Dinheiro;Concluído;Instagram
104718;2026-06-10;16:30;Larissa Souza;11980000095;Santo André;SP;Juliana Martins;Manicure + Pedicure;Unhas;70.0;Cartão de crédito;Concluído;WhatsApp
104719;2026-06-10;18:00;Simone Martins;11980000067;Mauá;SP;Renata Souza;Manicure;Unhas;35.0;Cartão de débito;Concluído;WhatsApp
104720;2026-06-11;09:00;Simone Ferreira;11980000202;Mauá;SP;Bruna Oliveira;Pedicure;Unhas;40.0;PIX;Concluído;Telefone
104721;2026-06-11;09:00;Patrícia Ferreira;11980000008;São Bernardo do Campo;SP;Camila Rodrigues;Design + Henna;Sobrancelhas;60.0;Cartão de crédito;Concluído;WhatsApp
104722;2026-06-11;09:00;Raquel Carvalho;11980000168;Santo André;SP;Fernanda Costa;Design + Henna;Sobrancelhas;60.0;Cartão de débito;Concluído;WhatsApp
104723;2026-06-11;10:00;Gabriela Silva;11980000443;São Caetano do Sul;SP;Renata Souza;Design de sobrancelhas;Sobrancelhas;40.5;Cartão de crédito;Concluído;Telefone
104724;2026-06-11;10:30;Tatiane Pereira;11980000070;São Paulo;SP;Larissa Santos;Spa dos pés;Estética;65.0;Dinheiro;Concluído;Telefone
104725;2026-06-11;10:30;Carla Martins;11980000265;Santo André;SP;Mariana Silva;Corte feminino;Cabelos;85.0;Cartão de crédito;Concluído;Telefone
104726;2026-06-11;10:30;Paula Mendes;11980000414;Diadema;SP;Fernanda Costa;Manicure;Unhas;35.0;PIX;Concluído;Presencial
104727;2026-06-11;10:30;Marcela Ferreira;11980000160;Santo André;SP;Larissa Santos;Esmaltação em gel;Unhas;80.0;Cartão de crédito;Concluído;Presencial
104728;2026-06-11;10:30;Bianca Ferreira;11980000132;São Paulo;SP;Mariana Silva;Manicure;Unhas;35.0;PIX;Concluído;Telefone
104729;2026-06-11;10:30;Sabrina Lima;11980000100;Diadema;SP;Camila Rodrigues;Escova;Cabelos;70.0;Cartão de débito;Concluído;Telefone
104730;2026-06-11;11:00;Beatriz Barbosa;11980000179;São Bernardo do Campo;SP;Fernanda Costa;Esmaltação em gel;Unhas;80.0;Dinheiro;Concluído;Instagram
104731;2026-06-11;11:30;Carla Oliveira;11980000115;Santo André;SP;Juliana Martins;Hidratação;Cabelos;95.0;PIX;Concluído;Presencial
104732;2026-06-11;13:30;Camila Oliveira;11980000224;Mauá;SP;Camila Rodrigues;Esmaltação em gel;Unhas;80.0;Cartão de débito;Concluído;Instagram
104733;2026-06-11;15:00;Daniela Ribeiro;11980000182;Diadema;SP;Larissa Santos;Pedicure;Unhas;40.0;PIX;Concluído;Presencial
104734;2026-06-11;15:30;Raquel Pereira;11980000037;São Bernardo do Campo;SP;Larissa Santos;Manicure;Unhas;35.0;Cartão de crédito;Concluído;Telefone
104735;2026-06-11;17:30;Paula Mendes;11980000414;Diadema;SP;Renata Souza;Manicure + Pedicure;Unhas;70.0;Cartão de débito;Concluído;WhatsApp
104736;2026-06-12;09:00;Amanda Carvalho;11980000212;Santo André;SP;Camila Rodrigues;Spa dos pés;Estética;65.0;PIX;Concluído;WhatsApp
104737;2026-06-12;09:30;Daniela Barbosa;11980000253;Mauá;SP;Patrícia Alves;Spa dos pés;Estética;65.0;PIX;Concluído;WhatsApp
104738;2026-06-12;09:30;Elaine Gomes;11980000301;Mauá;SP;Bruna Oliveira;Manicure;Unhas;0.0;Cartão de débito;Não Compareceu;WhatsApp
104739;2026-06-12;10:00;Flávia Cardoso;11980000027;Diadema;SP;Renata Souza;Manicure;Unhas;33.25;PIX;Concluído;Presencial
104740;2026-06-12;10:00;Juliana Silva;11980000141;São Bernardo do Campo;SP;Mariana Silva;Escova;Cabelos;70.0;PIX;Concluído;Instagram
104741;2026-06-12;10:00;Jéssica Souza;11980000086;Mauá;SP;Juliana Martins;Manicure + Pedicure;Unhas;63.0;PIX;Concluído;WhatsApp
104742;2026-06-12;10:00;Marcela Gomes;11980000316;São Bernardo do Campo;SP;Mariana Silva;Manicure + Pedicure;Unhas;70.0;Cartão de crédito;Concluído;Instagram
104743;2026-06-12;11:00;Paula Martins;11980000165;Mauá;SP;Patrícia Alves;Design + Henna;Sobrancelhas;57.0;Cartão de débito;Concluído;Presencial
104744;2026-06-12;11:00;Renata Souza;11980000229;São Bernardo do Campo;SP;Camila Rodrigues;Escova;Cabelos;70.0;Cartão de crédito;Concluído;Instagram
104745;2026-06-12;11:00;Isabela Silva;11980000238;São Caetano do Sul;SP;Bruna Oliveira;Pedicure;Unhas;40.0;Cartão de débito;Concluído;Instagram
104746;2026-06-12;11:30;Patrícia Pereira;11980000220;Diadema;SP;Larissa Santos;Design de sobrancelhas;Sobrancelhas;45.0;Cartão de crédito;Concluído;WhatsApp
104747;2026-06-12;11:30;Tatiane Souza;11980000022;Santo André;SP;Camila Rodrigues;Design de sobrancelhas;Sobrancelhas;45.0;Dinheiro;Concluído;WhatsApp
104748;2026-06-12;13:00;Rafaela Gomes;11980000356;Diadema;SP;Juliana Martins;Manicure;Unhas;35.0;Cartão de crédito;Concluído;Instagram
104749;2026-06-12;13:00;Isabela Lima;11980000264;Diadema;SP;Renata Souza;Pedicure;Unhas;38.0;PIX;Concluído;WhatsApp
104750;2026-06-12;13:00;Sabrina Ferreira;11980000042;São Bernardo do Campo;SP;Larissa Santos;Manicure + Pedicure;Unhas;0.0;Cartão de débito;Cancelado;Presencial
104751;2026-06-12;13:00;Simone Mendes;11980000293;São Caetano do Sul;SP;Patrícia Alves;Corte feminino;Cabelos;85.0;Dinheiro;Concluído;Presencial
104752;2026-06-12;13:30;Natália Barbosa;11980000269;Mauá;SP;Camila Rodrigues;Corte feminino;Cabelos;85.0;Dinheiro;Concluído;Instagram
104753;2026-06-12;13:30;Rafaela Ribeiro;11980000442;Mauá;SP;Camila Rodrigues;Manicure;Unhas;33.25;Cartão de débito;Concluído;Presencial
104754;2026-06-12;14:00;Gabriela Gomes;11980000257;São Caetano do Sul;SP;Camila Rodrigues;Extensão de cílios;Cílios;180.0;PIX;Concluído;Telefone
104755;2026-06-12;16:00;Bianca Souza;11980000276;Diadema;SP;Patrícia Alves;Esmaltação em gel;Unhas;80.0;Dinheiro;Concluído;Instagram
104756;2026-06-12;16:00;Natália Ribeiro;11980000424;São Caetano do Sul;SP;Juliana Martins;Design de sobrancelhas;Sobrancelhas;45.0;Cartão de débito;Concluído;Instagram
104757;2026-06-12;16:00;Beatriz Almeida;11980000157;São Caetano do Sul;SP;Patrícia Alves;Extensão de cílios;Cílios;180.0;Dinheiro;Concluído;Telefone
104758;2026-06-12;18:00;Cristiane Barbosa;11980000123;São Paulo;SP;Mariana Silva;Manicure + Pedicure;Unhas;66.5;Dinheiro;Concluído;Instagram
104759;2026-06-12;18:00;Jéssica Gomes;11980000263;Santo André;SP;Fernanda Costa;Manicure + Pedicure;Unhas;70.0;Dinheiro;Concluído;Telefone
104760;2026-06-13;09:00;Bianca Costa;11980000226;Mauá;SP;Patrícia Alves;Design + Henna;Sobrancelhas;0.0;PIX;Cancelado;WhatsApp
104761;2026-06-13;09:00;Elaine Gomes;11980000195;Santo André;SP;Camila Rodrigues;Escova;Cabelos;70.0;Cartão de débito;Concluído;Presencial
104762;2026-06-13;09:30;Jéssica Silva;11980000448;São Caetano do Sul;SP;Larissa Santos;Manicure;Unhas;35.0;Cartão de crédito;Concluído;Telefone
104763;2026-06-13;09:30;Paula Barbosa;11980000331;Diadema;SP;Fernanda Costa;Escova;Cabelos;70.0;Cartão de débito;Concluído;WhatsApp
104764;2026-06-13;09:30;Elaine Oliveira;11980000158;Diadema;SP;Mariana Silva;Esmaltação em gel;Unhas;80.0;Cartão de crédito;Concluído;Presencial
104765;2026-06-13;09:30;Viviane Lima;11980000198;Mauá;SP;Renata Souza;Coloração;Cabelos;0.0;Cartão de crédito;Cancelado;Telefone
104766;2026-06-13;10:00;Luciana Ferreira;11980000325;Diadema;SP;Mariana Silva;Pedicure;Unhas;38.0;Dinheiro;Concluído;WhatsApp
104767;2026-06-13;11:00;Letícia Ferreira;11980000397;São Caetano do Sul;SP;Patrícia Alves;Manicure;Unhas;35.0;PIX;Concluído;Presencial
104768;2026-06-13;11:30;Gabriela Silva;11980000415;São Paulo;SP;Larissa Santos;Extensão de cílios;Cílios;180.0;Dinheiro;Concluído;Presencial
104769;2026-06-13;13:00;Monique Lima;11980000449;São Bernardo do Campo;SP;Mariana Silva;Manutenção de alongamento;Unhas;0.0;Dinheiro;Não Compareceu;Instagram
104770;2026-06-13;13:30;Isabela Santos;11980000208;Mauá;SP;Fernanda Costa;Manicure + Pedicure;Unhas;70.0;Dinheiro;Concluído;Telefone
104771;2026-06-13;14:30;Simone Ferreira;11980000202;Mauá;SP;Larissa Santos;Corte feminino;Cabelos;85.0;Dinheiro;Concluído;Telefone
104772;2026-06-13;15:00;Larissa Ribeiro;11980000247;Santo André;SP;Camila Rodrigues;Manutenção de alongamento;Unhas;100.0;PIX;Concluído;Presencial
104773;2026-06-13;15:00;Priscila Pereira;11980000353;São Paulo;SP;Fernanda Costa;Manicure + Pedicure;Unhas;70.0;Dinheiro;Concluído;Instagram
104774;2026-06-13;16:00;Larissa Lima;11980000326;São Paulo;SP;Fernanda Costa;Manutenção de cílios;Cílios;90.0;Cartão de crédito;Concluído;Presencial
104775;2026-06-13;16:00;Daniela Silva;11980000267;São Bernardo do Campo;SP;Camila Rodrigues;Hidratação;Cabelos;95.0;Dinheiro;Concluído;Instagram
104776;2026-06-13;16:00;Elaine Silva;11980000261;Mauá;SP;Bruna Oliveira;Design de sobrancelhas;Sobrancelhas;45.0;Cartão de débito;Concluído;Presencial
104777;2026-06-13;16:30;Beatriz Ribeiro;11980000051;São Bernardo do Campo;SP;Fernanda Costa;Pedicure;Unhas;40.0;Cartão de débito;Concluído;Instagram
104778;2026-06-13;17:00;Elaine Barbosa;11980000332;São Bernardo do Campo;SP;Juliana Martins;Pedicure;Unhas;40.0;Cartão de débito;Concluído;Telefone
104779;2026-06-13;17:00;Gabriela Gomes;11980000257;São Caetano do Sul;SP;Larissa Santos;Alongamento de unhas;Unhas;150.0;Cartão de débito;Concluído;Telefone
104780;2026-06-13;17:00;Priscila Castro;11980000019;Santo André;SP;Bruna Oliveira;Pedicure;Unhas;40.0;PIX;Concluído;Telefone
104781;2026-06-13;17:00;Elaine Barbosa;11980000332;São Bernardo do Campo;SP;Patrícia Alves;Manicure + Pedicure;Unhas;70.0;Dinheiro;Concluído;WhatsApp
104782;2026-06-13;17:30;Camila Costa;11980000190;São Paulo;SP;Mariana Silva;Extensão de cílios;Cílios;171.0;Cartão de crédito;Concluído;Telefone
104783;2026-06-13;18:00;Tatiane Pereira;11980000070;São Paulo;SP;Fernanda Costa;Design de sobrancelhas;Sobrancelhas;45.0;Dinheiro;Concluído;WhatsApp
104784;2026-06-13;18:00;Raquel Silva;11980000167;Santo André;SP;Fernanda Costa;Pedicure;Unhas;0.0;Cartão de crédito;Cancelado;Instagram
104785;2026-06-13;18:00;Bianca Silva;11980000391;São Caetano do Sul;SP;Bruna Oliveira;Pedicure;Unhas;40.0;Cartão de crédito;Concluído;Telefone
104786;2026-06-15;09:30;Luciana Santos;11980000103;São Paulo;SP;Patrícia Alves;Esmaltação em gel;Unhas;80.0;PIX;Concluído;WhatsApp
104787;2026-06-15;09:30;Raquel Silva;11980000275;Diadema;SP;Mariana Silva;Pedicure;Unhas;38.0;Cartão de crédito;Concluído;Instagram
104788;2026-06-15;10:00;Marcela Rocha;11980000126;São Caetano do Sul;SP;Mariana Silva;Alongamento de unhas;Unhas;150.0;Cartão de crédito;Concluído;Presencial
104789;2026-06-15;10:30;Vanessa Martins;11980000020;São Bernardo do Campo;SP;Patrícia Alves;Manicure + Pedicure;Unhas;70.0;PIX;Concluído;Instagram
104790;2026-06-15;11:00;Daniela Ribeiro;11980000171;Diadema;SP;Fernanda Costa;Design + Henna;Sobrancelhas;60.0;Cartão de débito;Concluído;Telefone
104791;2026-06-15;13:00;Juliana Martins;11980000180;São Caetano do Sul;SP;Juliana Martins;Manutenção de alongamento;Unhas;100.0;Cartão de débito;Concluído;Telefone
104792;2026-06-15;13:00;Letícia Ribeiro;11980000270;São Caetano do Sul;SP;Patrícia Alves;Design de sobrancelhas;Sobrancelhas;45.0;Dinheiro;Concluído;Presencial
104793;2026-06-15;13:00;Simone Oliveira;11980000416;Mauá;SP;Larissa Santos;Pedicure;Unhas;40.0;Cartão de débito;Concluído;Presencial
104794;2026-06-15;13:30;Débora Ribeiro;11980000371;Santo André;SP;Mariana Silva;Escova;Cabelos;66.5;Dinheiro;Concluído;WhatsApp
104795;2026-06-15;14:30;Vanessa Silva;11980000401;Diadema;SP;Renata Souza;Manicure + Pedicure;Unhas;70.0;Cartão de crédito;Concluído;Telefone
104796;2026-06-15;15:30;Larissa Ribeiro;11980000116;São Bernardo do Campo;SP;Camila Rodrigues;Manicure;Unhas;35.0;Cartão de crédito;Concluído;Instagram
104797;2026-06-15;15:30;Débora Lima;11980000113;Diadema;SP;Mariana Silva;Manicure + Pedicure;Unhas;70.0;Cartão de débito;Concluído;WhatsApp
104798;2026-06-15;15:30;Raquel Carvalho;11980000168;Santo André;SP;Patrícia Alves;Pedicure;Unhas;36.0;PIX;Concluído;Instagram
104799;2026-06-15;16:00;Simone Martins;11980000067;Mauá;SP;Juliana Martins;Manicure;Unhas;35.0;Dinheiro;Concluído;Telefone
104800;2026-06-15;16:30;Juliana Silva;11980000141;São Bernardo do Campo;SP;Renata Souza;Pedicure;Unhas;36.0;Dinheiro;Concluído;Instagram
104801;2026-06-15;17:30;Bruna Ferreira;11980000148;Santo André;SP;Mariana Silva;Manicure + Pedicure;Unhas;70.0;PIX;Concluído;Instagram
104802;2026-06-16;09:30;Cristiane Barbosa;11980000123;São Paulo;SP;Juliana Martins;Design de sobrancelhas;Sobrancelhas;42.75;Dinheiro;Concluído;WhatsApp
104803;2026-06-16;10:30;Débora Gomes;11980000310;São Paulo;SP;Mariana Silva;Spa dos pés;Estética;58.5;Dinheiro;Concluído;Instagram
104804;2026-06-16;11:00;Natália Barbosa;11980000269;Mauá;SP;Camila Rodrigues;Manutenção de alongamento;Unhas;100.0;Dinheiro;Concluído;Telefone
104805;2026-06-16;11:00;Carla Lima;11980000433;Mauá;SP;Fernanda Costa;Spa dos pés;Estética;65.0;Cartão de crédito;Concluído;WhatsApp
104806;2026-06-16;11:00;Débora Costa;11980000088;São Paulo;SP;Fernanda Costa;Pedicure;Unhas;40.0;Cartão de crédito;Concluído;WhatsApp
104807;2026-06-16;11:30;Jéssica Gomes;11980000084;São Paulo;SP;Renata Souza;Pedicure;Unhas;40.0;Cartão de crédito;Concluído;Presencial
104808;2026-06-16;13:00;Elaine Ferreira;11980000216;São Paulo;SP;Juliana Martins;Esmaltação em gel;Unhas;80.0;Cartão de crédito;Concluído;Presencial
104809;2026-06-16;13:00;Raquel Carvalho;11980000193;São Bernardo do Campo;SP;Camila Rodrigues;Manicure;Unhas;35.0;Cartão de débito;Concluído;Instagram
104810;2026-06-16;13:00;Fernanda Almeida;11980000363;Diadema;SP;Larissa Santos;Hidratação;Cabelos;95.0;Cartão de crédito;Concluído;Instagram
104811;2026-06-16;13:30;Raquel Pereira;11980000379;Mauá;SP;Renata Souza;Alongamento de unhas;Unhas;150.0;PIX;Concluído;WhatsApp
104812;2026-06-16;14:30;Larissa Lima;11980000326;São Paulo;SP;Fernanda Costa;Corte feminino;Cabelos;85.0;Cartão de débito;Concluído;Instagram
104813;2026-06-16;15:30;Luciana Ramos;11980000029;Santo André;SP;Larissa Santos;Manutenção de alongamento;Unhas;95.0;PIX;Concluído;WhatsApp
104814;2026-06-16;15:30;Rafaela Gomes;11980000006;São Paulo;SP;Fernanda Costa;Pedicure;Unhas;40.0;Dinheiro;Concluído;WhatsApp
104815;2026-06-16;15:30;Tatiane Souza;11980000022;Santo André;SP;Camila Rodrigues;Hidratação;Cabelos;90.25;Cartão de crédito;Concluído;Instagram
104816;2026-06-16;16:00;Daniela Ribeiro;11980000171;Diadema;SP;Bruna Oliveira;Design + Henna;Sobrancelhas;60.0;Cartão de débito;Concluído;WhatsApp
104817;2026-06-16;16:00;Paula Barbosa;11980000331;Diadema;SP;Bruna Oliveira;Manicure + Pedicure;Unhas;66.5;Dinheiro;Concluído;Instagram
104818;2026-06-16;16:30;Beatriz Silva;11980000069;São Caetano do Sul;SP;Patrícia Alves;Pedicure;Unhas;40.0;PIX;Concluído;Instagram
104819;2026-06-16;17:00;Paula Souza;11980000283;São Paulo;SP;Renata Souza;Manicure;Unhas;35.0;PIX;Concluído;Instagram
104820;2026-06-16;17:30;Bruna Martins;11980000136;São Bernardo do Campo;SP;Renata Souza;Manicure + Pedicure;Unhas;70.0;Cartão de crédito;Concluído;Instagram
104821;2026-06-16;18:00;Luciana Oliveira;11980000302;São Bernardo do Campo;SP;Fernanda Costa;Hidratação;Cabelos;95.0;Dinheiro;Concluído;Telefone
104822;2026-06-17;09:00;Viviane Lima;11980000198;Mauá;SP;Patrícia Alves;Esmaltação em gel;Unhas;76.0;Cartão de débito;Concluído;WhatsApp
104823;2026-06-17;09:30;Débora Martins;11980000408;Diadema;SP;Juliana Martins;Manutenção de cílios;Cílios;90.0;Cartão de débito;Concluído;Presencial
104824;2026-06-17;11:00;Débora Barbosa;11980000092;Diadema;SP;Fernanda Costa;Spa dos pés;Estética;65.0;Dinheiro;Concluído;WhatsApp
104825;2026-06-17;11:00;Simone Mendes;11980000293;São Caetano do Sul;SP;Patrícia Alves;Design + Henna;Sobrancelhas;60.0;PIX;Concluído;Telefone
104826;2026-06-17;11:30;Raquel Costa;11980000033;São Caetano do Sul;SP;Fernanda Costa;Manutenção de alongamento;Unhas;90.0;Cartão de crédito;Concluído;Instagram
104827;2026-06-17;14:00;Larissa Santos;11980000175;Diadema;SP;Renata Souza;Manutenção de cílios;Cílios;90.0;Dinheiro;Concluído;Telefone
104828;2026-06-17;14:30;Paula Ribeiro;11980000450;São Caetano do Sul;SP;Juliana Martins;Spa dos pés;Estética;65.0;Cartão de débito;Concluído;Instagram
104829;2026-06-17;15:00;Viviane Barbosa;11980000101;São Bernardo do Campo;SP;Juliana Martins;Pedicure;Unhas;40.0;Cartão de crédito;Concluído;WhatsApp
104830;2026-06-17;15:30;Larissa Souza;11980000095;Santo André;SP;Patrícia Alves;Pedicure;Unhas;40.0;PIX;Concluído;Instagram
104831;2026-06-17;15:30;Cristiane Ferreira;11980000295;Diadema;SP;Renata Souza;Corte feminino;Cabelos;80.75;Dinheiro;Concluído;Instagram
104832;2026-06-17;15:30;Mariana Rocha;11980000107;Diadema;SP;Larissa Santos;Esmaltação em gel;Unhas;80.0;PIX;Concluído;WhatsApp
104833;2026-06-17;15:30;Viviane Barbosa;11980000101;São Bernardo do Campo;SP;Larissa Santos;Manicure + Pedicure;Unhas;0.0;Cartão de débito;Cancelado;Instagram
104834;2026-06-17;15:30;Ana Souza;11980000420;Mauá;SP;Patrícia Alves;Design + Henna;Sobrancelhas;57.0;Cartão de débito;Concluído;WhatsApp
104835;2026-06-17;16:00;Camila Mendes;11980000138;Santo André;SP;Renata Souza;Manutenção de cílios;Cílios;90.0;PIX;Concluído;Presencial
104836;2026-06-17;17:00;Tatiane Oliveira;11980000258;São Paulo;SP;Fernanda Costa;Alongamento de unhas;Unhas;150.0;Cartão de débito;Concluído;WhatsApp
104837;2026-06-17;17:30;Monique Santos;11980000031;Diadema;SP;Patrícia Alves;Manicure + Pedicure;Unhas;70.0;Cartão de crédito;Concluído;Instagram
104838;2026-06-18;09:00;Raquel Pereira;11980000379;Mauá;SP;Larissa Santos;Manicure + Pedicure;Unhas;70.0;Cartão de débito;Concluído;WhatsApp
104839;2026-06-18;10:00;Juliana Costa;11980000317;Mauá;SP;Mariana Silva;Pedicure;Unhas;40.0;Cartão de crédito;Concluído;Telefone
104840;2026-06-18;10:00;Jéssica Costa;11980000236;São Caetano do Sul;SP;Juliana Martins;Manutenção de cílios;Cílios;90.0;PIX;Concluído;Telefone
104841;2026-06-18;10:00;Beatriz Ferreira;11980000098;São Bernardo do Campo;SP;Juliana Martins;Manicure;Unhas;35.0;Dinheiro;Concluído;WhatsApp
104842;2026-06-18;10:30;Mariana Oliveira;11980000207;São Caetano do Sul;SP;Camila Rodrigues;Design de sobrancelhas;Sobrancelhas;42.75;Cartão de crédito;Concluído;Presencial
104843;2026-06-18;11:30;Beatriz Ferreira;11980000334;São Bernardo do Campo;SP;Bruna Oliveira;Manicure + Pedicure;Unhas;70.0;Cartão de crédito;Concluído;WhatsApp
104844;2026-06-18;13:00;Débora Lima;11980000113;Diadema;SP;Fernanda Costa;Hidratação;Cabelos;95.0;Cartão de débito;Concluído;Telefone
104845;2026-06-18;13:00;Luciana Carvalho;11980000337;Mauá;SP;Camila Rodrigues;Manutenção de alongamento;Unhas;95.0;Cartão de débito;Concluído;Instagram
104846;2026-06-18;13:00;Natália Barbosa;11980000016;Diadema;SP;Fernanda Costa;Design de sobrancelhas;Sobrancelhas;45.0;Dinheiro;Concluído;Telefone
104847;2026-06-18;13:30;Bruna Carvalho;11980000013;São Paulo;SP;Bruna Oliveira;Manicure + Pedicure;Unhas;70.0;Dinheiro;Concluído;Telefone
104848;2026-06-18;13:30;Flávia Cardoso;11980000027;Diadema;SP;Patrícia Alves;Manicure;Unhas;35.0;PIX;Concluído;Telefone
104849;2026-06-18;14:00;Elaine Barbosa;11980000332;São Bernardo do Campo;SP;Juliana Martins;Pedicure;Unhas;38.0;Cartão de débito;Concluído;Telefone
104850;2026-06-18;14:00;Mariana Rocha;11980000107;Diadema;SP;Mariana Silva;Design de sobrancelhas;Sobrancelhas;45.0;Dinheiro;Concluído;Presencial
104851;2026-06-18;14:30;Natália Barbosa;11980000269;Mauá;SP;Camila Rodrigues;Manicure + Pedicure;Unhas;0.0;PIX;Cancelado;WhatsApp
104852;2026-06-18;14:30;Vanessa Gomes;11980000075;Santo André;SP;Mariana Silva;Manutenção de cílios;Cílios;90.0;Cartão de crédito;Concluído;WhatsApp
104853;2026-06-18;15:00;Natália Ribeiro;11980000424;São Caetano do Sul;SP;Fernanda Costa;Coloração;Cabelos;160.0;Cartão de débito;Concluído;Instagram
104854;2026-06-18;16:30;Juliana Ribeiro;11980000282;Diadema;SP;Mariana Silva;Manicure;Unhas;35.0;Dinheiro;Concluído;Telefone
104855;2026-06-18;16:30;Natália Carvalho;11980000063;Diadema;SP;Juliana Martins;Manicure;Unhas;33.25;Dinheiro;Concluído;Telefone
104856;2026-06-18;17:00;Jéssica Gomes;11980000084;São Paulo;SP;Bruna Oliveira;Manicure + Pedicure;Unhas;70.0;Dinheiro;Concluído;Presencial
104857;2026-06-18;17:00;Patrícia Ribeiro;11980000044;São Bernardo do Campo;SP;Patrícia Alves;Manicure;Unhas;35.0;Cartão de débito;Concluído;Instagram
104858;2026-06-18;17:30;Raquel Silva;11980000167;Santo André;SP;Camila Rodrigues;Design de sobrancelhas;Sobrancelhas;45.0;Cartão de débito;Concluído;WhatsApp
104859;2026-06-18;17:30;Daniela Ferreira;11980000435;São Bernardo do Campo;SP;Camila Rodrigues;Esmaltação em gel;Unhas;80.0;Cartão de crédito;Concluído;Presencial
104860;2026-06-19;09:00;Débora Lima;11980000396;São Bernardo do Campo;SP;Fernanda Costa;Manutenção de cílios;Cílios;90.0;PIX;Concluído;Presencial
104861;2026-06-19;09:00;Viviane Ribeiro;11980000045;Mauá;SP;Camila Rodrigues;Design de sobrancelhas;Sobrancelhas;45.0;PIX;Concluído;Instagram
104862;2026-06-19;09:30;Juliana Souza;11980000426;São Paulo;SP;Camila Rodrigues;Design + Henna;Sobrancelhas;60.0;PIX;Concluído;Instagram
104863;2026-06-19;09:30;Sabrina Ferreira;11980000281;Santo André;SP;Juliana Martins;Hidratação;Cabelos;95.0;Cartão de crédito;Concluído;Instagram
104864;2026-06-19;09:30;Tatiane Silva;11980000262;São Paulo;SP;Patrícia Alves;Pedicure;Unhas;40.0;Cartão de crédito;Concluído;WhatsApp
104865;2026-06-19;09:30;Bianca Ferreira;11980000225;São Paulo;SP;Mariana Silva;Manicure + Pedicure;Unhas;70.0;Dinheiro;Concluído;Instagram
104866;2026-06-19;10:00;Marcela Rocha;11980000221;Diadema;SP;Fernanda Costa;Manicure + Pedicure;Unhas;70.0;Cartão de débito;Concluído;Instagram
104867;2026-06-19;10:00;Elaine Santos;11980000231;São Bernardo do Campo;SP;Larissa Santos;Manicure + Pedicure;Unhas;0.0;Dinheiro;Não Compareceu;Presencial
104868;2026-06-19;10:30;Juliana Souza;11980000417;Diadema;SP;Renata Souza;Alongamento de unhas;Unhas;150.0;Cartão de crédito;Concluído;WhatsApp
104869;2026-06-19;10:30;Patrícia Lima;11980000367;São Bernardo do Campo;SP;Renata Souza;Pedicure;Unhas;0.0;Dinheiro;Não Compareceu;Instagram
104870;2026-06-19;11:00;Fernanda Almeida;11980000363;Diadema;SP;Juliana Martins;Spa dos pés;Estética;65.0;Cartão de crédito;Concluído;Presencial
104871;2026-06-19;14:00;Natália Ribeiro;11980000358;Santo André;SP;Larissa Santos;Manicure;Unhas;35.0;Dinheiro;Concluído;Presencial
104872;2026-06-19;15:00;Viviane Ferreira;11980000440;Santo André;SP;Fernanda Costa;Manutenção de cílios;Cílios;90.0;Cartão de débito;Concluído;Telefone
104873;2026-06-19;15:00;Bruna Martins;11980000136;São Bernardo do Campo;SP;Renata Souza;Manicure + Pedicure;Unhas;70.0;Cartão de crédito;Concluído;Telefone
104874;2026-06-19;15:00;Patrícia Pereira;11980000220;Diadema;SP;Camila Rodrigues;Escova;Cabelos;70.0;PIX;Concluído;Telefone
104875;2026-06-19;15:30;Patrícia Almeida;11980000118;São Caetano do Sul;SP;Renata Souza;Pedicure;Unhas;40.0;Dinheiro;Concluído;Presencial
104876;2026-06-19;16:00;Flávia Cardoso;11980000027;Diadema;SP;Renata Souza;Escova;Cabelos;63.0;Cartão de crédito;Concluído;WhatsApp
104877;2026-06-19;16:00;Débora Costa;11980000134;São Paulo;SP;Renata Souza;Alongamento de unhas;Unhas;150.0;PIX;Concluído;WhatsApp
104878;2026-06-19;16:30;Patrícia Barbosa;11980000196;São Caetano do Sul;SP;Bruna Oliveira;Manicure;Unhas;0.0;Dinheiro;Cancelado;WhatsApp
104879;2026-06-19;16:30;Camila Oliveira;11980000224;Mauá;SP;Camila Rodrigues;Manutenção de cílios;Cílios;90.0;Cartão de crédito;Concluído;Instagram
104880;2026-06-19;16:30;Elaine Almeida;11980000110;Diadema;SP;Bruna Oliveira;Esmaltação em gel;Unhas;76.0;Cartão de débito;Concluído;Presencial
104881;2026-06-19;16:30;Luciana Ramos;11980000029;Santo André;SP;Patrícia Alves;Design + Henna;Sobrancelhas;60.0;Dinheiro;Concluído;WhatsApp
104882;2026-06-19;16:30;Paula Barbosa;11980000331;Diadema;SP;Patrícia Alves;Manutenção de alongamento;Unhas;95.0;Dinheiro;Concluído;Telefone
104883;2026-06-19;17:00;Juliana Costa;11980000317;Mauá;SP;Renata Souza;Design + Henna;Sobrancelhas;60.0;PIX;Concluído;WhatsApp
104884;2026-06-19;17:00;Cristiane Santos;11980000378;Mauá;SP;Juliana Martins;Manicure + Pedicure;Unhas;66.5;Cartão de crédito;Concluído;Telefone
104885;2026-06-19;17:30;Cristiane Lima;11980000338;Mauá;SP;Larissa Santos;Alongamento de unhas;Unhas;150.0;Dinheiro;Concluído;Presencial
104886;2026-06-19;18:00;Jéssica Carvalho;11980000185;Diadema;SP;Camila Rodrigues;Extensão de cílios;Cílios;162.0;Cartão de débito;Concluído;Telefone
104887;2026-06-19;18:00;Viviane Gomes;11980000313;Diadema;SP;Renata Souza;Alongamento de unhas;Unhas;150.0;PIX;Concluído;WhatsApp
104888;2026-06-20;09:00;Raquel Ferreira;11980000421;São Bernardo do Campo;SP;Bruna Oliveira;Manicure;Unhas;33.25;Dinheiro;Concluído;Presencial
104889;2026-06-20;09:00;Mariana Rocha;11980000107;Diadema;SP;Larissa Santos;Esmaltação em gel;Unhas;80.0;Cartão de crédito;Concluído;WhatsApp
104890;2026-06-20;09:00;Rafaela Rocha;11980000370;São Paulo;SP;Fernanda Costa;Design de sobrancelhas;Sobrancelhas;45.0;Dinheiro;Concluído;Instagram
104891;2026-06-20;09:30;Vanessa Rocha;11980000119;Diadema;SP;Bruna Oliveira;Manutenção de cílios;Cílios;90.0;PIX;Concluído;Presencial
104892;2026-06-20;11:00;Tatiane Oliveira;11980000258;São Paulo;SP;Patrícia Alves;Extensão de cílios;Cílios;180.0;Dinheiro;Concluído;Instagram
104893;2026-06-20;11:00;Elaine Carvalho;11980000151;Mauá;SP;Bruna Oliveira;Spa dos pés;Estética;65.0;Dinheiro;Concluído;Instagram
104894;2026-06-20;11:30;Ana Santos;11980000054;São Bernardo do Campo;SP;Renata Souza;Design + Henna;Sobrancelhas;60.0;PIX;Concluído;Telefone
104895;2026-06-20;11:30;Monique Lima;11980000449;São Bernardo do Campo;SP;Juliana Martins;Esmaltação em gel;Unhas;80.0;Cartão de débito;Concluído;Presencial
104896;2026-06-20;11:30;Elaine Barbosa;11980000332;São Bernardo do Campo;SP;Patrícia Alves;Manicure;Unhas;0.0;Dinheiro;Não Compareceu;Instagram
104897;2026-06-20;11:30;Natália Almeida;11980000163;São Caetano do Sul;SP;Juliana Martins;Escova;Cabelos;70.0;Dinheiro;Concluído;WhatsApp
104898;2026-06-20;13:30;Patrícia Ribeiro;11980000044;São Bernardo do Campo;SP;Fernanda Costa;Manicure + Pedicure;Unhas;70.0;Cartão de crédito;Concluído;Presencial
104899;2026-06-20;14:00;Tatiane Oliveira;11980000258;São Paulo;SP;Patrícia Alves;Escova;Cabelos;70.0;Dinheiro;Concluído;WhatsApp
104900;2026-06-20;14:30;Juliana Costa;11980000144;São Bernardo do Campo;SP;Renata Souza;Escova;Cabelos;70.0;Dinheiro;Concluído;Presencial
104901;2026-06-20;15:00;Luciana Gomes;11980000304;São Caetano do Sul;SP;Patrícia Alves;Design + Henna;Sobrancelhas;60.0;Cartão de crédito;Concluído;WhatsApp
104902;2026-06-20;15:00;Débora Lima;11980000396;São Bernardo do Campo;SP;Mariana Silva;Coloração;Cabelos;160.0;Dinheiro;Concluído;Instagram
104903;2026-06-20;15:00;Daniela Rocha;11980000387;Santo André;SP;Renata Souza;Design de sobrancelhas;Sobrancelhas;45.0;PIX;Concluído;Telefone
104904;2026-06-20;15:30;Tatiane Santos;11980000094;São Bernardo do Campo;SP;Renata Souza;Hidratação;Cabelos;95.0;Cartão de crédito;Concluído;WhatsApp
104905;2026-06-20;16:00;Mariana Rocha;11980000383;São Caetano do Sul;SP;Fernanda Costa;Alongamento de unhas;Unhas;150.0;PIX;Concluído;Telefone
104906;2026-06-20;17:00;Flávia Mendes;11980000129;Mauá;SP;Renata Souza;Escova;Cabelos;0.0;Cartão de débito;Não Compareceu;Instagram
104907;2026-06-20;17:00;Marcela Souza;11980000174;São Paulo;SP;Renata Souza;Manutenção de cílios;Cílios;90.0;Dinheiro;Concluído;Instagram
104908;2026-06-20;17:30;Simone Gomes;11980000205;Santo André;SP;Juliana Martins;Design de sobrancelhas;Sobrancelhas;45.0;Cartão de débito;Concluído;WhatsApp
104909;2026-06-20;18:00;Paula Mendes;11980000296;São Caetano do Sul;SP;Larissa Santos;Manicure + Pedicure;Unhas;70.0;Cartão de débito;Concluído;Presencial
104910;2026-06-20;18:00;Bianca Ferreira;11980000300;São Caetano do Sul;SP;Patrícia Alves;Corte feminino;Cabelos;85.0;Dinheiro;Concluído;Presencial
104911;2026-06-21;14:30;Priscila Mendes;11980000308;São Bernardo do Campo;SP;Juliana Martins;Design de sobrancelhas;Sobrancelhas;45.0;Dinheiro;Concluído;WhatsApp
104912;2026-06-22;10:00;Beatriz Barbosa;11980000214;Mauá;SP;Fernanda Costa;Esmaltação em gel;Unhas;80.0;Cartão de crédito;Concluído;Telefone
104913;2026-06-22;11:00;Raquel Pereira;11980000037;São Bernardo do Campo;SP;Patrícia Alves;Design de sobrancelhas;Sobrancelhas;45.0;Cartão de débito;Concluído;WhatsApp
104914;2026-06-22;11:00;Juliana Souza;11980000426;São Paulo;SP;Bruna Oliveira;Manutenção de cílios;Cílios;90.0;Dinheiro;Concluído;WhatsApp
104915;2026-06-22;14:00;Simone Silva;11980000035;São Paulo;SP;Fernanda Costa;Pedicure;Unhas;36.0;PIX;Concluído;WhatsApp
104916;2026-06-22;15:30;Camila Ferreira;11980000386;São Caetano do Sul;SP;Fernanda Costa;Manicure;Unhas;35.0;Cartão de débito;Concluído;Instagram
104917;2026-06-22;17:30;Elaine Silva;11980000261;Mauá;SP;Renata Souza;Pedicure;Unhas;40.0;PIX;Concluído;Presencial
104918;2026-06-23;09:00;Simone Almeida;11980000184;Santo André;SP;Renata Souza;Design de sobrancelhas;Sobrancelhas;45.0;Dinheiro;Concluído;Instagram
104919;2026-06-23;09:30;Monique Barbosa;11980000139;São Caetano do Sul;SP;Patrícia Alves;Escova;Cabelos;66.5;Cartão de débito;Concluído;WhatsApp
104920;2026-06-23;10:00;Sabrina Lima;11980000100;Diadema;SP;Larissa Santos;Escova;Cabelos;70.0;Dinheiro;Concluído;Presencial
104921;2026-06-23;13:00;Bruna Rocha;11980000081;São Caetano do Sul;SP;Juliana Martins;Manutenção de cílios;Cílios;85.5;Dinheiro;Concluído;Instagram
104922;2026-06-23;13:00;Raquel Carvalho;11980000168;Santo André;SP;Bruna Oliveira;Design + Henna;Sobrancelhas;57.0;Cartão de débito;Concluído;Presencial
104923;2026-06-23;13:30;Isabela Mendes;11980000428;São Caetano do Sul;SP;Larissa Santos;Manicure;Unhas;33.25;Cartão de débito;Concluído;Instagram
104924;2026-06-23;13:30;Paula Silva;11980000169;Diadema;SP;Fernanda Costa;Manicure;Unhas;35.0;Dinheiro;Concluído;Telefone
104925;2026-06-23;13:30;Fernanda Santos;11980000425;Diadema;SP;Patrícia Alves;Manutenção de alongamento;Unhas;100.0;Dinheiro;Concluído;Presencial
104926;2026-06-23;14:00;Marcela Santos;11980000206;São Paulo;SP;Renata Souza;Hidratação;Cabelos;0.0;Cartão de crédito;Cancelado;Presencial
104927;2026-06-23;14:30;Daniela Silva;11980000346;São Paulo;SP;Fernanda Costa;Manicure;Unhas;35.0;Cartão de crédito;Concluído;Telefone
104928;2026-06-23;14:30;Sabrina Barbosa;11980000380;Santo André;SP;Larissa Santos;Pedicure;Unhas;38.0;Cartão de crédito;Concluído;WhatsApp
104929;2026-06-23;15:00;Beatriz Silva;11980000439;Santo André;SP;Fernanda Costa;Manutenção de alongamento;Unhas;100.0;Cartão de débito;Concluído;Presencial
104930;2026-06-23;15:30;Carla Almeida;11980000444;Diadema;SP;Larissa Santos;Manicure;Unhas;35.0;Cartão de crédito;Concluído;Telefone
104931;2026-06-23;16:00;Vanessa Mendes;11980000343;Santo André;SP;Fernanda Costa;Manutenção de cílios;Cílios;90.0;PIX;Concluído;Instagram
104932;2026-06-23;16:00;Vanessa Lima;11980000342;Mauá;SP;Bruna Oliveira;Manutenção de alongamento;Unhas;100.0;Cartão de débito;Concluído;Telefone
104933;2026-06-23;16:00;Débora Ribeiro;11980000318;São Caetano do Sul;SP;Mariana Silva;Manicure + Pedicure;Unhas;70.0;Cartão de crédito;Concluído;WhatsApp
104934;2026-06-23;16:00;Renata Almeida;11980000155;Mauá;SP;Bruna Oliveira;Esmaltação em gel;Unhas;80.0;PIX;Concluído;Presencial
104935;2026-06-23;16:30;Sabrina Martins;11980000215;Diadema;SP;Mariana Silva;Escova;Cabelos;0.0;Cartão de crédito;Cancelado;Instagram
104936;2026-06-23;17:00;Paula Oliveira;11980000177;Mauá;SP;Juliana Martins;Hidratação;Cabelos;95.0;PIX;Concluído;Instagram
104937;2026-06-23;17:00;Patrícia Rocha;11980000085;Mauá;SP;Fernanda Costa;Manutenção de alongamento;Unhas;100.0;Cartão de débito;Concluído;Presencial
104938;2026-06-23;17:00;Larissa Ribeiro;11980000116;São Bernardo do Campo;SP;Camila Rodrigues;Manicure;Unhas;35.0;Cartão de crédito;Concluído;Telefone
104939;2026-06-24;09:00;Patrícia Ribeiro;11980000044;São Bernardo do Campo;SP;Larissa Santos;Manicure;Unhas;35.0;PIX;Concluído;Presencial
104940;2026-06-24;10:00;Patrícia Pereira;11980000246;São Caetano do Sul;SP;Bruna Oliveira;Pedicure;Unhas;40.0;Cartão de crédito;Concluído;Instagram
104941;2026-06-24;10:00;Viviane Silva;11980000402;Diadema;SP;Renata Souza;Manicure + Pedicure;Unhas;70.0;Dinheiro;Concluído;Telefone
104942;2026-06-24;11:00;Ana Carolina Souza;11980000001;São Paulo;SP;Mariana Silva;Manutenção de alongamento;Unhas;100.0;Cartão de crédito;Concluído;WhatsApp
104943;2026-06-24;11:30;Monique Lima;11980000449;São Bernardo do Campo;SP;Mariana Silva;Esmaltação em gel;Unhas;80.0;PIX;Concluído;Telefone
104944;2026-06-24;13:00;Elaine Gomes;11980000335;Santo André;SP;Bruna Oliveira;Spa dos pés;Estética;65.0;PIX;Concluído;Presencial
104945;2026-06-24;13:00;Gabriela Silva;11980000443;São Caetano do Sul;SP;Fernanda Costa;Manicure + Pedicure;Unhas;70.0;Cartão de débito;Concluído;Telefone
104946;2026-06-24;13:30;Carla Mendes;11980000005;Mauá;SP;Renata Souza;Coloração;Cabelos;160.0;Cartão de crédito;Concluído;WhatsApp
104947;2026-06-24;14:30;Patrícia Santos;11980000213;Diadema;SP;Juliana Martins;Manutenção de alongamento;Unhas;100.0;Dinheiro;Concluído;Presencial
104948;2026-06-24;15:00;Daniela Rocha;11980000355;São Caetano do Sul;SP;Patrícia Alves;Pedicure;Unhas;0.0;PIX;Não Compareceu;WhatsApp
104949;2026-06-24;15:30;Monique Ribeiro;11980000048;Diadema;SP;Fernanda Costa;Esmaltação em gel;Unhas;80.0;Cartão de crédito;Concluído;Telefone
104950;2026-06-24;16:30;Marcela Gomes;11980000316;São Bernardo do Campo;SP;Renata Souza;Manutenção de alongamento;Unhas;90.0;Cartão de débito;Concluído;Telefone
104951;2026-06-24;16:30;Beatriz Santos;11980000065;Mauá;SP;Fernanda Costa;Esmaltação em gel;Unhas;80.0;Dinheiro;Concluído;Presencial
104952;2026-06-24;17:00;Priscila Barbosa;11980000150;Santo André;SP;Mariana Silva;Escova;Cabelos;70.0;Cartão de crédito;Concluído;Presencial
104953;2026-06-24;17:30;Camila Mendes;11980000138;Santo André;SP;Patrícia Alves;Spa dos pés;Estética;58.5;PIX;Concluído;Telefone
104954;2026-06-25;09:00;Elaine Gomes;11980000301;Mauá;SP;Camila Rodrigues;Manicure;Unhas;35.0;Cartão de débito;Concluído;Telefone
104955;2026-06-25;09:00;Jéssica Silva;11980000448;São Caetano do Sul;SP;Juliana Martins;Manicure;Unhas;35.0;Cartão de crédito;Concluído;Instagram
104956;2026-06-25;09:30;Bianca Santos;11980000251;São Caetano do Sul;SP;Bruna Oliveira;Manicure;Unhas;35.0;Dinheiro;Concluído;Instagram
104957;2026-06-25;10:00;Bruna Barbosa;11980000446;Santo André;SP;Bruna Oliveira;Esmaltação em gel;Unhas;80.0;Cartão de crédito;Concluído;Telefone
104958;2026-06-25;10:00;Fernanda Pereira;11980000292;Santo André;SP;Camila Rodrigues;Hidratação;Cabelos;95.0;PIX;Concluído;WhatsApp
104959;2026-06-25;11:30;Monique Ribeiro;11980000407;São Paulo;SP;Mariana Silva;Coloração;Cabelos;0.0;PIX;Cancelado;Telefone
104960;2026-06-25;11:30;Marcela Rocha;11980000221;Diadema;SP;Larissa Santos;Esmaltação em gel;Unhas;80.0;Cartão de crédito;Concluído;Instagram
104961;2026-06-25;14:00;Flávia Santos;11980000315;São Bernardo do Campo;SP;Patrícia Alves;Pedicure;Unhas;0.0;Cartão de débito;Cancelado;WhatsApp
104962;2026-06-25;14:30;Daniela Lima;11980000431;Diadema;SP;Mariana Silva;Spa dos pés;Estética;65.0;Cartão de crédito;Concluído;WhatsApp
104963;2026-06-25;14:30;Juliana Silva;11980000141;São Bernardo do Campo;SP;Patrícia Alves;Hidratação;Cabelos;95.0;Cartão de crédito;Concluído;WhatsApp
104964;2026-06-25;15:00;Sabrina Lima;11980000062;São Caetano do Sul;SP;Mariana Silva;Pedicure;Unhas;40.0;Cartão de crédito;Concluído;Presencial
104965;2026-06-25;15:00;Renata Alves;11980000018;São Paulo;SP;Juliana Martins;Manicure + Pedicure;Unhas;70.0;PIX;Concluído;Instagram
104966;2026-06-25;15:00;Sabrina Oliveira;11980000034;São Bernardo do Campo;SP;Larissa Santos;Design + Henna;Sobrancelhas;0.0;Cartão de crédito;Cancelado;WhatsApp
104967;2026-06-25;15:30;Letícia Carvalho;11980000109;Diadema;SP;Renata Souza;Alongamento de unhas;Unhas;150.0;Cartão de crédito;Concluído;WhatsApp
104968;2026-06-25;16:00;Jéssica Santos;11980000297;Diadema;SP;Juliana Martins;Manicure;Unhas;0.0;Cartão de crédito;Cancelado;Instagram
104969;2026-06-25;17:30;Priscila Martins;11980000187;Santo André;SP;Renata Souza;Design + Henna;Sobrancelhas;60.0;PIX;Concluído;Presencial
104970;2026-06-26;09:30;Carla Martins;11980000265;Santo André;SP;Juliana Martins;Corte feminino;Cabelos;85.0;PIX;Concluído;Instagram
104971;2026-06-26;09:30;Carla Oliveira;11980000384;Diadema;SP;Larissa Santos;Pedicure;Unhas;40.0;Cartão de crédito;Concluído;WhatsApp
104972;2026-06-26;09:30;Isabela Lima;11980000264;Diadema;SP;Renata Souza;Pedicure;Unhas;38.0;Cartão de débito;Concluído;Instagram
104973;2026-06-26;10:00;Juliana Silva;11980000141;São Bernardo do Campo;SP;Camila Rodrigues;Manicure + Pedicure;Unhas;70.0;Cartão de crédito;Concluído;Presencial
104974;2026-06-26;10:00;Elaine Almeida;11980000110;Diadema;SP;Larissa Santos;Manutenção de alongamento;Unhas;90.0;Cartão de débito;Concluído;Presencial
104975;2026-06-26;10:30;Larissa Souza;11980000095;Santo André;SP;Larissa Santos;Manicure + Pedicure;Unhas;0.0;Cartão de débito;Cancelado;WhatsApp
104976;2026-06-26;11:00;Rafaela Mendes;11980000156;São Caetano do Sul;SP;Juliana Martins;Manutenção de cílios;Cílios;90.0;Cartão de débito;Concluído;WhatsApp
104977;2026-06-26;11:00;Débora Costa;11980000134;São Paulo;SP;Renata Souza;Design de sobrancelhas;Sobrancelhas;40.5;PIX;Concluído;Instagram
104978;2026-06-26;11:30;Carla Mendes;11980000005;Mauá;SP;Fernanda Costa;Design + Henna;Sobrancelhas;60.0;Cartão de crédito;Concluído;Presencial
104979;2026-06-26;13:00;Tatiane Silva;11980000072;São Paulo;SP;Patrícia Alves;Manicure;Unhas;35.0;Cartão de débito;Concluído;Presencial
104980;2026-06-26;13:00;Raquel Carvalho;11980000168;Santo André;SP;Mariana Silva;Esmaltação em gel;Unhas;80.0;PIX;Concluído;WhatsApp
104981;2026-06-26;13:00;Bianca Costa;11980000388;São Bernardo do Campo;SP;Fernanda Costa;Manicure;Unhas;35.0;PIX;Concluído;Instagram
104982;2026-06-26;13:00;Camila Santos;11980000291;São Paulo;SP;Fernanda Costa;Esmaltação em gel;Unhas;80.0;Dinheiro;Concluído;Presencial
104983;2026-06-26;13:30;Gabriela Lima;11980000321;Mauá;SP;Bruna Oliveira;Design + Henna;Sobrancelhas;60.0;Cartão de crédito;Concluído;Telefone
104984;2026-06-26;14:00;Elaine Santos;11980000176;São Caetano do Sul;SP;Mariana Silva;Manicure;Unhas;35.0;PIX;Concluído;Instagram
104985;2026-06-26;14:00;Paula Souza;11980000283;São Paulo;SP;Juliana Martins;Escova;Cabelos;0.0;Cartão de débito;Não Compareceu;WhatsApp
104986;2026-06-26;14:30;Fernanda Pereira;11980000292;Santo André;SP;Renata Souza;Pedicure;Unhas;38.0;Cartão de débito;Concluído;Presencial
104987;2026-06-26;14:30;Beatriz Ribeiro;11980000051;São Bernardo do Campo;SP;Fernanda Costa;Pedicure;Unhas;40.0;Cartão de crédito;Concluído;WhatsApp
104988;2026-06-26;15:00;Marcela Gomes;11980000080;São Caetano do Sul;SP;Juliana Martins;Spa dos pés;Estética;65.0;Dinheiro;Concluído;WhatsApp
104989;2026-06-26;15:30;Natália Carvalho;11980000047;São Paulo;SP;Fernanda Costa;Design de sobrancelhas;Sobrancelhas;45.0;Dinheiro;Concluído;Telefone
104990;2026-06-26;16:00;Gabriela Lima;11980000330;Mauá;SP;Larissa Santos;Spa dos pés;Estética;65.0;PIX;Concluído;Instagram
104991;2026-06-26;16:00;Jéssica Gomes;11980000263;Santo André;SP;Juliana Martins;Extensão de cílios;Cílios;180.0;PIX;Concluído;Telefone
104992;2026-06-26;16:30;Vanessa Gomes;11980000075;Santo André;SP;Mariana Silva;Escova;Cabelos;70.0;Cartão de débito;Concluído;Instagram
104993;2026-06-26;17:00;Débora Lima;11980000113;Diadema;SP;Camila Rodrigues;Manicure;Unhas;35.0;Dinheiro;Concluído;Telefone
104994;2026-06-26;18:00;Juliana Martins;11980000180;São Caetano do Sul;SP;Larissa Santos;Corte feminino;Cabelos;85.0;PIX;Concluído;Telefone
104995;2026-06-27;09:00;Patrícia Souza;11980000306;São Paulo;SP;Larissa Santos;Design + Henna;Sobrancelhas;60.0;PIX;Concluído;Presencial
104996;2026-06-27;09:00;Larissa Oliveira;11980000074;São Caetano do Sul;SP;Larissa Santos;Escova;Cabelos;70.0;Cartão de crédito;Concluído;Telefone
104997;2026-06-27;09:30;Amanda Oliveira;11980000112;São Caetano do Sul;SP;Bruna Oliveira;Esmaltação em gel;Unhas;80.0;PIX;Concluído;Telefone
104998;2026-06-27;10:00;Monique Santos;11980000031;Diadema;SP;Patrícia Alves;Manicure + Pedicure;Unhas;70.0;PIX;Concluído;Instagram
104999;2026-06-27;10:30;Débora Gomes;11980000310;São Paulo;SP;Mariana Silva;Hidratação;Cabelos;95.0;Dinheiro;Concluído;Presencial
105000;2026-06-27;11:00;Rafaela Gomes;11980000006;São Paulo;SP;Patrícia Alves;Alongamento de unhas;Unhas;150.0;Cartão de crédito;Concluído;Telefone
105001;2026-06-27;11:00;Bianca Ferreira;11980000225;São Paulo;SP;Fernanda Costa;Alongamento de unhas;Unhas;150.0;Cartão de crédito;Concluído;Instagram
105002;2026-06-27;11:00;Gabriela Barbosa;11980000243;São Paulo;SP;Camila Rodrigues;Coloração;Cabelos;160.0;Cartão de débito;Concluído;Presencial
105003;2026-06-27;11:30;Elaine Gomes;11980000301;Mauá;SP;Patrícia Alves;Manicure;Unhas;35.0;Cartão de débito;Concluído;Instagram
105004;2026-06-27;13:00;Bianca Santos;11980000066;São Bernardo do Campo;SP;Renata Souza;Design de sobrancelhas;Sobrancelhas;45.0;Cartão de débito;Concluído;Presencial
105005;2026-06-27;13:00;Marcela Souza;11980000174;São Paulo;SP;Fernanda Costa;Extensão de cílios;Cílios;180.0;Cartão de débito;Concluído;Presencial
105006;2026-06-27;13:30;Raquel Pereira;11980000379;Mauá;SP;Larissa Santos;Extensão de cílios;Cílios;180.0;Dinheiro;Concluído;Presencial
105007;2026-06-27;14:00;Sabrina Lima;11980000062;São Caetano do Sul;SP;Renata Souza;Escova;Cabelos;70.0;Cartão de débito;Concluído;Presencial
105008;2026-06-27;14:00;Raquel Pereira;11980000037;São Bernardo do Campo;SP;Larissa Santos;Pedicure;Unhas;40.0;Dinheiro;Concluído;Telefone
105009;2026-06-27;14:00;Renata Rocha;11980000423;Santo André;SP;Fernanda Costa;Manutenção de cílios;Cílios;85.5;Cartão de débito;Concluído;Presencial
105010;2026-06-27;14:30;Ana Souza;11980000420;Mauá;SP;Larissa Santos;Esmaltação em gel;Unhas;80.0;PIX;Concluído;Presencial
105011;2026-06-27;14:30;Mariana Oliveira;11980000207;São Caetano do Sul;SP;Bruna Oliveira;Design + Henna;Sobrancelhas;60.0;Cartão de crédito;Concluído;Presencial
105012;2026-06-27;14:30;Sabrina Oliveira;11980000034;São Bernardo do Campo;SP;Fernanda Costa;Manutenção de alongamento;Unhas;100.0;Cartão de débito;Concluído;Presencial
105013;2026-06-27;15:00;Vanessa Gomes;11980000075;Santo André;SP;Camila Rodrigues;Manicure + Pedicure;Unhas;63.0;PIX;Concluído;Instagram
105014;2026-06-27;15:00;Renata Martins;11980000133;São Caetano do Sul;SP;Camila Rodrigues;Manicure + Pedicure;Unhas;70.0;Cartão de crédito;Concluído;WhatsApp
105015;2026-06-27;15:30;Beatriz Oliveira;11980000329;São Caetano do Sul;SP;Camila Rodrigues;Escova;Cabelos;70.0;Cartão de crédito;Concluído;WhatsApp
105016;2026-06-27;15:30;Fernanda Ribeiro;11980000256;São Paulo;SP;Mariana Silva;Manicure;Unhas;35.0;Cartão de crédito;Concluído;WhatsApp
105017;2026-06-27;15:30;Tatiane Oliveira;11980000258;São Paulo;SP;Camila Rodrigues;Coloração;Cabelos;160.0;Cartão de crédito;Concluído;Presencial
105018;2026-06-27;16:00;Isabela Rocha;11980000055;Santo André;SP;Fernanda Costa;Manicure + Pedicure;Unhas;70.0;Cartão de débito;Concluído;Instagram
105019;2026-06-27;16:00;Viviane Carvalho;11980000354;São Caetano do Sul;SP;Bruna Oliveira;Escova;Cabelos;70.0;Dinheiro;Concluído;Instagram
105020;2026-06-27;16:30;Elaine Oliveira;11980000158;Diadema;SP;Fernanda Costa;Corte feminino;Cabelos;85.0;PIX;Concluído;WhatsApp
105021;2026-06-27;16:30;Patrícia Pereira;11980000312;São Bernardo do Campo;SP;Renata Souza;Alongamento de unhas;Unhas;0.0;Cartão de débito;Cancelado;Telefone
105022;2026-06-27;17:00;Bianca Souza;11980000276;Diadema;SP;Bruna Oliveira;Escova;Cabelos;70.0;PIX;Concluído;Instagram
105023;2026-06-27;18:00;Aline Pereira;11980000319;São Paulo;SP;Larissa Santos;Design de sobrancelhas;Sobrancelhas;0.0;Cartão de crédito;Cancelado;Telefone
105024;2026-06-27;18:00;Beatriz Oliveira;11980000329;São Caetano do Sul;SP;Juliana Martins;Design + Henna;Sobrancelhas;60.0;Dinheiro;Concluído;Telefone
105025;2026-06-28;15:30;Mariana Barbosa;11980000241;Santo André;SP;Fernanda Costa;Design de sobrancelhas;Sobrancelhas;42.75;Cartão de crédito;Concluído;Presencial
105026;2026-06-29;09:00;Raquel Pereira;11980000037;São Bernardo do Campo;SP;Juliana Martins;Corte feminino;Cabelos;85.0;Cartão de crédito;Concluído;Presencial
105027;2026-06-29;09:30;Bianca Ferreira;11980000225;São Paulo;SP;Patrícia Alves;Alongamento de unhas;Unhas;135.0;Cartão de crédito;Concluído;Telefone
105028;2026-06-29;09:30;Fernanda Martins;11980000200;Diadema;SP;Renata Souza;Escova;Cabelos;70.0;PIX;Concluído;Telefone
105029;2026-06-29;10:00;Larissa Souza;11980000095;Santo André;SP;Patrícia Alves;Manicure;Unhas;33.25;Cartão de débito;Concluído;Presencial
105030;2026-06-29;11:30;Flávia Pereira;11980000348;Diadema;SP;Renata Souza;Pedicure;Unhas;38.0;Dinheiro;Concluído;Telefone
105031;2026-06-29;14:30;Letícia Souza;11980000389;Santo André;SP;Fernanda Costa;Pedicure;Unhas;40.0;Cartão de crédito;Concluído;WhatsApp
105032;2026-06-29;15:00;Tatiane Souza;11980000022;Santo André;SP;Larissa Santos;Pedicure;Unhas;36.0;PIX;Concluído;WhatsApp
105033;2026-06-29;15:30;Natália Rocha;11980000277;Santo André;SP;Fernanda Costa;Manicure + Pedicure;Unhas;70.0;Dinheiro;Concluído;Telefone
105034;2026-06-29;16:00;Tatiane Souza;11980000022;Santo André;SP;Bruna Oliveira;Hidratação;Cabelos;95.0;PIX;Concluído;Telefone
105035;2026-06-29;16:30;Débora Ribeiro;11980000371;Santo André;SP;Fernanda Costa;Esmaltação em gel;Unhas;80.0;Dinheiro;Concluído;Instagram
105036;2026-06-29;17:00;Juliana Costa;11980000050;Santo André;SP;Mariana Silva;Manicure;Unhas;35.0;Dinheiro;Concluído;Instagram
105037;2026-06-29;18:00;Paula Mendes;11980000296;São Caetano do Sul;SP;Bruna Oliveira;Manicure;Unhas;35.0;Cartão de crédito;Concluído;Telefone
105038;2026-06-30;10:00;Elaine Almeida;11980000110;Diadema;SP;Camila Rodrigues;Manicure;Unhas;35.0;PIX;Concluído;Instagram
105039;2026-06-30;13:00;Simone Martins;11980000067;Mauá;SP;Larissa Santos;Design de sobrancelhas;Sobrancelhas;45.0;Dinheiro;Concluído;WhatsApp
105040;2026-06-30;13:00;Juliana Costa;11980000317;Mauá;SP;Mariana Silva;Corte feminino;Cabelos;80.75;Dinheiro;Concluído;Instagram
105041;2026-06-30;14:30;Daniela Barbosa;11980000253;Mauá;SP;Mariana Silva;Manicure;Unhas;35.0;PIX;Concluído;Instagram
105042;2026-06-30;16:00;Rafaela Ribeiro;11980000153;São Paulo;SP;Bruna Oliveira;Manicure;Unhas;35.0;PIX;Concluído;Presencial
105043;2026-06-30;16:00;Paula Silva;11980000366;Mauá;SP;Patrícia Alves;Alongamento de unhas;Unhas;150.0;Cartão de débito;Concluído;Telefone
105044;2026-06-30;16:30;Sabrina Souza;11980000038;Mauá;SP;Camila Rodrigues;Manicure;Unhas;35.0;Cartão de débito;Concluído;WhatsApp
105045;2026-06-30;17:00;Fernanda Santos;11980000405;São Bernardo do Campo;SP;Camila Rodrigues;Corte feminino;Cabelos;85.0;Cartão de crédito;Concluído;Telefone
105046;2026-06-30;17:30;Natália Rocha;11980000277;Santo André;SP;Bruna Oliveira;Manicure;Unhas;35.0;Dinheiro;Concluído;Presencial
105047;2026-06-30;18:00;Natália Carvalho;11980000352;Mauá;SP;Patrícia Alves;Coloração;Cabelos;160.0;Cartão de crédito;Concluído;Presencial
105048;2026-07-01;09:00;Daniela Lima;11980000431;Diadema;SP;Renata Souza;Manutenção de alongamento;Unhas;100.0;Cartão de crédito;Concluído;Telefone
105049;2026-07-01;10:00;Débora Gomes;11980000310;São Paulo;SP;Juliana Martins;Manutenção de cílios;Cílios;90.0;Cartão de débito;Concluído;Telefone
105050;2026-07-01;10:30;Letícia Silva;11980000411;Santo André;SP;Juliana Martins;Pedicure;Unhas;40.0;Dinheiro;Concluído;Instagram
105051;2026-07-01;11:00;Juliana Costa;11980000144;São Bernardo do Campo;SP;Larissa Santos;Hidratação;Cabelos;90.25;Cartão de crédito;Concluído;Presencial
105052;2026-07-01;11:00;Tatiane Silva;11980000072;São Paulo;SP;Patrícia Alves;Manicure;Unhas;0.0;Cartão de crédito;Cancelado;Telefone
105053;2026-07-01;11:30;Luciana Almeida;11980000309;São Paulo;SP;Patrícia Alves;Design + Henna;Sobrancelhas;60.0;PIX;Concluído;Telefone
105054;2026-07-01;13:00;Daniela Freitas;11980000025;Diadema;SP;Renata Souza;Manutenção de cílios;Cílios;90.0;Cartão de crédito;Concluído;WhatsApp
105055;2026-07-01;13:30;Isabela Santos;11980000208;Mauá;SP;Mariana Silva;Manutenção de cílios;Cílios;90.0;Cartão de crédito;Concluído;Presencial
105056;2026-07-01;14:00;Monique Mendes;11980000419;Santo André;SP;Patrícia Alves;Spa dos pés;Estética;65.0;Cartão de débito;Concluído;Presencial
105057;2026-07-01;15:30;Carla Barbosa;11980000096;Diadema;SP;Patrícia Alves;Esmaltação em gel;Unhas;80.0;Cartão de crédito;Concluído;WhatsApp
105058;2026-07-01;15:30;Beatriz Lima;11980000278;São Bernardo do Campo;SP;Camila Rodrigues;Manutenção de alongamento;Unhas;100.0;Cartão de crédito;Concluído;WhatsApp
105059;2026-07-01;15:30;Carla Mendes;11980000005;Mauá;SP;Fernanda Costa;Esmaltação em gel;Unhas;80.0;PIX;Concluído;WhatsApp
105060;2026-07-01;16:30;Sabrina Ferreira;11980000181;Mauá;SP;Patrícia Alves;Escova;Cabelos;70.0;Dinheiro;Concluído;WhatsApp
105061;2026-07-01;17:00;Bianca Costa;11980000388;São Bernardo do Campo;SP;Fernanda Costa;Pedicure;Unhas;40.0;Cartão de crédito;Concluído;Presencial
105062;2026-07-01;17:30;Raquel Pereira;11980000037;São Bernardo do Campo;SP;Larissa Santos;Manicure + Pedicure;Unhas;0.0;Dinheiro;Cancelado;WhatsApp
105063;2026-07-02;09:30;Luciana Oliveira;11980000302;São Bernardo do Campo;SP;Camila Rodrigues;Design de sobrancelhas;Sobrancelhas;45.0;Cartão de crédito;Concluído;Instagram
105064;2026-07-02;10:30;Débora Barbosa;11980000092;Diadema;SP;Patrícia Alves;Hidratação;Cabelos;95.0;Cartão de débito;Concluído;Telefone
105065;2026-07-02;10:30;Vanessa Silva;11980000401;Diadema;SP;Mariana Silva;Design de sobrancelhas;Sobrancelhas;42.75;Dinheiro;Concluído;WhatsApp
105066;2026-07-02;13:00;Beatriz Silva;11980000069;São Caetano do Sul;SP;Camila Rodrigues;Manutenção de alongamento;Unhas;100.0;PIX;Concluído;WhatsApp
105067;2026-07-02;13:00;Elaine Moura;11980000026;São Bernardo do Campo;SP;Juliana Martins;Alongamento de unhas;Unhas;150.0;Cartão de crédito;Concluído;Presencial
105068;2026-07-02;14:30;Bianca Ferreira;11980000225;São Paulo;SP;Patrícia Alves;Spa dos pés;Estética;65.0;Cartão de crédito;Concluído;Telefone
105069;2026-07-02;14:30;Paula Ferreira;11980000203;São Caetano do Sul;SP;Renata Souza;Manicure;Unhas;35.0;Dinheiro;Concluído;WhatsApp
105070;2026-07-02;15:00;Flávia Lima;11980000089;Diadema;SP;Fernanda Costa;Escova;Cabelos;70.0;Cartão de crédito;Concluído;Presencial
105071;2026-07-02;15:00;Bianca Souza;11980000276;Diadema;SP;Fernanda Costa;Spa dos pés;Estética;0.0;PIX;Cancelado;Presencial
105072;2026-07-02;15:00;Priscila Barbosa;11980000219;Mauá;SP;Camila Rodrigues;Coloração;Cabelos;152.0;Cartão de débito;Concluído;Presencial
105073;2026-07-02;15:30;Cristiane Santos;11980000378;Mauá;SP;Bruna Oliveira;Design + Henna;Sobrancelhas;54.0;PIX;Concluído;Presencial
105074;2026-07-02;15:30;Juliana Silva;11980000141;São Bernardo do Campo;SP;Fernanda Costa;Design de sobrancelhas;Sobrancelhas;45.0;Cartão de débito;Concluído;WhatsApp
105075;2026-07-02;16:00;Renata Rocha;11980000423;Santo André;SP;Bruna Oliveira;Design de sobrancelhas;Sobrancelhas;45.0;Cartão de crédito;Concluído;Presencial
105076;2026-07-02;16:00;Paula Barbosa;11980000130;Santo André;SP;Mariana Silva;Manicure;Unhas;35.0;PIX;Concluído;Presencial
105077;2026-07-02;16:30;Débora Costa;11980000134;São Paulo;SP;Patrícia Alves;Esmaltação em gel;Unhas;80.0;Cartão de crédito;Concluído;Instagram
105078;2026-07-02;16:30;Isabela Barbosa;11980000117;São Paulo;SP;Patrícia Alves;Design de sobrancelhas;Sobrancelhas;0.0;Cartão de débito;Não Compareceu;Telefone
105079;2026-07-02;17:30;Paula Ferreira;11980000203;São Caetano do Sul;SP;Fernanda Costa;Corte feminino;Cabelos;85.0;PIX;Concluído;Instagram
105080;2026-07-02;17:30;Luciana Almeida;11980000309;São Paulo;SP;Fernanda Costa;Manicure;Unhas;35.0;Cartão de crédito;Concluído;Presencial
105081;2026-07-02;18:00;Amanda Oliveira;11980000112;São Caetano do Sul;SP;Bruna Oliveira;Design de sobrancelhas;Sobrancelhas;40.5;PIX;Concluído;Presencial
105082;2026-07-03;09:00;Isabela Rocha;11980000232;Diadema;SP;Mariana Silva;Manicure + Pedicure;Unhas;70.0;PIX;Concluído;Telefone
105083;2026-07-03;09:00;Juliana Ribeiro;11980000099;Santo André;SP;Juliana Martins;Design + Henna;Sobrancelhas;60.0;Cartão de débito;Concluído;WhatsApp
105084;2026-07-03;10:00;Bruna Carvalho;11980000357;Mauá;SP;Larissa Santos;Coloração;Cabelos;160.0;Dinheiro;Concluído;Instagram
105085;2026-07-03;10:30;Flávia Lima;11980000089;Diadema;SP;Fernanda Costa;Manicure + Pedicure;Unhas;70.0;Dinheiro;Concluído;WhatsApp
105086;2026-07-03;10:30;Renata Lima;11980000125;São Bernardo do Campo;SP;Patrícia Alves;Manicure + Pedicure;Unhas;70.0;Dinheiro;Concluído;Instagram
105087;2026-07-03;11:00;Daniela Lima;11980000399;São Paulo;SP;Juliana Martins;Design de sobrancelhas;Sobrancelhas;45.0;Cartão de débito;Concluído;WhatsApp
105088;2026-07-03;11:00;Beatriz Ribeiro;11980000051;São Bernardo do Campo;SP;Patrícia Alves;Design + Henna;Sobrancelhas;0.0;PIX;Cancelado;Presencial
105089;2026-07-03;11:00;Priscila Pereira;11980000353;São Paulo;SP;Patrícia Alves;Manicure;Unhas;35.0;Cartão de débito;Concluído;WhatsApp
105090;2026-07-03;11:30;Bianca Costa;11980000388;São Bernardo do Campo;SP;Juliana Martins;Manutenção de alongamento;Unhas;100.0;Cartão de débito;Concluído;Instagram
105091;2026-07-03;13:30;Renata Rocha;11980000423;Santo André;SP;Camila Rodrigues;Manicure + Pedicure;Unhas;70.0;PIX;Concluído;Instagram
105092;2026-07-03;14:30;Viviane Mendes;11980000057;São Bernardo do Campo;SP;Renata Souza;Alongamento de unhas;Unhas;150.0;PIX;Concluído;Presencial
105093;2026-07-03;16:00;Paula Souza;11980000283;São Paulo;SP;Larissa Santos;Manicure + Pedicure;Unhas;63.0;Dinheiro;Concluído;WhatsApp
105094;2026-07-03;16:30;Aline Pereira;11980000319;São Paulo;SP;Larissa Santos;Manicure;Unhas;33.25;Cartão de crédito;Concluído;Telefone
105095;2026-07-03;17:00;Cristiane Barbosa;11980000123;São Paulo;SP;Juliana Martins;Pedicure;Unhas;38.0;Cartão de débito;Concluído;Presencial
105096;2026-07-03;17:30;Patrícia Barbosa;11980000196;São Caetano do Sul;SP;Larissa Santos;Manicure;Unhas;35.0;Dinheiro;Concluído;Telefone
105097;2026-07-04;09:00;Bianca Costa;11980000388;São Bernardo do Campo;SP;Renata Souza;Design de sobrancelhas;Sobrancelhas;45.0;Cartão de débito;Concluído;WhatsApp
105098;2026-07-04;09:30;Elaine Santos;11980000176;São Caetano do Sul;SP;Juliana Martins;Design de sobrancelhas;Sobrancelhas;45.0;Cartão de débito;Concluído;WhatsApp
105099;2026-07-04;09:30;Aline Barbosa;11980000183;São Caetano do Sul;SP;Fernanda Costa;Manicure + Pedicure;Unhas;66.5;Dinheiro;Concluído;Instagram
105100;2026-07-04;09:30;Paula Oliveira;11980000177;Mauá;SP;Larissa Santos;Alongamento de unhas;Unhas;150.0;PIX;Concluído;Telefone
105101;2026-07-04;10:00;Juliana Costa;11980000359;Diadema;SP;Fernanda Costa;Corte feminino;Cabelos;85.0;PIX;Concluído;WhatsApp
105102;2026-07-04;10:30;Raquel Silva;11980000275;Diadema;SP;Mariana Silva;Design de sobrancelhas;Sobrancelhas;42.75;Dinheiro;Concluído;Presencial
105103;2026-07-04;10:30;Monique Mendes;11980000361;São Paulo;SP;Mariana Silva;Manutenção de cílios;Cílios;90.0;Cartão de débito;Concluído;Instagram
105104;2026-07-04;11:00;Fernanda Ribeiro;11980000256;São Paulo;SP;Camila Rodrigues;Esmaltação em gel;Unhas;76.0;Cartão de crédito;Concluído;WhatsApp
105105;2026-07-04;13:00;Juliana Costa;11980000317;Mauá;SP;Bruna Oliveira;Esmaltação em gel;Unhas;80.0;Cartão de débito;Concluído;Telefone
105106;2026-07-04;13:00;Cristiane Carvalho;11980000287;São Paulo;SP;Patrícia Alves;Manicure + Pedicure;Unhas;70.0;Dinheiro;Concluído;Presencial
105107;2026-07-04;13:30;Vanessa Rocha;11980000119;Diadema;SP;Renata Souza;Pedicure;Unhas;38.0;Cartão de débito;Concluído;Presencial
105108;2026-07-04;13:30;Vanessa Almeida;11980000311;São Paulo;SP;Fernanda Costa;Esmaltação em gel;Unhas;80.0;PIX;Concluído;Presencial
105109;2026-07-04;13:30;Larissa Pereira;11980000105;Santo André;SP;Fernanda Costa;Extensão de cílios;Cílios;0.0;PIX;Cancelado;Presencial
105110;2026-07-04;14:30;Paula Oliveira;11980000177;Mauá;SP;Larissa Santos;Extensão de cílios;Cílios;180.0;Cartão de débito;Concluído;Presencial
105111;2026-07-04;15:00;Monique Mendes;11980000361;São Paulo;SP;Patrícia Alves;Esmaltação em gel;Unhas;80.0;Cartão de débito;Concluído;Instagram
105112;2026-07-04;15:00;Rafaela Lima;11980000441;Diadema;SP;Renata Souza;Coloração;Cabelos;160.0;Cartão de débito;Concluído;Instagram
105113;2026-07-04;15:30;Marcela Ferreira;11980000160;Santo André;SP;Patrícia Alves;Esmaltação em gel;Unhas;80.0;PIX;Concluído;Telefone
105114;2026-07-04;16:00;Cristiane Lima;11980000338;Mauá;SP;Camila Rodrigues;Design de sobrancelhas;Sobrancelhas;45.0;PIX;Concluído;Telefone
105115;2026-07-04;16:30;Daniela Rocha;11980000172;São Paulo;SP;Fernanda Costa;Pedicure;Unhas;40.0;Dinheiro;Concluído;Presencial
105116;2026-07-04;16:30;Natália Ribeiro;11980000424;São Caetano do Sul;SP;Renata Souza;Manicure + Pedicure;Unhas;70.0;PIX;Concluído;WhatsApp
105117;2026-07-04;16:30;Letícia Pereira;11980000189;Mauá;SP;Fernanda Costa;Corte feminino;Cabelos;85.0;Cartão de crédito;Concluído;Presencial
105118;2026-07-04;17:00;Beatriz Lima;11980000278;São Bernardo do Campo;SP;Fernanda Costa;Manicure;Unhas;35.0;Dinheiro;Concluído;Telefone
105119;2026-07-04;17:00;Bianca Rocha;11980000082;São Paulo;SP;Larissa Santos;Design + Henna;Sobrancelhas;0.0;PIX;Não Compareceu;Instagram
105120;2026-07-04;17:30;Fernanda Santos;11980000405;São Bernardo do Campo;SP;Larissa Santos;Design de sobrancelhas;Sobrancelhas;45.0;PIX;Concluído;Presencial
105121;2026-07-04;18:00;Paula Barbosa;11980000331;Diadema;SP;Mariana Silva;Pedicure;Unhas;36.0;PIX;Concluído;Instagram
105122;2026-07-04;18:00;Paula Martins;11980000165;Mauá;SP;Patrícia Alves;Pedicure;Unhas;40.0;PIX;Concluído;Presencial
105123;2026-07-04;18:00;Camila Carvalho;11980000210;São Bernardo do Campo;SP;Renata Souza;Esmaltação em gel;Unhas;0.0;Cartão de crédito;Cancelado;Instagram
105124;2026-07-06;09:00;Daniela Silva;11980000346;São Paulo;SP;Juliana Martins;Design + Henna;Sobrancelhas;60.0;PIX;Concluído;Instagram
105125;2026-07-06;11:30;Juliana Souza;11980000426;São Paulo;SP;Juliana Martins;Design de sobrancelhas;Sobrancelhas;45.0;Dinheiro;Concluído;Presencial
105126;2026-07-06;11:30;Jéssica Gomes;11980000084;São Paulo;SP;Fernanda Costa;Escova;Cabelos;63.0;Cartão de débito;Concluído;Instagram
105127;2026-07-06;11:30;Paula Mendes;11980000296;São Caetano do Sul;SP;Bruna Oliveira;Alongamento de unhas;Unhas;150.0;Cartão de débito;Concluído;Telefone
105128;2026-07-06;13:30;Marcela Gomes;11980000316;São Bernardo do Campo;SP;Renata Souza;Design de sobrancelhas;Sobrancelhas;45.0;PIX;Concluído;Presencial
105129;2026-07-06;13:30;Raquel Silva;11980000341;São Caetano do Sul;SP;Renata Souza;Design de sobrancelhas;Sobrancelhas;45.0;Dinheiro;Concluído;WhatsApp
105130;2026-07-06;14:30;Ana Souza;11980000420;Mauá;SP;Renata Souza;Coloração;Cabelos;152.0;PIX;Concluído;Telefone
105131;2026-07-06;15:30;Marcela Vieira;11980000030;São Paulo;SP;Renata Souza;Manicure;Unhas;35.0;Cartão de débito;Concluído;WhatsApp
105132;2026-07-06;15:30;Fernanda Lima;11980000003;São Paulo;SP;Larissa Santos;Pedicure;Unhas;40.0;Dinheiro;Concluído;Instagram
105133;2026-07-06;15:30;Priscila Mendes;11980000308;São Bernardo do Campo;SP;Camila Rodrigues;Design + Henna;Sobrancelhas;60.0;Cartão de crédito;Concluído;Presencial
105134;2026-07-06;15:30;Elaine Santos;11980000231;São Bernardo do Campo;SP;Mariana Silva;Pedicure;Unhas;40.0;Cartão de débito;Concluído;WhatsApp
105135;2026-07-06;17:00;Vanessa Almeida;11980000311;São Paulo;SP;Renata Souza;Manicure + Pedicure;Unhas;70.0;Dinheiro;Concluído;Presencial
105136;2026-07-06;17:00;Flávia Pereira;11980000348;Diadema;SP;Patrícia Alves;Pedicure;Unhas;40.0;PIX;Concluído;Telefone
105137;2026-07-06;17:30;Beatriz Lima;11980000278;São Bernardo do Campo;SP;Renata Souza;Hidratação;Cabelos;95.0;Cartão de crédito;Concluído;Telefone
105138;2026-07-07;09:00;Simone Silva;11980000035;São Paulo;SP;Juliana Martins;Alongamento de unhas;Unhas;142.5;Cartão de crédito;Concluído;Telefone
105139;2026-07-07;09:00;Gabriela Pereira;11980000272;Mauá;SP;Renata Souza;Design de sobrancelhas;Sobrancelhas;0.0;Cartão de crédito;Cancelado;Instagram
105140;2026-07-07;09:30;Juliana Costa;11980000004;Santo André;SP;Fernanda Costa;Manicure;Unhas;35.0;Dinheiro;Concluído;WhatsApp
105141;2026-07-07;09:30;Juliana Costa;11980000317;Mauá;SP;Mariana Silva;Manicure;Unhas;35.0;Cartão de débito;Concluído;Presencial
105142;2026-07-07;09:30;Natália Oliveira;11980000061;Mauá;SP;Bruna Oliveira;Hidratação;Cabelos;90.25;Dinheiro;Concluído;Telefone
105143;2026-07-07;10:00;Jéssica Almeida;11980000299;São Paulo;SP;Fernanda Costa;Hidratação;Cabelos;95.0;Dinheiro;Concluído;Instagram
105144;2026-07-07;10:30;Bianca Santos;11980000251;São Caetano do Sul;SP;Fernanda Costa;Alongamento de unhas;Unhas;150.0;Cartão de crédito;Concluído;Telefone
105145;2026-07-07;10:30;Tatiane Costa;11980000194;Diadema;SP;Renata Souza;Manicure + Pedicure;Unhas;70.0;Cartão de débito;Concluído;Telefone
105146;2026-07-07;11:00;Patrícia Lima;11980000367;São Bernardo do Campo;SP;Fernanda Costa;Manicure;Unhas;35.0;Cartão de débito;Concluído;Instagram
105147;2026-07-07;11:30;Bianca Rocha;11980000082;São Paulo;SP;Juliana Martins;Design de sobrancelhas;Sobrancelhas;42.75;Cartão de débito;Concluído;WhatsApp
105148;2026-07-07;11:30;Amanda Carvalho;11980000212;Santo André;SP;Larissa Santos;Manicure;Unhas;31.5;Dinheiro;Concluído;Presencial
105149;2026-07-07;11:30;Letícia Fernandes;11980000015;São Caetano do Sul;SP;Patrícia Alves;Pedicure;Unhas;40.0;Cartão de crédito;Concluído;Instagram
105150;2026-07-07;13:00;Daniela Barbosa;11980000253;Mauá;SP;Bruna Oliveira;Manutenção de cílios;Cílios;90.0;PIX;Concluído;Instagram
105151;2026-07-07;13:00;Simone Ferreira;11980000390;Mauá;SP;Larissa Santos;Manutenção de alongamento;Unhas;100.0;Cartão de crédito;Concluído;Presencial
105152;2026-07-07;14:30;Priscila Barbosa;11980000150;Santo André;SP;Mariana Silva;Esmaltação em gel;Unhas;0.0;Dinheiro;Não Compareceu;Presencial
105153;2026-07-07;15:00;Jéssica Almeida;11980000299;São Paulo;SP;Mariana Silva;Corte feminino;Cabelos;85.0;Dinheiro;Concluído;Telefone
105154;2026-07-07;15:00;Cristiane Gomes;11980000303;Diadema;SP;Larissa Santos;Design de sobrancelhas;Sobrancelhas;45.0;Cartão de crédito;Concluído;Telefone
105155;2026-07-07;15:30;Bianca Ribeiro;11980000288;São Paulo;SP;Patrícia Alves;Design + Henna;Sobrancelhas;0.0;Cartão de débito;Cancelado;Presencial
105156;2026-07-07;16:00;Larissa Rocha;11980000430;Santo André;SP;Camila Rodrigues;Extensão de cílios;Cílios;180.0;Cartão de crédito;Concluído;WhatsApp
105157;2026-07-07;16:00;Beatriz Santos;11980000298;São Caetano do Sul;SP;Fernanda Costa;Pedicure;Unhas;0.0;Cartão de crédito;Não Compareceu;Presencial
105158;2026-07-07;16:30;Beatriz Barbosa;11980000179;São Bernardo do Campo;SP;Juliana Martins;Manutenção de alongamento;Unhas;100.0;Cartão de crédito;Concluído;Instagram
105159;2026-07-08;09:00;Fernanda Santos;11980000425;Diadema;SP;Bruna Oliveira;Design + Henna;Sobrancelhas;0.0;Dinheiro;Não Compareceu;WhatsApp
105160;2026-07-08;09:30;Rafaela Souza;11980000280;São Caetano do Sul;SP;Bruna Oliveira;Manicure + Pedicure;Unhas;70.0;Dinheiro;Concluído;Telefone
105161;2026-07-08;10:00;Simone Mendes;11980000293;São Caetano do Sul;SP;Camila Rodrigues;Manicure;Unhas;35.0;Cartão de débito;Concluído;Presencial
105162;2026-07-08;10:30;Priscila Ribeiro;11980000436;São Paulo;SP;Camila Rodrigues;Design de sobrancelhas;Sobrancelhas;0.0;PIX;Cancelado;Telefone
105163;2026-07-08;14:00;Juliana Costa;11980000317;Mauá;SP;Larissa Santos;Corte feminino;Cabelos;85.0;Cartão de débito;Concluído;Telefone
105164;2026-07-08;14:30;Renata Souza;11980000128;Mauá;SP;Juliana Martins;Manicure;Unhas;35.0;Dinheiro;Concluído;Presencial
105165;2026-07-08;14:30;Amanda Ferreira;11980000398;Mauá;SP;Renata Souza;Pedicure;Unhas;40.0;Cartão de débito;Concluído;WhatsApp
105166;2026-07-08;15:00;Camila Ferreira;11980000386;São Caetano do Sul;SP;Renata Souza;Manutenção de cílios;Cílios;90.0;Cartão de crédito;Concluído;Telefone
105167;2026-07-08;15:00;Vanessa Mendes;11980000343;Santo André;SP;Camila Rodrigues;Manicure + Pedicure;Unhas;70.0;Dinheiro;Concluído;WhatsApp
105168;2026-07-08;15:00;Renata Alves;11980000018;São Paulo;SP;Mariana Silva;Manicure + Pedicure;Unhas;0.0;PIX;Não Compareceu;WhatsApp
105169;2026-07-08;15:30;Simone Mendes;11980000293;São Caetano do Sul;SP;Juliana Martins;Manutenção de alongamento;Unhas;95.0;Cartão de débito;Concluído;Telefone
105170;2026-07-08;17:00;Bianca Oliveira;11980000294;São Paulo;SP;Renata Souza;Manutenção de alongamento;Unhas;90.0;PIX;Concluído;Presencial
105171;2026-07-08;17:30;Larissa Oliveira;11980000074;São Caetano do Sul;SP;Patrícia Alves;Esmaltação em gel;Unhas;80.0;Cartão de débito;Concluído;WhatsApp
105172;2026-07-08;18:00;Patrícia Lima;11980000367;São Bernardo do Campo;SP;Fernanda Costa;Pedicure;Unhas;38.0;PIX;Concluído;Instagram
105173;2026-07-09;09:00;Juliana Souza;11980000417;Diadema;SP;Juliana Martins;Design + Henna;Sobrancelhas;0.0;Cartão de débito;Cancelado;Telefone
105174;2026-07-09;09:30;Bianca Souza;11980000276;Diadema;SP;Patrícia Alves;Esmaltação em gel;Unhas;76.0;Cartão de crédito;Concluído;Presencial
105175;2026-07-09;10:00;Simone Almeida;11980000184;Santo André;SP;Fernanda Costa;Design de sobrancelhas;Sobrancelhas;42.75;Dinheiro;Concluído;Presencial
105176;2026-07-09;10:30;Débora Gomes;11980000310;São Paulo;SP;Larissa Santos;Esmaltação em gel;Unhas;80.0;Cartão de débito;Concluído;Presencial
105177;2026-07-09;10:30;Natália Rocha;11980000277;Santo André;SP;Renata Souza;Escova;Cabelos;70.0;Dinheiro;Concluído;Instagram
105178;2026-07-09;10:30;Gabriela Martins;11980000011;Santo André;SP;Patrícia Alves;Esmaltação em gel;Unhas;80.0;Cartão de crédito;Concluído;Telefone
105179;2026-07-09;11:00;Simone Oliveira;11980000058;São Paulo;SP;Camila Rodrigues;Escova;Cabelos;63.0;Cartão de débito;Concluído;WhatsApp
105180;2026-07-09;11:30;Natália Costa;11980000120;São Paulo;SP;Larissa Santos;Design de sobrancelhas;Sobrancelhas;45.0;PIX;Concluído;Instagram
105181;2026-07-09;11:30;Patrícia Ferreira;11980000008;São Bernardo do Campo;SP;Patrícia Alves;Esmaltação em gel;Unhas;80.0;PIX;Concluído;WhatsApp
105182;2026-07-09;11:30;Daniela Lima;11980000431;Diadema;SP;Juliana Martins;Pedicure;Unhas;38.0;PIX;Concluído;Instagram
105183;2026-07-09;13:00;Monique Mendes;11980000361;São Paulo;SP;Fernanda Costa;Design de sobrancelhas;Sobrancelhas;45.0;Dinheiro;Concluído;Presencial
105184;2026-07-09;15:00;Bruna Oliveira;11980000404;São Caetano do Sul;SP;Renata Souza;Alongamento de unhas;Unhas;0.0;Cartão de débito;Não Compareceu;Telefone
105185;2026-07-09;15:00;Elaine Gomes;11980000301;Mauá;SP;Bruna Oliveira;Design de sobrancelhas;Sobrancelhas;0.0;Dinheiro;Cancelado;Instagram
105186;2026-07-09;15:30;Elaine Gomes;11980000301;Mauá;SP;Fernanda Costa;Manicure;Unhas;35.0;Cartão de crédito;Concluído;Telefone
105187;2026-07-09;16:00;Viviane Costa;11980000307;São Caetano do Sul;SP;Juliana Martins;Escova;Cabelos;70.0;Cartão de débito;Concluído;Presencial
105188;2026-07-09;17:00;Viviane Ferreira;11980000142;Mauá;SP;Juliana Martins;Design de sobrancelhas;Sobrancelhas;42.75;Dinheiro;Concluído;WhatsApp
105189;2026-07-09;18:00;Monique Almeida;11980000093;São Paulo;SP;Camila Rodrigues;Manicure + Pedicure;Unhas;66.5;Cartão de crédito;Concluído;WhatsApp
105190;2026-07-09;18:00;Bruna Barbosa;11980000446;Santo André;SP;Camila Rodrigues;Manicure;Unhas;35.0;PIX;Concluído;Instagram
105191;2026-07-10;09:00;Rafaela Ribeiro;11980000153;São Paulo;SP;Bruna Oliveira;Manicure + Pedicure;Unhas;66.5;Cartão de crédito;Concluído;Telefone
105192;2026-07-10;10:00;Bruna Ferreira;11980000148;Santo André;SP;Bruna Oliveira;Pedicure;Unhas;40.0;Dinheiro;Concluído;WhatsApp
105193;2026-07-10;10:00;Isabela Rocha;11980000014;Santo André;SP;Patrícia Alves;Escova;Cabelos;70.0;Cartão de débito;Concluído;Telefone
105194;2026-07-10;10:30;Fernanda Ferreira;11980000392;Mauá;SP;Juliana Martins;Esmaltação em gel;Unhas;80.0;Cartão de débito;Concluído;WhatsApp
105195;2026-07-10;10:30;Flávia Mendes;11980000129;Mauá;SP;Patrícia Alves;Pedicure;Unhas;36.0;Cartão de débito;Concluído;WhatsApp
105196;2026-07-10;11:00;Beatriz Barbosa;11980000214;Mauá;SP;Patrícia Alves;Manicure;Unhas;0.0;Cartão de crédito;Cancelado;Telefone
105197;2026-07-10;11:00;Fernanda Martins;11980000200;Diadema;SP;Patrícia Alves;Escova;Cabelos;66.5;Cartão de crédito;Concluído;Telefone
105198;2026-07-10;11:00;Luciana Lima;11980000249;São Paulo;SP;Larissa Santos;Hidratação;Cabelos;95.0;Dinheiro;Concluído;Telefone
105199;2026-07-10;13:00;Marcela Souza;11980000174;São Paulo;SP;Renata Souza;Escova;Cabelos;70.0;Dinheiro;Concluído;Presencial
105200;2026-07-10;13:00;Patrícia Lima;11980000367;São Bernardo do Campo;SP;Renata Souza;Escova;Cabelos;70.0;PIX;Concluído;Presencial
105201;2026-07-10;14:00;Aline Barbosa;11980000183;São Caetano do Sul;SP;Fernanda Costa;Design + Henna;Sobrancelhas;60.0;Dinheiro;Concluído;Telefone
105202;2026-07-10;14:00;Bianca Lopes;11980000023;Diadema;SP;Juliana Martins;Manicure;Unhas;35.0;Dinheiro;Concluído;Telefone
105203;2026-07-10;14:30;Luciana Lima;11980000249;São Paulo;SP;Fernanda Costa;Esmaltação em gel;Unhas;80.0;Cartão de crédito;Concluído;Presencial
105204;2026-07-10;14:30;Juliana Souza;11980000417;Diadema;SP;Bruna Oliveira;Manicure + Pedicure;Unhas;70.0;Cartão de débito;Concluído;Telefone
105205;2026-07-10;15:00;Jéssica Gomes;11980000084;São Paulo;SP;Patrícia Alves;Manicure;Unhas;35.0;Dinheiro;Concluído;Telefone
105206;2026-07-10;15:30;Viviane Ribeiro;11980000045;Mauá;SP;Fernanda Costa;Escova;Cabelos;70.0;PIX;Concluído;Telefone
105207;2026-07-10;15:30;Beatriz Santos;11980000065;Mauá;SP;Juliana Martins;Manutenção de alongamento;Unhas;100.0;Cartão de débito;Concluído;Telefone
105208;2026-07-10;16:00;Rafaela Gomes;11980000006;São Paulo;SP;Larissa Santos;Escova;Cabelos;70.0;Cartão de débito;Concluído;Instagram
105209;2026-07-10;17:00;Juliana Santos;11980000071;São Paulo;SP;Patrícia Alves;Pedicure;Unhas;40.0;PIX;Concluído;WhatsApp
105210;2026-07-10;17:30;Aline Almeida;11980000083;Mauá;SP;Renata Souza;Design de sobrancelhas;Sobrancelhas;0.0;Cartão de crédito;Cancelado;Instagram
105211;2026-07-10;17:30;Viviane Costa;11980000307;São Caetano do Sul;SP;Larissa Santos;Manicure + Pedicure;Unhas;66.5;PIX;Concluído;Instagram
105212;2026-07-10;17:30;Carla Oliveira;11980000115;Santo André;SP;Bruna Oliveira;Extensão de cílios;Cílios;180.0;Cartão de crédito;Concluído;Presencial
105213;2026-07-11;09:00;Monique Mendes;11980000361;São Paulo;SP;Bruna Oliveira;Escova;Cabelos;70.0;Cartão de crédito;Concluído;Telefone
105214;2026-07-11;09:30;Isabela Rocha;11980000055;Santo André;SP;Bruna Oliveira;Alongamento de unhas;Unhas;0.0;PIX;Cancelado;WhatsApp
105215;2026-07-11;10:00;Elaine Souza;11980000091;São Caetano do Sul;SP;Juliana Martins;Pedicure;Unhas;40.0;Cartão de crédito;Concluído;Presencial
105216;2026-07-11;10:00;Simone Oliveira;11980000416;Mauá;SP;Juliana Martins;Manutenção de alongamento;Unhas;95.0;Cartão de débito;Concluído;WhatsApp
105217;2026-07-11;10:00;Carla Almeida;11980000444;Diadema;SP;Camila Rodrigues;Design de sobrancelhas;Sobrancelhas;45.0;Dinheiro;Concluído;Presencial
105218;2026-07-11;10:00;Beatriz Silva;11980000069;São Caetano do Sul;SP;Mariana Silva;Escova;Cabelos;70.0;PIX;Concluído;Instagram
105219;2026-07-11;10:30;Viviane Lima;11980000036;Mauá;SP;Juliana Martins;Manutenção de alongamento;Unhas;100.0;Cartão de débito;Concluído;Telefone
105220;2026-07-11;10:30;Elaine Moura;11980000026;São Bernardo do Campo;SP;Patrícia Alves;Manicure + Pedicure;Unhas;70.0;Cartão de crédito;Concluído;Instagram
105221;2026-07-11;11:30;Cristiane Costa;11980000197;São Paulo;SP;Larissa Santos;Design + Henna;Sobrancelhas;57.0;Cartão de crédito;Concluído;Instagram
105222;2026-07-11;11:30;Tatiane Pereira;11980000070;São Paulo;SP;Juliana Martins;Corte feminino;Cabelos;80.75;Dinheiro;Concluído;WhatsApp
105223;2026-07-11;11:30;Bianca Costa;11980000388;São Bernardo do Campo;SP;Patrícia Alves;Manicure + Pedicure;Unhas;70.0;Cartão de débito;Concluído;Presencial
105224;2026-07-11;13:00;Aline Barbosa;11980000183;São Caetano do Sul;SP;Patrícia Alves;Escova;Cabelos;70.0;Dinheiro;Concluído;Telefone
105225;2026-07-11;13:00;Vanessa Rocha;11980000043;São Paulo;SP;Bruna Oliveira;Manicure;Unhas;33.25;Dinheiro;Concluído;Instagram
105226;2026-07-11;13:30;Beatriz Almeida;11980000157;São Caetano do Sul;SP;Fernanda Costa;Manutenção de alongamento;Unhas;95.0;PIX;Concluído;WhatsApp
105227;2026-07-11;13:30;Juliana Ribeiro;11980000099;Santo André;SP;Renata Souza;Manicure;Unhas;35.0;Dinheiro;Concluído;Instagram
105228;2026-07-11;14:00;Priscila Ribeiro;11980000178;São Paulo;SP;Camila Rodrigues;Design + Henna;Sobrancelhas;60.0;Dinheiro;Concluído;WhatsApp
105229;2026-07-11;14:00;Jéssica Lima;11980000427;Mauá;SP;Renata Souza;Manutenção de alongamento;Unhas;95.0;Dinheiro;Concluído;Instagram
105230;2026-07-11;15:00;Larissa Souza;11980000095;Santo André;SP;Juliana Martins;Manicure;Unhas;35.0;Cartão de crédito;Concluído;WhatsApp
105231;2026-07-11;15:30;Marcela Oliveira;11980000382;Mauá;SP;Fernanda Costa;Escova;Cabelos;70.0;Dinheiro;Concluído;WhatsApp
105232;2026-07-11;15:30;Marcela Ferreira;11980000106;Santo André;SP;Bruna Oliveira;Manicure + Pedicure;Unhas;0.0;Cartão de débito;Não Compareceu;Instagram
105233;2026-07-11;15:30;Juliana Costa;11980000144;São Bernardo do Campo;SP;Fernanda Costa;Design + Henna;Sobrancelhas;60.0;PIX;Concluído;WhatsApp
105234;2026-07-11;16:00;Cristiane Ferreira;11980000295;Diadema;SP;Patrícia Alves;Manicure + Pedicure;Unhas;70.0;Cartão de débito;Concluído;Instagram
105235;2026-07-11;16:00;Carla Santos;11980000060;São Paulo;SP;Patrícia Alves;Pedicure;Unhas;40.0;Dinheiro;Concluído;WhatsApp
105236;2026-07-11;16:00;Daniela Rocha;11980000387;Santo André;SP;Juliana Martins;Manicure;Unhas;35.0;Dinheiro;Concluído;WhatsApp
105237;2026-07-11;16:30;Renata Alves;11980000018;São Paulo;SP;Camila Rodrigues;Pedicure;Unhas;40.0;Cartão de débito;Concluído;Telefone
105238;2026-07-11;17:00;Débora Costa;11980000134;São Paulo;SP;Patrícia Alves;Manicure + Pedicure;Unhas;70.0;Dinheiro;Concluído;Presencial
105239;2026-07-11;17:30;Jéssica Souza;11980000086;Mauá;SP;Bruna Oliveira;Corte feminino;Cabelos;85.0;Dinheiro;Concluído;Presencial
105240;2026-07-13;09:00;Elaine Souza;11980000111;Santo André;SP;Larissa Santos;Corte feminino;Cabelos;85.0;Cartão de crédito;Concluído;Telefone
105241;2026-07-13;09:30;Juliana Santos;11980000234;São Caetano do Sul;SP;Juliana Martins;Escova;Cabelos;70.0;Dinheiro;Concluído;Presencial
105242;2026-07-13;09:30;Juliana Mendes;11980000188;São Caetano do Sul;SP;Renata Souza;Escova;Cabelos;70.0;Cartão de crédito;Concluído;Instagram
105243;2026-07-13;10:00;Carla Gomes;11980000445;São Caetano do Sul;SP;Bruna Oliveira;Pedicure;Unhas;40.0;Dinheiro;Concluído;WhatsApp
105244;2026-07-13;10:00;Flávia Martins;11980000412;São Bernardo do Campo;SP;Fernanda Costa;Alongamento de unhas;Unhas;150.0;Cartão de crédito;Concluído;Instagram
105245;2026-07-13;10:30;Beatriz Ribeiro;11980000244;Diadema;SP;Renata Souza;Spa dos pés;Estética;0.0;Cartão de crédito;Não Compareceu;Presencial
105246;2026-07-13;13:30;Raquel Carvalho;11980000168;Santo André;SP;Camila Rodrigues;Alongamento de unhas;Unhas;150.0;Cartão de débito;Concluído;WhatsApp
105247;2026-07-13;14:30;Aline Pereira;11980000319;São Paulo;SP;Larissa Santos;Pedicure;Unhas;40.0;PIX;Concluído;Presencial
105248;2026-07-13;14:30;Simone Gomes;11980000351;São Paulo;SP;Camila Rodrigues;Manicure;Unhas;35.0;Cartão de débito;Concluído;WhatsApp
105249;2026-07-13;16:30;Paula Oliveira;11980000177;Mauá;SP;Patrícia Alves;Esmaltação em gel;Unhas;0.0;PIX;Cancelado;WhatsApp
105250;2026-07-13;17:00;Priscila Barbosa;11980000219;Mauá;SP;Fernanda Costa;Manicure + Pedicure;Unhas;70.0;Dinheiro;Concluído;Presencial
105251;2026-07-13;17:00;Jéssica Almeida;11980000052;São Caetano do Sul;SP;Fernanda Costa;Alongamento de unhas;Unhas;150.0;Dinheiro;Concluído;Instagram
105252;2026-07-13;17:30;Elaine Almeida;11980000110;Diadema;SP;Bruna Oliveira;Esmaltação em gel;Unhas;80.0;Cartão de débito;Concluído;Presencial
105253;2026-07-13;18:00;Monique Almeida;11980000093;São Paulo;SP;Mariana Silva;Pedicure;Unhas;40.0;PIX;Concluído;Presencial
105254;2026-07-14;09:30;Elaine Silva;11980000327;São Caetano do Sul;SP;Larissa Santos;Manutenção de alongamento;Unhas;100.0;Dinheiro;Concluído;Instagram
105255;2026-07-14;10:00;Natália Carvalho;11980000063;Diadema;SP;Juliana Martins;Manutenção de cílios;Cílios;90.0;Cartão de crédito;Concluído;WhatsApp
105256;2026-07-14;11:00;Jéssica Silva;11980000448;São Caetano do Sul;SP;Larissa Santos;Manicure;Unhas;33.25;Cartão de débito;Concluído;Presencial
105257;2026-07-14;11:00;Paula Mendes;11980000032;Santo André;SP;Camila Rodrigues;Manicure;Unhas;35.0;Cartão de crédito;Concluído;Instagram
105258;2026-07-14;13:00;Camila Souza;11980000360;Mauá;SP;Bruna Oliveira;Design de sobrancelhas;Sobrancelhas;45.0;PIX;Concluído;WhatsApp
105259;2026-07-14;14:30;Larissa Rocha;11980000430;Santo André;SP;Juliana Martins;Manicure + Pedicure;Unhas;70.0;Dinheiro;Concluído;Instagram
105260;2026-07-14;15:00;Jéssica Gomes;11980000049;Diadema;SP;Camila Rodrigues;Esmaltação em gel;Unhas;80.0;Dinheiro;Concluído;Presencial
105261;2026-07-14;15:30;Cristiane Carvalho;11980000287;São Paulo;SP;Patrícia Alves;Manutenção de cílios;Cílios;90.0;Dinheiro;Concluído;Instagram
105262;2026-07-14;16:00;Viviane Martins;11980000068;São Paulo;SP;Mariana Silva;Design de sobrancelhas;Sobrancelhas;45.0;PIX;Concluído;Presencial
105263;2026-07-14;16:00;Cristiane Gomes;11980000303;Diadema;SP;Mariana Silva;Esmaltação em gel;Unhas;80.0;Dinheiro;Concluído;WhatsApp
105264;2026-07-14;16:30;Fernanda Lima;11980000003;São Paulo;SP;Bruna Oliveira;Corte feminino;Cabelos;80.75;Dinheiro;Concluído;WhatsApp
105265;2026-07-15;09:30;Raquel Silva;11980000167;Santo André;SP;Fernanda Costa;Design + Henna;Sobrancelhas;54.0;Dinheiro;Concluído;Telefone
105266;2026-07-15;11:00;Marcela Lima;11980000064;Santo André;SP;Renata Souza;Pedicure;Unhas;40.0;PIX;Concluído;Instagram
105267;2026-07-15;11:30;Juliana Costa;11980000144;São Bernardo do Campo;SP;Fernanda Costa;Esmaltação em gel;Unhas;80.0;Dinheiro;Concluído;Presencial
105268;2026-07-15;11:30;Priscila Castro;11980000019;Santo André;SP;Patrícia Alves;Extensão de cílios;Cílios;171.0;PIX;Concluído;Instagram
105269;2026-07-15;13:00;Marcela Rocha;11980000126;São Caetano do Sul;SP;Larissa Santos;Manicure;Unhas;35.0;Dinheiro;Concluído;Instagram
105270;2026-07-15;14:00;Mariana Oliveira;11980000002;São Bernardo do Campo;SP;Patrícia Alves;Manicure + Pedicure;Unhas;70.0;Cartão de crédito;Concluído;Instagram
105271;2026-07-15;14:30;Tatiane Martins;11980000406;Santo André;SP;Bruna Oliveira;Coloração;Cabelos;152.0;PIX;Concluído;WhatsApp
105272;2026-07-15;16:30;Beatriz Barbosa;11980000214;Mauá;SP;Bruna Oliveira;Hidratação;Cabelos;95.0;Dinheiro;Concluído;Instagram
105273;2026-07-15;16:30;Bianca Ferreira;11980000132;São Paulo;SP;Larissa Santos;Manicure;Unhas;33.25;Cartão de débito;Concluído;Telefone
105274;2026-07-15;16:30;Natália Mendes;11980000413;Mauá;SP;Larissa Santos;Manutenção de cílios;Cílios;0.0;Cartão de débito;Cancelado;Telefone
105275;2026-07-15;16:30;Elaine Silva;11980000327;São Caetano do Sul;SP;Fernanda Costa;Manutenção de cílios;Cílios;90.0;Dinheiro;Concluído;WhatsApp
105276;2026-07-15;17:00;Flávia Almeida;11980000192;São Bernardo do Campo;SP;Patrícia Alves;Pedicure;Unhas;40.0;Cartão de débito;Concluído;Presencial
105277;2026-07-15;17:00;Larissa Lima;11980000326;São Paulo;SP;Patrícia Alves;Esmaltação em gel;Unhas;76.0;Cartão de crédito;Concluído;Instagram
105278;2026-07-15;18:00;Patrícia Ferreira;11980000008;São Bernardo do Campo;SP;Renata Souza;Manicure;Unhas;33.25;Dinheiro;Concluído;Presencial
105279;2026-07-16;09:00;Juliana Mendes;11980000188;São Caetano do Sul;SP;Larissa Santos;Manutenção de alongamento;Unhas;95.0;Cartão de débito;Concluído;WhatsApp
105280;2026-07-16;10:00;Monique Lima;11980000449;São Bernardo do Campo;SP;Bruna Oliveira;Manicure + Pedicure;Unhas;66.5;Dinheiro;Concluído;Telefone
105281;2026-07-16;11:00;Flávia Martins;11980000344;São Paulo;SP;Mariana Silva;Manicure + Pedicure;Unhas;66.5;Cartão de crédito;Concluído;WhatsApp
105282;2026-07-16;11:00;Amanda Ribeiro;11980000012;Diadema;SP;Mariana Silva;Hidratação;Cabelos;95.0;Cartão de débito;Concluído;WhatsApp
105283;2026-07-16;11:30;Simone Almeida;11980000184;Santo André;SP;Renata Souza;Design de sobrancelhas;Sobrancelhas;0.0;Cartão de crédito;Não Compareceu;Instagram
105284;2026-07-16;13:00;Aline Pereira;11980000322;Mauá;SP;Fernanda Costa;Design + Henna;Sobrancelhas;60.0;PIX;Concluído;Instagram
105285;2026-07-16;14:00;Viviane Lima;11980000036;Mauá;SP;Mariana Silva;Pedicure;Unhas;40.0;PIX;Concluído;Presencial
105286;2026-07-16;14:30;Rafaela Lima;11980000441;Diadema;SP;Fernanda Costa;Manutenção de cílios;Cílios;0.0;Cartão de débito;Não Compareceu;Telefone
105287;2026-07-16;15:00;Renata Souza;11980000128;Mauá;SP;Fernanda Costa;Escova;Cabelos;70.0;Cartão de crédito;Concluído;Presencial
105288;2026-07-16;17:00;Simone Oliveira;11980000058;São Paulo;SP;Renata Souza;Pedicure;Unhas;40.0;PIX;Concluído;WhatsApp
105289;2026-07-16;18:00;Camila Silva;11980000041;São Paulo;SP;Mariana Silva;Manutenção de cílios;Cílios;85.5;Dinheiro;Concluído;Instagram
105290;2026-07-16;18:00;Isabela Lima;11980000264;Diadema;SP;Patrícia Alves;Spa dos pés;Estética;65.0;Dinheiro;Concluído;Presencial
105291;2026-07-17;09:00;Letícia Silva;11980000411;Santo André;SP;Renata Souza;Corte feminino;Cabelos;85.0;Cartão de crédito;Concluído;Telefone
105292;2026-07-17;09:00;Gabriela Lima;11980000330;Mauá;SP;Fernanda Costa;Manicure + Pedicure;Unhas;70.0;Dinheiro;Concluído;Instagram
105293;2026-07-17;09:30;Monique Lima;11980000410;São Bernardo do Campo;SP;Fernanda Costa;Manicure + Pedicure;Unhas;70.0;Dinheiro;Concluído;Presencial
105294;2026-07-17;11:30;Aline Barbosa;11980000056;São Caetano do Sul;SP;Fernanda Costa;Escova;Cabelos;70.0;Cartão de débito;Concluído;Instagram
105295;2026-07-17;13:00;Vanessa Lima;11980000233;Mauá;SP;Larissa Santos;Design + Henna;Sobrancelhas;60.0;Cartão de débito;Concluído;Telefone
105296;2026-07-17;13:30;Camila Silva;11980000041;São Paulo;SP;Camila Rodrigues;Manutenção de alongamento;Unhas;90.0;Dinheiro;Concluído;Telefone
105297;2026-07-17;13:30;Gabriela Silva;11980000415;São Paulo;SP;Larissa Santos;Alongamento de unhas;Unhas;150.0;PIX;Concluído;Instagram
105298;2026-07-17;14:00;Natália Barbosa;11980000016;Diadema;SP;Bruna Oliveira;Design + Henna;Sobrancelhas;60.0;PIX;Concluído;Instagram
105299;2026-07-17;14:30;Carla Barbosa;11980000096;Diadema;SP;Fernanda Costa;Manicure + Pedicure;Unhas;70.0;Cartão de débito;Concluído;WhatsApp
105300;2026-07-17;14:30;Luciana Carvalho;11980000337;Mauá;SP;Larissa Santos;Pedicure;Unhas;40.0;Cartão de débito;Concluído;Presencial
105301;2026-07-17;15:00;Fernanda Almeida;11980000363;Diadema;SP;Patrícia Alves;Extensão de cílios;Cílios;180.0;PIX;Concluído;Telefone
105302;2026-07-17;15:00;Juliana Santos;11980000385;Diadema;SP;Camila Rodrigues;Design + Henna;Sobrancelhas;60.0;Cartão de débito;Concluído;Presencial
105303;2026-07-17;16:00;Carla Mendes;11980000005;Mauá;SP;Juliana Martins;Manicure + Pedicure;Unhas;70.0;Dinheiro;Concluído;Telefone
105304;2026-07-17;16:30;Cristiane Costa;11980000197;São Paulo;SP;Patrícia Alves;Spa dos pés;Estética;65.0;Cartão de crédito;Concluído;Telefone
105305;2026-07-17;18:00;Aline Pereira;11980000322;Mauá;SP;Renata Souza;Design de sobrancelhas;Sobrancelhas;42.75;Cartão de crédito;Concluído;Presencial
105306;2026-07-18;09:00;Raquel Costa;11980000033;São Caetano do Sul;SP;Patrícia Alves;Design + Henna;Sobrancelhas;60.0;Cartão de débito;Concluído;Presencial
105307;2026-07-18;09:30;Beatriz Lima;11980000365;São Caetano do Sul;SP;Patrícia Alves;Manutenção de alongamento;Unhas;100.0;Dinheiro;Concluído;Instagram
105308;2026-07-18;09:30;Mariana Oliveira;11980000207;São Caetano do Sul;SP;Camila Rodrigues;Manutenção de alongamento;Unhas;100.0;Cartão de débito;Concluído;Presencial
105309;2026-07-18;09:30;Simone Gomes;11980000205;Santo André;SP;Juliana Martins;Pedicure;Unhas;40.0;Cartão de crédito;Concluído;Presencial
105310;2026-07-18;10:00;Jéssica Lima;11980000427;Mauá;SP;Patrícia Alves;Manicure;Unhas;35.0;Cartão de débito;Concluído;Presencial
105311;2026-07-18;10:00;Mariana Oliveira;11980000002;São Bernardo do Campo;SP;Juliana Martins;Escova;Cabelos;70.0;Cartão de débito;Concluído;WhatsApp
105312;2026-07-18;11:00;Marcela Ferreira;11980000160;Santo André;SP;Camila Rodrigues;Pedicure;Unhas;40.0;PIX;Concluído;WhatsApp
105313;2026-07-18;11:00;Luciana Gomes;11980000304;São Caetano do Sul;SP;Renata Souza;Extensão de cílios;Cílios;180.0;PIX;Concluído;Instagram
105314;2026-07-18;11:00;Beatriz Silva;11980000439;Santo André;SP;Juliana Martins;Manutenção de alongamento;Unhas;95.0;Cartão de crédito;Concluído;Presencial
105315;2026-07-18;11:00;Raquel Rocha;11980000339;Mauá;SP;Larissa Santos;Design de sobrancelhas;Sobrancelhas;45.0;Dinheiro;Concluído;WhatsApp
105316;2026-07-18;11:30;Juliana Costa;11980000050;Santo André;SP;Bruna Oliveira;Pedicure;Unhas;38.0;Cartão de crédito;Concluído;Instagram
105317;2026-07-18;13:00;Natália Carvalho;11980000063;Diadema;SP;Larissa Santos;Pedicure;Unhas;40.0;Cartão de crédito;Concluído;Telefone
105318;2026-07-18;13:00;Daniela Silva;11980000267;São Bernardo do Campo;SP;Fernanda Costa;Esmaltação em gel;Unhas;80.0;Dinheiro;Concluído;WhatsApp
105319;2026-07-18;14:00;Tatiane Pereira;11980000070;São Paulo;SP;Bruna Oliveira;Manutenção de cílios;Cílios;90.0;PIX;Concluído;Telefone
105320;2026-07-18;14:00;Luciana Ramos;11980000029;Santo André;SP;Mariana Silva;Escova;Cabelos;70.0;Cartão de crédito;Concluído;Instagram
105321;2026-07-18;14:30;Renata Silva;11980000149;Santo André;SP;Juliana Martins;Design + Henna;Sobrancelhas;57.0;Cartão de débito;Concluído;Instagram
105322;2026-07-18;14:30;Natália Barbosa;11980000016;Diadema;SP;Camila Rodrigues;Manutenção de alongamento;Unhas;100.0;Dinheiro;Concluído;Presencial
105323;2026-07-18;15:00;Juliana Santos;11980000362;São Paulo;SP;Bruna Oliveira;Pedicure;Unhas;40.0;Cartão de débito;Concluído;Presencial
105324;2026-07-18;15:00;Camila Silva;11980000041;São Paulo;SP;Fernanda Costa;Esmaltação em gel;Unhas;0.0;Cartão de débito;Cancelado;Instagram
105325;2026-07-18;16:00;Priscila Barbosa;11980000219;Mauá;SP;Bruna Oliveira;Manicure;Unhas;35.0;Cartão de débito;Concluído;Telefone
105326;2026-07-18;16:00;Cristiane Ferreira;11980000376;São Paulo;SP;Mariana Silva;Coloração;Cabelos;160.0;Cartão de débito;Concluído;Presencial
105327;2026-07-18;16:00;Rafaela Lima;11980000441;Diadema;SP;Mariana Silva;Manicure;Unhas;35.0;PIX;Concluído;Instagram
105328;2026-07-18;16:30;Rafaela Rocha;11980000370;São Paulo;SP;Larissa Santos;Pedicure;Unhas;40.0;Cartão de crédito;Concluído;Instagram
105329;2026-07-18;16:30;Patrícia Lima;11980000367;São Bernardo do Campo;SP;Renata Souza;Manutenção de cílios;Cílios;90.0;Cartão de crédito;Concluído;WhatsApp
105330;2026-07-18;17:00;Priscila Barbosa;11980000162;São Paulo;SP;Renata Souza;Alongamento de unhas;Unhas;150.0;PIX;Concluído;Presencial
105331;2026-07-18;17:30;Cristiane Carvalho;11980000287;São Paulo;SP;Juliana Martins;Coloração;Cabelos;160.0;Cartão de crédito;Concluído;Telefone
105332;2026-07-20;10:00;Elaine Lima;11980000447;Mauá;SP;Bruna Oliveira;Manicure + Pedicure;Unhas;70.0;Dinheiro;Concluído;Instagram
105333;2026-07-20;11:30;Isabela Lima;11980000264;Diadema;SP;Larissa Santos;Pedicure;Unhas;38.0;Cartão de crédito;Concluído;Telefone
105334;2026-07-20;11:30;Camila Silva;11980000041;São Paulo;SP;Renata Souza;Manicure + Pedicure;Unhas;70.0;Cartão de crédito;Concluído;Instagram
105335;2026-07-20;13:00;Beatriz Oliveira;11980000393;Diadema;SP;Mariana Silva;Pedicure;Unhas;38.0;PIX;Concluído;Instagram
105336;2026-07-20;13:00;Gabriela Lima;11980000321;Mauá;SP;Mariana Silva;Manicure;Unhas;35.0;Dinheiro;Concluído;WhatsApp
105337;2026-07-20;13:30;Débora Ribeiro;11980000318;São Caetano do Sul;SP;Bruna Oliveira;Extensão de cílios;Cílios;180.0;Cartão de débito;Concluído;Presencial
105338;2026-07-20;13:30;Vanessa Rocha;11980000043;São Paulo;SP;Larissa Santos;Corte feminino;Cabelos;85.0;Cartão de débito;Concluído;Presencial
105339;2026-07-20;14:00;Tatiane Silva;11980000262;São Paulo;SP;Larissa Santos;Coloração;Cabelos;160.0;Cartão de débito;Concluído;WhatsApp
105340;2026-07-20;15:00;Bruna Ferreira;11980000148;Santo André;SP;Juliana Martins;Pedicure;Unhas;40.0;Cartão de crédito;Concluído;WhatsApp
105341;2026-07-20;15:00;Paula Barbosa;11980000331;Diadema;SP;Fernanda Costa;Manutenção de alongamento;Unhas;100.0;Cartão de débito;Concluído;WhatsApp
105342;2026-07-20;15:30;Patrícia Pereira;11980000347;Santo André;SP;Bruna Oliveira;Escova;Cabelos;63.0;Cartão de crédito;Concluído;Presencial
105343;2026-07-20;16:00;Larissa Santos;11980000175;Diadema;SP;Juliana Martins;Pedicure;Unhas;40.0;Dinheiro;Concluído;Presencial
105344;2026-07-20;16:30;Paula Silva;11980000366;Mauá;SP;Larissa Santos;Manicure + Pedicure;Unhas;70.0;Dinheiro;Concluído;Telefone
105345;2026-07-20;18:00;Cristiane Lima;11980000338;Mauá;SP;Mariana Silva;Manicure;Unhas;35.0;Cartão de débito;Concluído;Presencial
105346;2026-07-20;18:00;Patrícia Souza;11980000306;São Paulo;SP;Juliana Martins;Manicure + Pedicure;Unhas;70.0;Cartão de crédito;Concluído;Presencial
105347;2026-07-21;09:30;Luciana Ferreira;11980000235;São Caetano do Sul;SP;Fernanda Costa;Alongamento de unhas;Unhas;0.0;Cartão de crédito;Cancelado;Instagram
105348;2026-07-21;10:30;Débora Santos;11980000104;São Bernardo do Campo;SP;Larissa Santos;Corte feminino;Cabelos;80.75;PIX;Concluído;Instagram
105349;2026-07-21;11:00;Luciana Lima;11980000249;São Paulo;SP;Renata Souza;Extensão de cílios;Cílios;180.0;PIX;Concluído;WhatsApp
105350;2026-07-21;11:30;Elaine Ferreira;11980000216;São Paulo;SP;Bruna Oliveira;Manicure + Pedicure;Unhas;0.0;PIX;Cancelado;Presencial
105351;2026-07-21;13:00;Elaine Silva;11980000327;São Caetano do Sul;SP;Mariana Silva;Manicure;Unhas;0.0;Dinheiro;Cancelado;Presencial
105352;2026-07-21;13:30;Flávia Martins;11980000344;São Paulo;SP;Fernanda Costa;Manicure;Unhas;35.0;Cartão de crédito;Concluído;WhatsApp
105353;2026-07-21;13:30;Monique Mendes;11980000419;Santo André;SP;Larissa Santos;Design de sobrancelhas;Sobrancelhas;45.0;Cartão de crédito;Concluído;Presencial
105354;2026-07-21;14:30;Bianca Costa;11980000226;Mauá;SP;Larissa Santos;Manutenção de alongamento;Unhas;95.0;PIX;Concluído;Telefone
105355;2026-07-21;16:30;Camila Oliveira;11980000224;Mauá;SP;Bruna Oliveira;Alongamento de unhas;Unhas;142.5;PIX;Concluído;Telefone
105356;2026-07-21;17:00;Isabela Rocha;11980000014;Santo André;SP;Bruna Oliveira;Manicure + Pedicure;Unhas;70.0;Cartão de crédito;Concluído;Presencial
105357;2026-07-21;17:00;Beatriz Ribeiro;11980000244;Diadema;SP;Larissa Santos;Extensão de cílios;Cílios;180.0;Cartão de débito;Concluído;Presencial
105358;2026-07-21;17:30;Débora Ribeiro;11980000318;São Caetano do Sul;SP;Mariana Silva;Manutenção de alongamento;Unhas;95.0;Cartão de débito;Concluído;WhatsApp
105359;2026-07-22;09:30;Aline Moreira;11980000017;São Caetano do Sul;SP;Mariana Silva;Design de sobrancelhas;Sobrancelhas;42.75;PIX;Concluído;Telefone
105360;2026-07-22;10:30;Juliana Costa;11980000144;São Bernardo do Campo;SP;Renata Souza;Spa dos pés;Estética;61.75;Cartão de crédito;Concluído;Instagram
105361;2026-07-22;11:30;Débora Costa;11980000134;São Paulo;SP;Juliana Martins;Manicure;Unhas;31.5;Dinheiro;Concluído;Telefone
105362;2026-07-22;11:30;Natália Barbosa;11980000016;Diadema;SP;Fernanda Costa;Escova;Cabelos;70.0;Dinheiro;Concluído;Telefone
105363;2026-07-22;13:00;Débora Ribeiro;11980000371;Santo André;SP;Renata Souza;Pedicure;Unhas;40.0;Cartão de crédito;Concluído;Telefone
105364;2026-07-22;13:00;Tatiane Ferreira;11980000078;São Paulo;SP;Juliana Martins;Coloração;Cabelos;160.0;Cartão de débito;Concluído;WhatsApp
105365;2026-07-22;13:30;Simone Gomes;11980000351;São Paulo;SP;Bruna Oliveira;Pedicure;Unhas;40.0;PIX;Concluído;Telefone
105366;2026-07-22;13:30;Carla Lima;11980000433;Mauá;SP;Juliana Martins;Spa dos pés;Estética;61.75;Cartão de crédito;Concluído;Telefone
105367;2026-07-22;13:30;Viviane Lima;11980000198;Mauá;SP;Mariana Silva;Manicure;Unhas;0.0;Cartão de débito;Não Compareceu;Instagram
105368;2026-07-22;15:30;Simone Gomes;11980000351;São Paulo;SP;Fernanda Costa;Design de sobrancelhas;Sobrancelhas;45.0;PIX;Concluído;WhatsApp
105369;2026-07-22;16:00;Ana Santos;11980000054;São Bernardo do Campo;SP;Larissa Santos;Manicure;Unhas;33.25;Cartão de crédito;Concluído;Presencial
105370;2026-07-22;16:00;Marcela Ferreira;11980000106;Santo André;SP;Bruna Oliveira;Esmaltação em gel;Unhas;80.0;Dinheiro;Concluído;Presencial
105371;2026-07-22;17:30;Jéssica Gomes;11980000084;São Paulo;SP;Juliana Martins;Manutenção de cílios;Cílios;90.0;Cartão de débito;Concluído;Instagram
105372;2026-07-22;17:30;Beatriz Ribeiro;11980000051;São Bernardo do Campo;SP;Camila Rodrigues;Escova;Cabelos;70.0;Cartão de débito;Concluído;Instagram
105373;2026-07-22;17:30;Sabrina Ferreira;11980000042;São Bernardo do Campo;SP;Mariana Silva;Hidratação;Cabelos;95.0;PIX;Concluído;Presencial
105374;2026-07-22;18:00;Gabriela Lima;11980000321;Mauá;SP;Larissa Santos;Manicure;Unhas;33.25;Dinheiro;Concluído;Presencial
105375;2026-07-22;18:00;Beatriz Silva;11980000439;Santo André;SP;Bruna Oliveira;Esmaltação em gel;Unhas;80.0;PIX;Concluído;Instagram
105376;2026-07-23;11:00;Viviane Rocha;11980000259;São Caetano do Sul;SP;Juliana Martins;Pedicure;Unhas;40.0;Dinheiro;Concluído;Telefone
105377;2026-07-23;11:00;Larissa Ribeiro;11980000247;Santo André;SP;Juliana Martins;Manicure;Unhas;35.0;Dinheiro;Concluído;Presencial
105378;2026-07-23;11:00;Raquel Silva;11980000167;Santo André;SP;Renata Souza;Manicure;Unhas;35.0;Dinheiro;Concluído;WhatsApp
105379;2026-07-23;13:00;Bruna Carvalho;11980000357;Mauá;SP;Fernanda Costa;Design de sobrancelhas;Sobrancelhas;45.0;PIX;Concluído;Instagram
105380;2026-07-23;13:00;Cristiane Martins;11980000252;Santo André;SP;Larissa Santos;Manutenção de alongamento;Unhas;0.0;Cartão de crédito;Não Compareceu;WhatsApp
105381;2026-07-23;14:00;Simone Silva;11980000201;Diadema;SP;Patrícia Alves;Manutenção de alongamento;Unhas;90.0;PIX;Concluído;Telefone
105382;2026-07-23;14:30;Gabriela Gomes;11980000257;São Caetano do Sul;SP;Camila Rodrigues;Alongamento de unhas;Unhas;142.5;Cartão de débito;Concluído;Telefone
105383;2026-07-23;15:00;Letícia Ribeiro;11980000375;São Bernardo do Campo;SP;Camila Rodrigues;Design de sobrancelhas;Sobrancelhas;45.0;Dinheiro;Concluído;Telefone
105384;2026-07-23;16:00;Cristiane Martins;11980000039;São Bernardo do Campo;SP;Patrícia Alves;Pedicure;Unhas;40.0;Cartão de crédito;Concluído;Telefone
105385;2026-07-23;16:00;Jéssica Souza;11980000086;Mauá;SP;Bruna Oliveira;Design de sobrancelhas;Sobrancelhas;45.0;PIX;Concluído;Instagram
105386;2026-07-23;16:00;Bruna Gomes;11980000336;Mauá;SP;Renata Souza;Design de sobrancelhas;Sobrancelhas;45.0;Cartão de crédito;Concluído;Instagram
105387;2026-07-23;16:30;Viviane Carvalho;11980000354;São Caetano do Sul;SP;Bruna Oliveira;Manutenção de cílios;Cílios;90.0;Cartão de crédito;Concluído;Telefone
105388;2026-07-23;16:30;Juliana Silva;11980000395;Mauá;SP;Patrícia Alves;Design + Henna;Sobrancelhas;60.0;Cartão de crédito;Concluído;Telefone
105389;2026-07-23;16:30;Cristiane Santos;11980000378;Mauá;SP;Juliana Martins;Design + Henna;Sobrancelhas;60.0;Cartão de débito;Concluído;Presencial
105390;2026-07-23;17:00;Bruna Carvalho;11980000357;Mauá;SP;Larissa Santos;Manutenção de alongamento;Unhas;100.0;PIX;Concluído;Instagram
105391;2026-07-23;17:30;Rafaela Souza;11980000438;São Caetano do Sul;SP;Juliana Martins;Esmaltação em gel;Unhas;80.0;Dinheiro;Concluído;WhatsApp
105392;2026-07-23;17:30;Mariana Barbosa;11980000241;Santo André;SP;Mariana Silva;Manicure + Pedicure;Unhas;70.0;Cartão de débito;Concluído;Presencial
105393;2026-07-24;09:30;Luciana Costa;11980000255;São Caetano do Sul;SP;Mariana Silva;Hidratação;Cabelos;85.5;PIX;Concluído;Telefone
105394;2026-07-24;10:30;Beatriz Silva;11980000439;Santo André;SP;Camila Rodrigues;Hidratação;Cabelos;90.25;Cartão de crédito;Concluído;Presencial
105395;2026-07-24;10:30;Sabrina Souza;11980000286;Diadema;SP;Bruna Oliveira;Spa dos pés;Estética;65.0;Dinheiro;Concluído;Instagram
105396;2026-07-24;11:00;Juliana Santos;11980000234;São Caetano do Sul;SP;Patrícia Alves;Manicure;Unhas;33.25;Cartão de débito;Concluído;Presencial
105397;2026-07-24;11:00;Rafaela Gomes;11980000006;São Paulo;SP;Patrícia Alves;Esmaltação em gel;Unhas;80.0;Cartão de débito;Concluído;Presencial
105398;2026-07-24;11:00;Isabela Silva;11980000238;São Caetano do Sul;SP;Patrícia Alves;Spa dos pés;Estética;65.0;Dinheiro;Concluído;WhatsApp
105399;2026-07-24;11:00;Daniela Rocha;11980000387;Santo André;SP;Bruna Oliveira;Manicure;Unhas;35.0;PIX;Concluído;Telefone
105400;2026-07-24;13:30;Rafaela Rocha;11980000370;São Paulo;SP;Larissa Santos;Alongamento de unhas;Unhas;150.0;Cartão de débito;Concluído;Presencial
105401;2026-07-24;13:30;Renata Souza;11980000128;Mauá;SP;Mariana Silva;Manicure;Unhas;35.0;Dinheiro;Concluído;Telefone
105402;2026-07-24;14:00;Luciana Ramos;11980000029;Santo André;SP;Renata Souza;Pedicure;Unhas;0.0;Dinheiro;Não Compareceu;Presencial
105403;2026-07-24;14:30;Sabrina Oliveira;11980000034;São Bernardo do Campo;SP;Fernanda Costa;Design de sobrancelhas;Sobrancelhas;45.0;Dinheiro;Concluído;Telefone
105404;2026-07-24;14:30;Natália Barbosa;11980000016;Diadema;SP;Renata Souza;Corte feminino;Cabelos;85.0;Cartão de débito;Concluído;Presencial
105405;2026-07-24;15:00;Elaine Martins;11980000374;São Paulo;SP;Juliana Martins;Manutenção de cílios;Cílios;0.0;Cartão de crédito;Cancelado;WhatsApp
105406;2026-07-24;15:30;Raquel Gomes;11980000432;Santo André;SP;Renata Souza;Esmaltação em gel;Unhas;80.0;PIX;Concluído;Presencial
105407;2026-07-24;16:00;Daniela Lima;11980000431;Diadema;SP;Fernanda Costa;Design de sobrancelhas;Sobrancelhas;45.0;PIX;Concluído;Presencial
105408;2026-07-24;16:00;Elaine Ferreira;11980000242;São Caetano do Sul;SP;Patrícia Alves;Pedicure;Unhas;40.0;Cartão de débito;Concluído;Instagram
105409;2026-07-24;16:30;Simone Almeida;11980000184;Santo André;SP;Larissa Santos;Pedicure;Unhas;40.0;Cartão de crédito;Concluído;Telefone
105410;2026-07-24;16:30;Elaine Souza;11980000111;Santo André;SP;Larissa Santos;Manicure + Pedicure;Unhas;70.0;Cartão de débito;Concluído;WhatsApp
105411;2026-07-24;16:30;Juliana Martins;11980000333;Diadema;SP;Camila Rodrigues;Manicure;Unhas;35.0;PIX;Concluído;WhatsApp
105412;2026-07-24;17:00;Luciana Ramos;11980000029;Santo André;SP;Larissa Santos;Alongamento de unhas;Unhas;150.0;Dinheiro;Concluído;Presencial
105413;2026-07-24;17:30;Raquel Gomes;11980000432;Santo André;SP;Bruna Oliveira;Escova;Cabelos;70.0;Dinheiro;Concluído;Instagram
105414;2026-07-24;17:30;Monique Ribeiro;11980000227;Santo André;SP;Renata Souza;Extensão de cílios;Cílios;162.0;PIX;Concluído;WhatsApp
105415;2026-07-24;18:00;Paula Mendes;11980000414;Diadema;SP;Bruna Oliveira;Design + Henna;Sobrancelhas;60.0;PIX;Concluído;Telefone
105416;2026-07-24;18:00;Beatriz Silva;11980000069;São Caetano do Sul;SP;Juliana Martins;Design de sobrancelhas;Sobrancelhas;42.75;Cartão de débito;Concluído;Presencial
105417;2026-07-24;18:00;Paula Rocha;11980000097;São Bernardo do Campo;SP;Bruna Oliveira;Manicure + Pedicure;Unhas;70.0;PIX;Concluído;Presencial
105418;2026-07-24;18:00;Marcela Rocha;11980000126;São Caetano do Sul;SP;Renata Souza;Manutenção de cílios;Cílios;90.0;Dinheiro;Concluído;Instagram
105419;2026-07-24;18:00;Paula Souza;11980000283;São Paulo;SP;Bruna Oliveira;Esmaltação em gel;Unhas;72.0;PIX;Concluído;Instagram
105420;2026-07-25;09:00;Sabrina Ferreira;11980000281;Santo André;SP;Fernanda Costa;Manicure + Pedicure;Unhas;70.0;Cartão de crédito;Concluído;Presencial
105421;2026-07-25;09:00;Camila Costa;11980000190;São Paulo;SP;Patrícia Alves;Pedicure;Unhas;40.0;Dinheiro;Concluído;Instagram
105422;2026-07-25;09:30;Juliana Costa;11980000004;Santo André;SP;Patrícia Alves;Design de sobrancelhas;Sobrancelhas;45.0;PIX;Concluído;WhatsApp
105423;2026-07-25;09:30;Paula Souza;11980000283;São Paulo;SP;Bruna Oliveira;Alongamento de unhas;Unhas;142.5;Cartão de débito;Concluído;WhatsApp
105424;2026-07-25;10:00;Mariana Rocha;11980000107;Diadema;SP;Camila Rodrigues;Pedicure;Unhas;40.0;Cartão de débito;Concluído;WhatsApp
105425;2026-07-25;10:30;Raquel Ferreira;11980000421;São Bernardo do Campo;SP;Renata Souza;Alongamento de unhas;Unhas;150.0;PIX;Concluído;Presencial
105426;2026-07-25;11:00;Monique Mendes;11980000361;São Paulo;SP;Renata Souza;Manicure + Pedicure;Unhas;70.0;Dinheiro;Concluído;WhatsApp
105427;2026-07-25;11:00;Simone Martins;11980000067;Mauá;SP;Bruna Oliveira;Design + Henna;Sobrancelhas;60.0;Dinheiro;Concluído;WhatsApp
105428;2026-07-25;11:30;Fernanda Pereira;11980000292;Santo André;SP;Renata Souza;Hidratação;Cabelos;95.0;Cartão de débito;Concluído;Telefone
105429;2026-07-25;11:30;Camila Oliveira;11980000224;Mauá;SP;Mariana Silva;Pedicure;Unhas;40.0;Cartão de débito;Concluído;Telefone
105430;2026-07-25;11:30;Sabrina Ferreira;11980000181;Mauá;SP;Fernanda Costa;Manutenção de alongamento;Unhas;100.0;PIX;Concluído;Telefone
105431;2026-07-25;13:00;Paula Silva;11980000169;Diadema;SP;Larissa Santos;Esmaltação em gel;Unhas;80.0;Dinheiro;Concluído;Instagram
105432;2026-07-25;13:00;Paula Martins;11980000165;Mauá;SP;Bruna Oliveira;Hidratação;Cabelos;95.0;PIX;Concluído;Presencial
105433;2026-07-25;13:30;Vanessa Silva;11980000401;Diadema;SP;Renata Souza;Coloração;Cabelos;160.0;Cartão de crédito;Concluído;Telefone
105434;2026-07-25;13:30;Bruna Carvalho;11980000013;São Paulo;SP;Bruna Oliveira;Design de sobrancelhas;Sobrancelhas;45.0;Cartão de crédito;Concluído;Telefone
105435;2026-07-25;14:00;Cristiane Santos;11980000378;Mauá;SP;Patrícia Alves;Esmaltação em gel;Unhas;80.0;Cartão de débito;Concluído;Presencial
105436;2026-07-25;14:30;Jéssica Almeida;11980000299;São Paulo;SP;Juliana Martins;Corte feminino;Cabelos;85.0;Cartão de crédito;Concluído;WhatsApp
105437;2026-07-25;15:30;Aline Moreira;11980000017;São Caetano do Sul;SP;Camila Rodrigues;Extensão de cílios;Cílios;0.0;Cartão de crédito;Cancelado;WhatsApp
105438;2026-07-25;15:30;Gabriela Lima;11980000321;Mauá;SP;Bruna Oliveira;Hidratação;Cabelos;95.0;PIX;Concluído;Instagram
105439;2026-07-25;15:30;Juliana Costa;11980000144;São Bernardo do Campo;SP;Juliana Martins;Pedicure;Unhas;40.0;Dinheiro;Concluído;Instagram
105440;2026-07-25;15:30;Daniela Rocha;11980000172;São Paulo;SP;Camila Rodrigues;Alongamento de unhas;Unhas;142.5;Dinheiro;Concluído;Telefone
105441;2026-07-25;15:30;Jéssica Martins;11980000028;Mauá;SP;Fernanda Costa;Extensão de cílios;Cílios;180.0;Dinheiro;Concluído;WhatsApp
105442;2026-07-25;16:00;Letícia Fernandes;11980000015;São Caetano do Sul;SP;Camila Rodrigues;Escova;Cabelos;0.0;Cartão de débito;Não Compareceu;Telefone
105443;2026-07-25;16:30;Larissa Ribeiro;11980000247;Santo André;SP;Camila Rodrigues;Manicure + Pedicure;Unhas;70.0;PIX;Concluído;Presencial
105444;2026-07-25;17:00;Luciana Gomes;11980000304;São Caetano do Sul;SP;Juliana Martins;Manicure;Unhas;35.0;Cartão de débito;Concluído;Telefone
105445;2026-07-25;17:30;Paula Barbosa;11980000130;Santo André;SP;Larissa Santos;Manicure + Pedicure;Unhas;70.0;Dinheiro;Concluído;Instagram
105446;2026-07-25;18:00;Viviane Martins;11980000068;São Paulo;SP;Larissa Santos;Hidratação;Cabelos;95.0;Dinheiro;Concluído;Instagram
105447;2026-07-25;18:00;Letícia Fernandes;11980000015;São Caetano do Sul;SP;Mariana Silva;Design de sobrancelhas;Sobrancelhas;45.0;Cartão de débito;Concluído;Presencial
105448;2026-07-25;18:00;Priscila Barbosa;11980000150;Santo André;SP;Camila Rodrigues;Extensão de cílios;Cílios;180.0;PIX;Concluído;Instagram
105449;2026-07-27;09:30;Mariana Oliveira;11980000207;São Caetano do Sul;SP;Renata Souza;Extensão de cílios;Cílios;180.0;Cartão de crédito;Concluído;Telefone
105450;2026-07-27;10:00;Fernanda Ferreira;11980000152;São Paulo;SP;Fernanda Costa;Manutenção de alongamento;Unhas;100.0;Cartão de débito;Concluído;Presencial
105451;2026-07-27;11:30;Cristiane Martins;11980000039;São Bernardo do Campo;SP;Bruna Oliveira;Design de sobrancelhas;Sobrancelhas;45.0;Cartão de débito;Concluído;Telefone
105452;2026-07-27;13:00;Vanessa Rocha;11980000043;São Paulo;SP;Renata Souza;Manicure;Unhas;35.0;PIX;Concluído;Presencial
105453;2026-07-27;13:30;Juliana Costa;11980000317;Mauá;SP;Camila Rodrigues;Pedicure;Unhas;40.0;Cartão de crédito;Concluído;WhatsApp
105454;2026-07-27;13:30;Renata Souza;11980000229;São Bernardo do Campo;SP;Patrícia Alves;Manutenção de cílios;Cílios;90.0;PIX;Concluído;Presencial
105455;2026-07-27;14:30;Fernanda Lima;11980000003;São Paulo;SP;Patrícia Alves;Esmaltação em gel;Unhas;80.0;Cartão de débito;Concluído;Instagram
105456;2026-07-27;15:00;Raquel Rocha;11980000339;Mauá;SP;Renata Souza;Manicure;Unhas;35.0;Dinheiro;Concluído;Presencial
105457;2026-07-27;15:00;Gabriela Silva;11980000443;São Caetano do Sul;SP;Camila Rodrigues;Corte feminino;Cabelos;85.0;Cartão de débito;Concluído;WhatsApp
105458;2026-07-27;16:00;Isabela Mendes;11980000428;São Caetano do Sul;SP;Bruna Oliveira;Pedicure;Unhas;40.0;Cartão de débito;Concluído;Telefone
105459;2026-07-27;16:00;Flávia Santos;11980000315;São Bernardo do Campo;SP;Juliana Martins;Esmaltação em gel;Unhas;76.0;Dinheiro;Concluído;Instagram
105460;2026-07-27;16:30;Monique Ribeiro;11980000048;Diadema;SP;Camila Rodrigues;Manicure;Unhas;33.25;Dinheiro;Concluído;Presencial
105461;2026-07-27;17:00;Elaine Oliveira;11980000158;Diadema;SP;Larissa Santos;Manicure + Pedicure;Unhas;70.0;Dinheiro;Concluído;Presencial
105462;2026-07-27;17:00;Cristiane Carvalho;11980000287;São Paulo;SP;Camila Rodrigues;Coloração;Cabelos;160.0;Cartão de débito;Concluído;WhatsApp
105463;2026-07-27;17:30;Amanda Ferreira;11980000398;Mauá;SP;Bruna Oliveira;Pedicure;Unhas;40.0;Cartão de débito;Concluído;Telefone
105464;2026-07-27;18:00;Monique Lima;11980000410;São Bernardo do Campo;SP;Fernanda Costa;Hidratação;Cabelos;95.0;PIX;Concluído;WhatsApp
105465;2026-07-28;09:00;Carla Lima;11980000122;Santo André;SP;Fernanda Costa;Esmaltação em gel;Unhas;76.0;Dinheiro;Concluído;WhatsApp
105466;2026-07-28;10:30;Viviane Mendes;11980000057;São Bernardo do Campo;SP;Mariana Silva;Manutenção de alongamento;Unhas;95.0;Cartão de débito;Concluído;WhatsApp
105467;2026-07-28;11:00;Daniela Ribeiro;11980000171;Diadema;SP;Mariana Silva;Manicure;Unhas;33.25;Cartão de débito;Concluído;Presencial
105468;2026-07-28;15:00;Sabrina Barbosa;11980000380;Santo André;SP;Fernanda Costa;Pedicure;Unhas;40.0;PIX;Concluído;Telefone
105469;2026-07-28;15:30;Letícia Carvalho;11980000109;Diadema;SP;Renata Souza;Esmaltação em gel;Unhas;80.0;PIX;Concluído;Telefone
105470;2026-07-28;16:30;Gabriela Barbosa;11980000243;São Paulo;SP;Renata Souza;Pedicure;Unhas;40.0;Cartão de débito;Concluído;WhatsApp
105471;2026-07-28;17:00;Cristiane Costa;11980000197;São Paulo;SP;Camila Rodrigues;Coloração;Cabelos;160.0;Dinheiro;Concluído;WhatsApp
105472;2026-07-28;17:30;Débora Santos;11980000104;São Bernardo do Campo;SP;Fernanda Costa;Manicure;Unhas;35.0;PIX;Concluído;Presencial
105473;2026-07-28;17:30;Priscila Ribeiro;11980000178;São Paulo;SP;Bruna Oliveira;Manicure + Pedicure;Unhas;70.0;PIX;Concluído;Instagram
105474;2026-07-29;09:00;Tatiane Mendes;11980000340;Mauá;SP;Camila Rodrigues;Alongamento de unhas;Unhas;150.0;PIX;Concluído;WhatsApp
105475;2026-07-29;11:00;Elaine Silva;11980000327;São Caetano do Sul;SP;Bruna Oliveira;Pedicure;Unhas;40.0;Dinheiro;Concluído;Instagram
105476;2026-07-29;11:30;Natália Ribeiro;11980000358;Santo André;SP;Mariana Silva;Corte feminino;Cabelos;85.0;PIX;Concluído;Instagram
105477;2026-07-29;11:30;Gabriela Pereira;11980000272;Mauá;SP;Patrícia Alves;Hidratação;Cabelos;0.0;PIX;Não Compareceu;WhatsApp
105478;2026-07-29;11:30;Daniela Ferreira;11980000108;Mauá;SP;Mariana Silva;Escova;Cabelos;70.0;Cartão de débito;Concluído;Instagram
105479;2026-07-29;13:00;Jéssica Souza;11980000086;Mauá;SP;Renata Souza;Esmaltação em gel;Unhas;80.0;Dinheiro;Concluído;Instagram
105480;2026-07-29;15:00;Vanessa Gomes;11980000075;Santo André;SP;Bruna Oliveira;Hidratação;Cabelos;95.0;Cartão de débito;Concluído;Telefone
105481;2026-07-29;16:00;Juliana Santos;11980000234;São Caetano do Sul;SP;Camila Rodrigues;Escova;Cabelos;70.0;Cartão de débito;Concluído;WhatsApp
105482;2026-07-29;16:30;Patrícia Pereira;11980000312;São Bernardo do Campo;SP;Juliana Martins;Extensão de cílios;Cílios;180.0;Cartão de débito;Concluído;Instagram
105483;2026-07-29;16:30;Sabrina Lima;11980000100;Diadema;SP;Mariana Silva;Escova;Cabelos;70.0;Dinheiro;Concluído;Presencial
105484;2026-07-29;16:30;Vanessa Silva;11980000401;Diadema;SP;Larissa Santos;Pedicure;Unhas;40.0;Cartão de débito;Concluído;Instagram
105485;2026-07-29;17:00;Natália Pereira;11980000422;Mauá;SP;Camila Rodrigues;Extensão de cílios;Cílios;171.0;Cartão de débito;Concluído;Telefone
105486;2026-07-29;17:30;Tatiane Silva;11980000262;São Paulo;SP;Juliana Martins;Escova;Cabelos;70.0;PIX;Concluído;Presencial
105487;2026-07-29;18:00;Patrícia Martins;11980000274;Santo André;SP;Fernanda Costa;Pedicure;Unhas;40.0;PIX;Concluído;Telefone
105488;2026-07-30;10:00;Rafaela Souza;11980000280;São Caetano do Sul;SP;Camila Rodrigues;Design + Henna;Sobrancelhas;60.0;Cartão de crédito;Concluído;Instagram
105489;2026-07-30;11:00;Isabela Ribeiro;11980000377;São Paulo;SP;Camila Rodrigues;Manicure;Unhas;35.0;Cartão de crédito;Concluído;Presencial
105490;2026-07-30;11:30;Raquel Silva;11980000275;Diadema;SP;Fernanda Costa;Pedicure;Unhas;40.0;Dinheiro;Concluído;Telefone
105491;2026-07-30;11:30;Beatriz Ribeiro;11980000051;São Bernardo do Campo;SP;Fernanda Costa;Spa dos pés;Estética;65.0;Cartão de crédito;Concluído;Presencial
105492;2026-07-30;11:30;Letícia Costa;11980000164;Diadema;SP;Fernanda Costa;Manicure + Pedicure;Unhas;70.0;PIX;Concluído;Telefone
105493;2026-07-30;13:00;Juliana Costa;11980000317;Mauá;SP;Bruna Oliveira;Hidratação;Cabelos;95.0;Cartão de crédito;Concluído;Telefone
105494;2026-07-30;13:00;Carla Gomes;11980000445;São Caetano do Sul;SP;Fernanda Costa;Pedicure;Unhas;0.0;Cartão de crédito;Cancelado;Telefone
105495;2026-07-30;13:00;Débora Barbosa;11980000092;Diadema;SP;Juliana Martins;Extensão de cílios;Cílios;180.0;Cartão de débito;Concluído;WhatsApp
105496;2026-07-30;13:30;Rafaela Lima;11980000441;Diadema;SP;Bruna Oliveira;Design de sobrancelhas;Sobrancelhas;45.0;Cartão de crédito;Concluído;Telefone
105497;2026-07-30;14:00;Aline Barbosa;11980000183;São Caetano do Sul;SP;Renata Souza;Design + Henna;Sobrancelhas;60.0;Cartão de débito;Concluído;Instagram
105498;2026-07-30;14:00;Rafaela Barbosa;11980000381;Santo André;SP;Patrícia Alves;Manicure;Unhas;35.0;Dinheiro;Concluído;WhatsApp
105499;2026-07-30;14:00;Carla Gomes;11980000445;São Caetano do Sul;SP;Larissa Santos;Manicure + Pedicure;Unhas;70.0;Dinheiro;Concluído;Telefone
105500;2026-07-30;15:00;Renata Rocha;11980000423;Santo André;SP;Mariana Silva;Manicure + Pedicure;Unhas;70.0;Dinheiro;Concluído;Instagram
105501;2026-07-30;16:00;Simone Silva;11980000137;São Caetano do Sul;SP;Mariana Silva;Manicure;Unhas;35.0;Dinheiro;Concluído;WhatsApp
105502;2026-07-30;16:30;Priscila Ribeiro;11980000436;São Paulo;SP;Camila Rodrigues;Corte feminino;Cabelos;0.0;Cartão de crédito;Cancelado;Telefone
105503;2026-07-30;16:30;Raquel Silva;11980000275;Diadema;SP;Renata Souza;Manutenção de alongamento;Unhas;100.0;Dinheiro;Concluído;WhatsApp
105504;2026-07-30;17:30;Mariana Barbosa;11980000241;Santo André;SP;Juliana Martins;Coloração;Cabelos;152.0;Dinheiro;Concluído;WhatsApp
105505;2026-07-30;18:00;Priscila Barbosa;11980000162;São Paulo;SP;Juliana Martins;Pedicure;Unhas;36.0;Cartão de débito;Concluído;Instagram
105506;2026-07-31;09:00;Cristiane Dias;11980000024;Mauá;SP;Bruna Oliveira;Manicure;Unhas;35.0;PIX;Concluído;Telefone
105507;2026-07-31;09:30;Bianca Ferreira;11980000225;São Paulo;SP;Larissa Santos;Manicure;Unhas;0.0;PIX;Cancelado;Instagram
105508;2026-07-31;09:30;Fernanda Ribeiro;11980000237;Diadema;SP;Mariana Silva;Design de sobrancelhas;Sobrancelhas;45.0;Cartão de débito;Concluído;Presencial
105509;2026-07-31;10:00;Sabrina Souza;11980000286;Diadema;SP;Mariana Silva;Manicure;Unhas;35.0;Cartão de débito;Concluído;Telefone
105510;2026-07-31;10:00;Juliana Souza;11980000417;Diadema;SP;Fernanda Costa;Pedicure;Unhas;40.0;PIX;Concluído;Presencial
105511;2026-07-31;10:30;Bianca Ribeiro;11980000288;São Paulo;SP;Larissa Santos;Manicure + Pedicure;Unhas;70.0;PIX;Concluído;WhatsApp
105512;2026-07-31;10:30;Fernanda Pereira;11980000292;Santo André;SP;Renata Souza;Design + Henna;Sobrancelhas;0.0;PIX;Não Compareceu;Telefone
105513;2026-07-31;11:00;Débora Costa;11980000088;São Paulo;SP;Bruna Oliveira;Manicure + Pedicure;Unhas;70.0;Cartão de débito;Concluído;Instagram
105514;2026-07-31;11:30;Luciana Barbosa;11980000271;São Caetano do Sul;SP;Mariana Silva;Manutenção de cílios;Cílios;90.0;Dinheiro;Concluído;Instagram
105515;2026-07-31;13:30;Renata Ribeiro;11980000228;Diadema;SP;Juliana Martins;Design de sobrancelhas;Sobrancelhas;45.0;PIX;Concluído;Telefone
105516;2026-07-31;14:00;Daniela Ribeiro;11980000182;Diadema;SP;Juliana Martins;Manicure + Pedicure;Unhas;70.0;Cartão de crédito;Concluído;Presencial
105517;2026-07-31;14:30;Daniela Freitas;11980000025;Diadema;SP;Juliana Martins;Manicure + Pedicure;Unhas;70.0;Cartão de débito;Concluído;WhatsApp
105518;2026-07-31;14:30;Tatiane Santos;11980000094;São Bernardo do Campo;SP;Renata Souza;Manicure + Pedicure;Unhas;70.0;Cartão de crédito;Concluído;Presencial
105519;2026-07-31;14:30;Cristiane Ferreira;11980000376;São Paulo;SP;Mariana Silva;Design + Henna;Sobrancelhas;60.0;PIX;Concluído;Telefone
105520;2026-07-31;15:00;Jéssica Almeida;11980000052;São Caetano do Sul;SP;Fernanda Costa;Design de sobrancelhas;Sobrancelhas;45.0;PIX;Concluído;Presencial
105521;2026-07-31;15:30;Elaine Silva;11980000261;Mauá;SP;Juliana Martins;Design de sobrancelhas;Sobrancelhas;45.0;Dinheiro;Concluído;Presencial
105522;2026-07-31;15:30;Priscila Castro;11980000019;Santo André;SP;Patrícia Alves;Manicure + Pedicure;Unhas;66.5;Dinheiro;Concluído;Telefone
105523;2026-07-31;16:00;Viviane Gomes;11980000313;Diadema;SP;Camila Rodrigues;Pedicure;Unhas;40.0;Cartão de crédito;Concluído;Telefone
105524;2026-07-31;16:00;Patrícia Lima;11980000367;São Bernardo do Campo;SP;Patrícia Alves;Spa dos pés;Estética;65.0;Dinheiro;Concluído;Instagram
105525;2026-07-31;16:00;Priscila Barbosa;11980000147;Santo André;SP;Mariana Silva;Pedicure;Unhas;40.0;Cartão de débito;Concluído;WhatsApp
105526;2026-07-31;16:00;Renata Alves;11980000018;São Paulo;SP;Patrícia Alves;Esmaltação em gel;Unhas;80.0;Dinheiro;Concluído;Telefone
105527;2026-07-31;17:00;Daniela Silva;11980000267;São Bernardo do Campo;SP;Bruna Oliveira;Corte feminino;Cabelos;85.0;Cartão de crédito;Concluído;Presencial
105528;2026-07-31;17:30;Marcela Souza;11980000174;São Paulo;SP;Patrícia Alves;Manutenção de alongamento;Unhas;100.0;Cartão de crédito;Concluído;WhatsApp
105529;2026-07-31;18:00;Patrícia Pereira;11980000312;São Bernardo do Campo;SP;Renata Souza;Spa dos pés;Estética;61.75;Cartão de débito;Concluído;Instagram
105530;2026-08-01;09:00;Patrícia Almeida;11980000118;São Caetano do Sul;SP;Renata Souza;Pedicure;Unhas;40.0;Cartão de crédito;Concluído;Presencial
105531;2026-08-01;10:00;Bruna Ferreira;11980000148;Santo André;SP;Juliana Martins;Manicure;Unhas;35.0;PIX;Concluído;Telefone
105532;2026-08-01;10:00;Monique Almeida;11980000093;São Paulo;SP;Mariana Silva;Pedicure;Unhas;40.0;PIX;Concluído;Telefone
105533;2026-08-01;11:30;Isabela Silva;11980000238;São Caetano do Sul;SP;Patrícia Alves;Manutenção de cílios;Cílios;81.0;Dinheiro;Concluído;Telefone
105534;2026-08-01;13:00;Raquel Ferreira;11980000421;São Bernardo do Campo;SP;Bruna Oliveira;Design + Henna;Sobrancelhas;60.0;Dinheiro;Concluído;WhatsApp
105535;2026-08-01;13:00;Viviane Ferreira;11980000073;Mauá;SP;Larissa Santos;Design de sobrancelhas;Sobrancelhas;45.0;PIX;Concluído;WhatsApp
105536;2026-08-01;13:00;Mariana Rocha;11980000107;Diadema;SP;Bruna Oliveira;Manicure + Pedicure;Unhas;70.0;Cartão de débito;Concluído;Instagram
105537;2026-08-01;13:00;Simone Gomes;11980000351;São Paulo;SP;Mariana Silva;Coloração;Cabelos;160.0;Dinheiro;Concluído;Presencial
105538;2026-08-01;13:30;Tatiane Pereira;11980000070;São Paulo;SP;Mariana Silva;Hidratação;Cabelos;95.0;Dinheiro;Concluído;Presencial
105539;2026-08-01;13:30;Daniela Ribeiro;11980000182;Diadema;SP;Larissa Santos;Manutenção de alongamento;Unhas;0.0;Cartão de crédito;Não Compareceu;Telefone
105540;2026-08-01;13:30;Flávia Cardoso;11980000027;Diadema;SP;Fernanda Costa;Hidratação;Cabelos;90.25;Dinheiro;Concluído;Presencial
105541;2026-08-01;14:30;Beatriz Ribeiro;11980000051;São Bernardo do Campo;SP;Juliana Martins;Pedicure;Unhas;40.0;Dinheiro;Concluído;Telefone
105542;2026-08-01;15:00;Isabela Lima;11980000264;Diadema;SP;Patrícia Alves;Pedicure;Unhas;40.0;Cartão de débito;Concluído;Telefone
105543;2026-08-01;15:00;Aline Pereira;11980000319;São Paulo;SP;Juliana Martins;Manicure;Unhas;35.0;Cartão de crédito;Concluído;WhatsApp
105544;2026-08-01;16:00;Daniela Silva;11980000346;São Paulo;SP;Mariana Silva;Manicure;Unhas;33.25;Dinheiro;Concluído;Instagram
105545;2026-08-01;16:30;Bruna Rocha;11980000081;São Caetano do Sul;SP;Patrícia Alves;Alongamento de unhas;Unhas;150.0;Cartão de débito;Concluído;Instagram
105546;2026-08-01;17:00;Renata Lima;11980000372;São Caetano do Sul;SP;Patrícia Alves;Escova;Cabelos;70.0;Cartão de crédito;Concluído;Presencial
105547;2026-08-01;17:00;Jéssica Costa;11980000236;São Caetano do Sul;SP;Renata Souza;Manicure;Unhas;35.0;PIX;Concluído;Instagram
105548;2026-08-01;17:30;Elaine Souza;11980000091;São Caetano do Sul;SP;Juliana Martins;Design + Henna;Sobrancelhas;60.0;Dinheiro;Concluído;Presencial
105549;2026-08-01;17:30;Bianca Rocha;11980000082;São Paulo;SP;Camila Rodrigues;Design de sobrancelhas;Sobrancelhas;45.0;PIX;Concluído;Presencial
105550;2026-08-02;10:00;Paula Almeida;11980000364;São Paulo;SP;Renata Souza;Manicure;Unhas;35.0;Cartão de crédito;Concluído;Presencial
105551;2026-08-02;16:00;Aline Gomes;11980000222;São Bernardo do Campo;SP;Larissa Santos;Design + Henna;Sobrancelhas;60.0;Cartão de crédito;Concluído;Presencial
105552;2026-08-03;09:00;Raquel Gomes;11980000432;Santo André;SP;Juliana Martins;Manicure;Unhas;35.0;Cartão de débito;Concluído;Instagram
105553;2026-08-03;10:00;Amanda Barbosa;11980000290;São Paulo;SP;Mariana Silva;Extensão de cílios;Cílios;180.0;PIX;Concluído;Presencial
105554;2026-08-03;10:30;Patrícia Pereira;11980000347;Santo André;SP;Fernanda Costa;Escova;Cabelos;70.0;Dinheiro;Concluído;Instagram
105555;2026-08-03;11:00;Natália Carvalho;11980000102;Mauá;SP;Camila Rodrigues;Corte feminino;Cabelos;85.0;Dinheiro;Concluído;Telefone
105556;2026-08-03;13:30;Bianca Silva;11980000391;São Caetano do Sul;SP;Larissa Santos;Corte feminino;Cabelos;85.0;Dinheiro;Concluído;Presencial
105557;2026-08-03;13:30;Juliana Costa;11980000359;Diadema;SP;Larissa Santos;Design de sobrancelhas;Sobrancelhas;45.0;PIX;Concluído;WhatsApp
105558;2026-08-03;14:00;Paula Silva;11980000169;Diadema;SP;Juliana Martins;Manicure + Pedicure;Unhas;70.0;Dinheiro;Concluído;Telefone
105559;2026-08-03;14:30;Simone Silva;11980000201;Diadema;SP;Camila Rodrigues;Design de sobrancelhas;Sobrancelhas;45.0;Dinheiro;Concluído;Presencial
105560;2026-08-03;14:30;Sabrina Lima;11980000062;São Caetano do Sul;SP;Bruna Oliveira;Manicure;Unhas;35.0;Cartão de débito;Concluído;Presencial
105561;2026-08-03;15:30;Rafaela Mendes;11980000114;Santo André;SP;Renata Souza;Design de sobrancelhas;Sobrancelhas;40.5;PIX;Concluído;Presencial
105562;2026-08-03;15:30;Patrícia Barbosa;11980000196;São Caetano do Sul;SP;Juliana Martins;Design + Henna;Sobrancelhas;60.0;Cartão de crédito;Concluído;Telefone
105563;2026-08-03;16:30;Viviane Carvalho;11980000354;São Caetano do Sul;SP;Patrícia Alves;Alongamento de unhas;Unhas;142.5;Cartão de crédito;Concluído;Presencial
105564;2026-08-03;16:30;Daniela Ribeiro;11980000182;Diadema;SP;Bruna Oliveira;Coloração;Cabelos;160.0;Cartão de crédito;Concluído;Telefone
105565;2026-08-03;17:00;Cristiane Santos;11980000378;Mauá;SP;Patrícia Alves;Escova;Cabelos;70.0;Dinheiro;Concluído;Presencial
105566;2026-08-03;17:30;Camila Silva;11980000041;São Paulo;SP;Patrícia Alves;Manicure;Unhas;33.25;Cartão de crédito;Concluído;Telefone
105567;2026-08-04;10:30;Débora Costa;11980000088;São Paulo;SP;Camila Rodrigues;Escova;Cabelos;66.5;Cartão de crédito;Concluído;WhatsApp
105568;2026-08-04;10:30;Natália Costa;11980000120;São Paulo;SP;Patrícia Alves;Pedicure;Unhas;36.0;PIX;Concluído;Telefone
105569;2026-08-04;10:30;Marcela Souza;11980000174;São Paulo;SP;Mariana Silva;Design + Henna;Sobrancelhas;57.0;PIX;Concluído;WhatsApp
105570;2026-08-04;11:00;Jéssica Gomes;11980000049;Diadema;SP;Fernanda Costa;Alongamento de unhas;Unhas;150.0;Cartão de débito;Concluído;Telefone
105571;2026-08-04;13:30;Rafaela Souza;11980000438;São Caetano do Sul;SP;Renata Souza;Escova;Cabelos;70.0;Dinheiro;Concluído;Telefone
105572;2026-08-04;13:30;Larissa Santos;11980000248;São Bernardo do Campo;SP;Fernanda Costa;Manicure;Unhas;35.0;Cartão de crédito;Concluído;Telefone
105573;2026-08-04;14:30;Simone Mendes;11980000293;São Caetano do Sul;SP;Mariana Silva;Manicure;Unhas;35.0;Cartão de crédito;Concluído;Instagram
105574;2026-08-04;15:00;Priscila Mendes;11980000308;São Bernardo do Campo;SP;Fernanda Costa;Manicure;Unhas;35.0;Cartão de crédito;Concluído;WhatsApp
105575;2026-08-04;16:00;Débora Martins;11980000408;Diadema;SP;Bruna Oliveira;Manicure;Unhas;35.0;Dinheiro;Concluído;Telefone
105576;2026-08-04;18:00;Luciana Ferreira;11980000325;Diadema;SP;Bruna Oliveira;Esmaltação em gel;Unhas;80.0;PIX;Concluído;WhatsApp
105577;2026-08-04;18:00;Paula Silva;11980000366;Mauá;SP;Bruna Oliveira;Alongamento de unhas;Unhas;150.0;Dinheiro;Concluído;Instagram
105578;2026-08-04;18:00;Juliana Souza;11980000426;São Paulo;SP;Camila Rodrigues;Esmaltação em gel;Unhas;72.0;PIX;Concluído;Presencial
105579;2026-08-04;18:00;Simone Mendes;11980000293;São Caetano do Sul;SP;Camila Rodrigues;Manicure;Unhas;35.0;Cartão de débito;Concluído;WhatsApp
105580;2026-08-05;09:00;Elaine Barbosa;11980000332;São Bernardo do Campo;SP;Fernanda Costa;Manutenção de alongamento;Unhas;0.0;PIX;Não Compareceu;Instagram
105581;2026-08-05;09:00;Débora Martins;11980000408;Diadema;SP;Patrícia Alves;Escova;Cabelos;0.0;Dinheiro;Cancelado;Instagram
105582;2026-08-05;09:30;Amanda Mendes;11980000127;São Bernardo do Campo;SP;Fernanda Costa;Manicure + Pedicure;Unhas;70.0;Cartão de débito;Concluído;WhatsApp
105583;2026-08-05;10:00;Fernanda Almeida;11980000154;Diadema;SP;Camila Rodrigues;Manutenção de cílios;Cílios;90.0;Dinheiro;Concluído;Instagram
105584;2026-08-05;13:00;Carla Martins;11980000265;Santo André;SP;Patrícia Alves;Coloração;Cabelos;160.0;PIX;Concluído;Instagram
105585;2026-08-05;14:30;Marcela Ferreira;11980000160;Santo André;SP;Juliana Martins;Escova;Cabelos;70.0;PIX;Concluído;Telefone
105586;2026-08-05;14:30;Patrícia Rocha;11980000159;Mauá;SP;Bruna Oliveira;Design de sobrancelhas;Sobrancelhas;45.0;Cartão de débito;Concluído;Instagram
105587;2026-08-05;16:00;Marcela Martins;11980000199;São Paulo;SP;Juliana Martins;Alongamento de unhas;Unhas;142.5;Cartão de débito;Concluído;Telefone
105588;2026-08-05;17:00;Natália Carvalho;11980000102;Mauá;SP;Camila Rodrigues;Pedicure;Unhas;40.0;Dinheiro;Concluído;WhatsApp
105589;2026-08-06;09:00;Simone Martins;11980000067;Mauá;SP;Juliana Martins;Extensão de cílios;Cílios;180.0;Cartão de crédito;Concluído;Instagram
105590;2026-08-06;09:30;Carla Mendes;11980000005;Mauá;SP;Camila Rodrigues;Manicure + Pedicure;Unhas;70.0;Dinheiro;Concluído;Telefone
105591;2026-08-06;11:30;Larissa Pereira;11980000105;Santo André;SP;Fernanda Costa;Coloração;Cabelos;160.0;Dinheiro;Concluído;Instagram
105592;2026-08-06;14:00;Letícia Lima;11980000209;São Bernardo do Campo;SP;Camila Rodrigues;Coloração;Cabelos;144.0;Cartão de débito;Concluído;Presencial
105593;2026-08-06;14:30;Natália Oliveira;11980000373;São Paulo;SP;Camila Rodrigues;Escova;Cabelos;70.0;Cartão de débito;Concluído;WhatsApp
105594;2026-08-06;15:00;Natália Ribeiro;11980000424;São Caetano do Sul;SP;Patrícia Alves;Escova;Cabelos;70.0;Cartão de débito;Concluído;Telefone
105595;2026-08-06;15:30;Beatriz Silva;11980000069;São Caetano do Sul;SP;Juliana Martins;Extensão de cílios;Cílios;171.0;Cartão de crédito;Concluído;Telefone
105596;2026-08-06;15:30;Natália Martins;11980000131;São Paulo;SP;Fernanda Costa;Manicure;Unhas;35.0;Cartão de débito;Concluído;Presencial
105597;2026-08-06;16:00;Elaine Barbosa;11980000394;São Bernardo do Campo;SP;Juliana Martins;Esmaltação em gel;Unhas;80.0;Cartão de crédito;Concluído;Telefone
105598;2026-08-06;16:00;Jéssica Almeida;11980000052;São Caetano do Sul;SP;Bruna Oliveira;Manicure + Pedicure;Unhas;70.0;PIX;Concluído;WhatsApp
105599;2026-08-06;16:30;Débora Costa;11980000088;São Paulo;SP;Juliana Martins;Escova;Cabelos;70.0;Dinheiro;Concluído;WhatsApp
105600;2026-08-06;17:30;Vanessa Rocha;11980000043;São Paulo;SP;Juliana Martins;Manicure;Unhas;35.0;PIX;Concluído;Instagram
105601;2026-08-06;17:30;Fernanda Ferreira;11980000392;Mauá;SP;Mariana Silva;Design de sobrancelhas;Sobrancelhas;45.0;Cartão de crédito;Concluído;Presencial
105602;2026-08-06;18:00;Letícia Fernandes;11980000015;São Caetano do Sul;SP;Renata Souza;Pedicure;Unhas;38.0;PIX;Concluído;Presencial
105603;2026-08-06;18:00;Natália Ribeiro;11980000358;Santo André;SP;Bruna Oliveira;Alongamento de unhas;Unhas;0.0;Cartão de crédito;Cancelado;Presencial
105604;2026-08-06;18:00;Sabrina Oliveira;11980000034;São Bernardo do Campo;SP;Bruna Oliveira;Design + Henna;Sobrancelhas;60.0;Cartão de crédito;Concluído;Telefone
105605;2026-08-07;09:00;Larissa Oliveira;11980000074;São Caetano do Sul;SP;Larissa Santos;Manutenção de cílios;Cílios;90.0;Cartão de crédito;Concluído;WhatsApp
105606;2026-08-07;09:30;Simone Ferreira;11980000390;Mauá;SP;Patrícia Alves;Escova;Cabelos;70.0;Cartão de débito;Concluído;Presencial
105607;2026-08-07;10:00;Letícia Carvalho;11980000109;Diadema;SP;Patrícia Alves;Esmaltação em gel;Unhas;0.0;Cartão de débito;Cancelado;WhatsApp
105608;2026-08-07;10:00;Amanda Barbosa;11980000290;São Paulo;SP;Camila Rodrigues;Design de sobrancelhas;Sobrancelhas;45.0;Cartão de débito;Concluído;Presencial
105609;2026-08-07;11:00;Sabrina Oliveira;11980000266;São Paulo;SP;Renata Souza;Escova;Cabelos;66.5;Dinheiro;Concluído;Presencial
105610;2026-08-07;11:30;Camila Ferreira;11980000386;São Caetano do Sul;SP;Patrícia Alves;Pedicure;Unhas;40.0;Cartão de crédito;Concluído;WhatsApp
105611;2026-08-07;11:30;Larissa Rocha;11980000430;Santo André;SP;Juliana Martins;Manicure + Pedicure;Unhas;70.0;Cartão de crédito;Concluído;Telefone
105612;2026-08-07;13:00;Daniela Lima;11980000399;São Paulo;SP;Juliana Martins;Esmaltação em gel;Unhas;76.0;Dinheiro;Concluído;Instagram
105613;2026-08-07;13:00;Larissa Ribeiro;11980000116;São Bernardo do Campo;SP;Juliana Martins;Corte feminino;Cabelos;85.0;PIX;Concluído;Telefone
105614;2026-08-07;14:00;Juliana Mendes;11980000188;São Caetano do Sul;SP;Bruna Oliveira;Esmaltação em gel;Unhas;0.0;Dinheiro;Cancelado;Telefone
105615;2026-08-07;14:30;Raquel Rocha;11980000339;Mauá;SP;Camila Rodrigues;Manicure;Unhas;35.0;Cartão de débito;Concluído;WhatsApp
105616;2026-08-07;14:30;Larissa Pereira;11980000105;Santo André;SP;Patrícia Alves;Manicure + Pedicure;Unhas;70.0;Cartão de crédito;Concluído;WhatsApp
105617;2026-08-07;14:30;Monique Barbosa;11980000250;São Paulo;SP;Larissa Santos;Manicure + Pedicure;Unhas;70.0;Cartão de débito;Concluído;Presencial
105618;2026-08-07;14:30;Sabrina Carvalho;11980000124;Mauá;SP;Fernanda Costa;Manicure + Pedicure;Unhas;70.0;Cartão de débito;Concluído;Instagram
105619;2026-08-07;15:00;Viviane Ferreira;11980000073;Mauá;SP;Camila Rodrigues;Manicure + Pedicure;Unhas;70.0;PIX;Concluído;Telefone
105620;2026-08-07;15:00;Tatiane Martins;11980000406;Santo André;SP;Larissa Santos;Manicure + Pedicure;Unhas;70.0;Dinheiro;Concluído;Telefone
105621;2026-08-07;15:30;Simone Silva;11980000035;São Paulo;SP;Larissa Santos;Manicure;Unhas;35.0;PIX;Concluído;Telefone
105622;2026-08-07;16:00;Mariana Oliveira;11980000207;São Caetano do Sul;SP;Patrícia Alves;Manicure + Pedicure;Unhas;63.0;PIX;Concluído;WhatsApp
105623;2026-08-07;16:00;Raquel Gomes;11980000432;Santo André;SP;Juliana Martins;Esmaltação em gel;Unhas;76.0;Cartão de débito;Concluído;WhatsApp
105624;2026-08-07;16:30;Elaine Gomes;11980000195;Santo André;SP;Patrícia Alves;Alongamento de unhas;Unhas;150.0;Cartão de crédito;Concluído;Presencial
105625;2026-08-07;16:30;Rafaela Ribeiro;11980000153;São Paulo;SP;Fernanda Costa;Manicure;Unhas;35.0;Dinheiro;Concluído;WhatsApp
105626;2026-08-07;17:00;Renata Martins;11980000133;São Caetano do Sul;SP;Mariana Silva;Escova;Cabelos;70.0;Dinheiro;Concluído;WhatsApp
105627;2026-08-07;17:00;Camila Souza;11980000360;Mauá;SP;Camila Rodrigues;Spa dos pés;Estética;65.0;Cartão de crédito;Concluído;Telefone
105628;2026-08-07;17:00;Flávia Martins;11980000344;São Paulo;SP;Larissa Santos;Hidratação;Cabelos;95.0;Dinheiro;Concluído;Presencial
105629;2026-08-07;17:00;Bianca Ribeiro;11980000288;São Paulo;SP;Bruna Oliveira;Manicure;Unhas;35.0;Cartão de crédito;Concluído;Presencial
105630;2026-08-07;17:00;Tatiane Silva;11980000289;Santo André;SP;Camila Rodrigues;Manicure + Pedicure;Unhas;70.0;Cartão de crédito;Concluído;Presencial
105631;2026-08-07;17:30;Beatriz Gomes;11980000076;Mauá;SP;Mariana Silva;Manutenção de alongamento;Unhas;100.0;PIX;Concluído;WhatsApp
105632;2026-08-07;17:30;Priscila Barbosa;11980000150;Santo André;SP;Bruna Oliveira;Pedicure;Unhas;40.0;Cartão de crédito;Concluído;Presencial
105633;2026-08-07;17:30;Flávia Almeida;11980000192;São Bernardo do Campo;SP;Larissa Santos;Hidratação;Cabelos;95.0;Cartão de crédito;Concluído;Instagram
105634;2026-08-08;09:00;Simone Silva;11980000201;Diadema;SP;Fernanda Costa;Manicure + Pedicure;Unhas;70.0;Dinheiro;Concluído;WhatsApp
105635;2026-08-08;09:30;Simone Gomes;11980000351;São Paulo;SP;Juliana Martins;Manicure;Unhas;35.0;PIX;Concluído;WhatsApp
105636;2026-08-08;10:00;Patrícia Almeida;11980000118;São Caetano do Sul;SP;Juliana Martins;Pedicure;Unhas;40.0;Cartão de crédito;Concluído;Telefone
105637;2026-08-08;10:30;Raquel Rocha;11980000339;Mauá;SP;Bruna Oliveira;Manicure + Pedicure;Unhas;0.0;Cartão de débito;Cancelado;Presencial
105638;2026-08-08;10:30;Larissa Rocha;11980000430;Santo André;SP;Bruna Oliveira;Escova;Cabelos;70.0;Cartão de débito;Concluído;Presencial
105639;2026-08-08;11:00;Monique Almeida;11980000059;Santo André;SP;Bruna Oliveira;Esmaltação em gel;Unhas;80.0;Cartão de crédito;Concluído;Presencial
105640;2026-08-08;11:00;Patrícia Pereira;11980000347;Santo André;SP;Renata Souza;Extensão de cílios;Cílios;180.0;Dinheiro;Concluído;Presencial
105641;2026-08-08;11:30;Simone Silva;11980000035;São Paulo;SP;Larissa Santos;Escova;Cabelos;63.0;Dinheiro;Concluído;Presencial
105642;2026-08-08;11:30;Simone Ferreira;11980000202;Mauá;SP;Fernanda Costa;Manicure + Pedicure;Unhas;70.0;Dinheiro;Concluído;Telefone
105643;2026-08-08;13:00;Bianca Oliveira;11980000294;São Paulo;SP;Fernanda Costa;Manutenção de alongamento;Unhas;0.0;Dinheiro;Não Compareceu;Instagram
105644;2026-08-08;13:00;Viviane Ferreira;11980000073;Mauá;SP;Larissa Santos;Manicure;Unhas;35.0;Cartão de crédito;Concluído;Telefone
105645;2026-08-08;13:30;Camila Mendes;11980000138;Santo André;SP;Fernanda Costa;Alongamento de unhas;Unhas;150.0;Cartão de débito;Concluído;WhatsApp
105646;2026-08-08;13:30;Jéssica Santos;11980000297;Diadema;SP;Patrícia Alves;Manutenção de alongamento;Unhas;100.0;PIX;Concluído;WhatsApp
105647;2026-08-08;13:30;Jéssica Carvalho;11980000185;Diadema;SP;Larissa Santos;Design + Henna;Sobrancelhas;60.0;Cartão de crédito;Concluído;Instagram
105648;2026-08-08;14:00;Natália Pereira;11980000422;Mauá;SP;Juliana Martins;Alongamento de unhas;Unhas;150.0;Cartão de débito;Concluído;Presencial
105649;2026-08-08;14:30;Vanessa Lima;11980000342;Mauá;SP;Bruna Oliveira;Manutenção de alongamento;Unhas;90.0;Cartão de crédito;Concluído;Telefone
105650;2026-08-08;15:00;Isabela Silva;11980000238;São Caetano do Sul;SP;Camila Rodrigues;Manicure;Unhas;35.0;Cartão de crédito;Concluído;Telefone
105651;2026-08-08;15:00;Carla Lima;11980000433;Mauá;SP;Bruna Oliveira;Manicure + Pedicure;Unhas;70.0;Dinheiro;Concluído;Telefone
105652;2026-08-08;15:30;Viviane Ferreira;11980000440;Santo André;SP;Mariana Silva;Manutenção de cílios;Cílios;90.0;Cartão de crédito;Concluído;WhatsApp
105653;2026-08-08;15:30;Viviane Lima;11980000198;Mauá;SP;Patrícia Alves;Escova;Cabelos;70.0;Cartão de débito;Concluído;Presencial
105654;2026-08-08;16:00;Rafaela Santos;11980000040;São Paulo;SP;Patrícia Alves;Pedicure;Unhas;0.0;Cartão de débito;Cancelado;Telefone
105655;2026-08-08;17:00;Beatriz Rocha;11980000079;Santo André;SP;Mariana Silva;Extensão de cílios;Cílios;0.0;Cartão de crédito;Cancelado;Telefone
105656;2026-08-08;17:00;Mariana Rocha;11980000107;Diadema;SP;Mariana Silva;Manicure;Unhas;35.0;Dinheiro;Concluído;WhatsApp
105657;2026-08-08;17:00;Marcela Ferreira;11980000106;Santo André;SP;Patrícia Alves;Design de sobrancelhas;Sobrancelhas;45.0;Cartão de débito;Concluído;Presencial
105658;2026-08-08;17:30;Juliana Silva;11980000141;São Bernardo do Campo;SP;Fernanda Costa;Design de sobrancelhas;Sobrancelhas;45.0;Dinheiro;Concluído;Presencial
105659;2026-08-08;18:00;Simone Santos;11980000320;Mauá;SP;Renata Souza;Manicure + Pedicure;Unhas;70.0;Cartão de débito;Concluído;Presencial
105660;2026-08-10;09:00;Jéssica Gomes;11980000263;Santo André;SP;Renata Souza;Extensão de cílios;Cílios;180.0;PIX;Concluído;Telefone
105661;2026-08-10;10:30;Viviane Lima;11980000036;Mauá;SP;Juliana Martins;Pedicure;Unhas;40.0;Dinheiro;Concluído;Presencial
105662;2026-08-10;11:00;Daniela Ferreira;11980000108;Mauá;SP;Juliana Martins;Design + Henna;Sobrancelhas;60.0;Dinheiro;Concluído;Telefone
105663;2026-08-10;11:30;Patrícia Lima;11980000367;São Bernardo do Campo;SP;Bruna Oliveira;Design + Henna;Sobrancelhas;0.0;Dinheiro;Não Compareceu;WhatsApp
105664;2026-08-10;13:30;Luciana Santos;11980000217;Santo André;SP;Fernanda Costa;Spa dos pés;Estética;65.0;PIX;Concluído;Instagram
105665;2026-08-10;14:00;Priscila Mendes;11980000308;São Bernardo do Campo;SP;Bruna Oliveira;Hidratação;Cabelos;0.0;Cartão de débito;Cancelado;Telefone
105666;2026-08-10;15:00;Daniela Lima;11980000431;Diadema;SP;Fernanda Costa;Pedicure;Unhas;40.0;Dinheiro;Concluído;Presencial
105667;2026-08-10;15:30;Larissa Ribeiro;11980000247;Santo André;SP;Renata Souza;Manicure;Unhas;35.0;Cartão de crédito;Concluído;Presencial
105668;2026-08-10;15:30;Tatiane Pereira;11980000070;São Paulo;SP;Juliana Martins;Manicure;Unhas;0.0;Cartão de crédito;Cancelado;Instagram
105669;2026-08-10;15:30;Ana Carolina Souza;11980000001;São Paulo;SP;Larissa Santos;Esmaltação em gel;Unhas;80.0;PIX;Concluído;Instagram
105670;2026-08-10;15:30;Tatiane Silva;11980000072;São Paulo;SP;Renata Souza;Spa dos pés;Estética;65.0;Cartão de crédito;Concluído;Presencial
105671;2026-08-10;16:00;Natália Oliveira;11980000373;São Paulo;SP;Juliana Martins;Design de sobrancelhas;Sobrancelhas;45.0;Cartão de débito;Concluído;Instagram
105672;2026-08-10;16:30;Rafaela Barbosa;11980000381;Santo André;SP;Fernanda Costa;Manutenção de cílios;Cílios;90.0;Cartão de crédito;Concluído;WhatsApp
105673;2026-08-10;17:00;Viviane Mendes;11980000057;São Bernardo do Campo;SP;Camila Rodrigues;Pedicure;Unhas;40.0;PIX;Concluído;Presencial
105674;2026-08-10;17:30;Flávia Almeida;11980000285;São Paulo;SP;Mariana Silva;Esmaltação em gel;Unhas;80.0;Cartão de crédito;Concluído;Presencial
105675;2026-08-10;17:30;Juliana Martins;11980000180;São Caetano do Sul;SP;Camila Rodrigues;Escova;Cabelos;70.0;Cartão de crédito;Concluído;Instagram
105676;2026-08-10;17:30;Patrícia Santos;11980000213;Diadema;SP;Fernanda Costa;Design de sobrancelhas;Sobrancelhas;45.0;Cartão de débito;Concluído;WhatsApp
105677;2026-08-10;18:00;Daniela Ribeiro;11980000182;Diadema;SP;Juliana Martins;Pedicure;Unhas;40.0;Cartão de débito;Concluído;WhatsApp
105678;2026-08-11;09:00;Larissa Oliveira;11980000074;São Caetano do Sul;SP;Renata Souza;Design de sobrancelhas;Sobrancelhas;42.75;PIX;Concluído;Presencial
105679;2026-08-11;09:30;Fernanda Lima;11980000003;São Paulo;SP;Camila Rodrigues;Coloração;Cabelos;160.0;Cartão de crédito;Concluído;WhatsApp
105680;2026-08-11;09:30;Fernanda Santos;11980000405;São Bernardo do Campo;SP;Bruna Oliveira;Alongamento de unhas;Unhas;150.0;Cartão de débito;Concluído;Presencial
105681;2026-08-11;11:00;Daniela Almeida;11980000400;Mauá;SP;Patrícia Alves;Design + Henna;Sobrancelhas;60.0;Cartão de crédito;Concluído;Telefone
105682;2026-08-11;11:30;Sabrina Carvalho;11980000124;Mauá;SP;Patrícia Alves;Pedicure;Unhas;40.0;Cartão de crédito;Concluído;Presencial
105683;2026-08-11;13:00;Daniela Lima;11980000399;São Paulo;SP;Camila Rodrigues;Pedicure;Unhas;40.0;PIX;Concluído;Telefone
105684;2026-08-11;14:00;Isabela Mendes;11980000135;São Caetano do Sul;SP;Renata Souza;Manutenção de alongamento;Unhas;100.0;PIX;Concluído;Presencial
105685;2026-08-11;14:00;Tatiane Costa;11980000194;Diadema;SP;Larissa Santos;Alongamento de unhas;Unhas;150.0;PIX;Concluído;Telefone
105686;2026-08-11;14:30;Carla Santos;11980000060;São Paulo;SP;Camila Rodrigues;Hidratação;Cabelos;95.0;Cartão de crédito;Concluído;Presencial
105687;2026-08-11;15:00;Jéssica Martins;11980000028;Mauá;SP;Patrícia Alves;Extensão de cílios;Cílios;180.0;Cartão de crédito;Concluído;Presencial
105688;2026-08-11;15:00;Patrícia Pereira;11980000312;São Bernardo do Campo;SP;Fernanda Costa;Manutenção de cílios;Cílios;90.0;Cartão de débito;Concluído;Presencial
105689;2026-08-11;15:30;Viviane Silva;11980000402;Diadema;SP;Camila Rodrigues;Corte feminino;Cabelos;80.75;Cartão de débito;Concluído;Presencial
105690;2026-08-11;18:00;Cristiane Costa;11980000197;São Paulo;SP;Camila Rodrigues;Esmaltação em gel;Unhas;80.0;Dinheiro;Concluído;Presencial
105691;2026-08-12;09:30;Paula Mendes;11980000296;São Caetano do Sul;SP;Renata Souza;Manicure;Unhas;35.0;Dinheiro;Concluído;Presencial
105692;2026-08-12;09:30;Larissa Souza;11980000418;São Bernardo do Campo;SP;Bruna Oliveira;Manicure;Unhas;35.0;Cartão de débito;Concluído;WhatsApp
105693;2026-08-12;11:00;Renata Almeida;11980000155;Mauá;SP;Juliana Martins;Manicure + Pedicure;Unhas;63.0;Dinheiro;Concluído;Instagram
105694;2026-08-12;13:00;Raquel Silva;11980000275;Diadema;SP;Mariana Silva;Manicure;Unhas;35.0;PIX;Concluído;Telefone
105695;2026-08-12;14:00;Gabriela Pereira;11980000272;Mauá;SP;Bruna Oliveira;Pedicure;Unhas;40.0;Cartão de crédito;Concluído;Instagram
105696;2026-08-12;14:30;Juliana Ribeiro;11980000099;Santo André;SP;Bruna Oliveira;Manicure;Unhas;35.0;Dinheiro;Concluído;Presencial
105697;2026-08-12;15:30;Viviane Ribeiro;11980000045;Mauá;SP;Mariana Silva;Spa dos pés;Estética;65.0;PIX;Concluído;Presencial
105698;2026-08-12;17:00;Camila Costa;11980000190;São Paulo;SP;Larissa Santos;Manutenção de cílios;Cílios;90.0;Cartão de crédito;Concluído;Instagram
105699;2026-08-12;17:00;Raquel Pereira;11980000379;Mauá;SP;Fernanda Costa;Spa dos pés;Estética;61.75;Dinheiro;Concluído;Presencial
105700;2026-08-12;17:30;Renata Souza;11980000128;Mauá;SP;Renata Souza;Escova;Cabelos;70.0;PIX;Concluído;Telefone
105701;2026-08-12;17:30;Carla Santos;11980000060;São Paulo;SP;Mariana Silva;Manicure + Pedicure;Unhas;70.0;Cartão de débito;Concluído;Presencial
105702;2026-08-12;17:30;Isabela Ribeiro;11980000377;São Paulo;SP;Patrícia Alves;Corte feminino;Cabelos;85.0;Cartão de débito;Concluído;Presencial
105703;2026-08-13;09:00;Sabrina Martins;11980000215;Diadema;SP;Camila Rodrigues;Manutenção de alongamento;Unhas;100.0;Dinheiro;Concluído;Presencial
105704;2026-08-13;09:00;Tatiane Oliveira;11980000258;São Paulo;SP;Fernanda Costa;Design + Henna;Sobrancelhas;60.0;PIX;Concluído;WhatsApp
105705;2026-08-13;09:30;Sabrina Lima;11980000062;São Caetano do Sul;SP;Camila Rodrigues;Pedicure;Unhas;38.0;Dinheiro;Concluído;Presencial
105706;2026-08-13;09:30;Monique Lima;11980000449;São Bernardo do Campo;SP;Juliana Martins;Pedicure;Unhas;40.0;Cartão de crédito;Concluído;Telefone
105707;2026-08-13;09:30;Natália Martins;11980000131;São Paulo;SP;Fernanda Costa;Design de sobrancelhas;Sobrancelhas;42.75;Cartão de débito;Concluído;Telefone
105708;2026-08-13;10:30;Rafaela Gomes;11980000006;São Paulo;SP;Mariana Silva;Alongamento de unhas;Unhas;150.0;Cartão de crédito;Concluído;Instagram
105709;2026-08-13;11:00;Letícia Fernandes;11980000015;São Caetano do Sul;SP;Bruna Oliveira;Escova;Cabelos;70.0;Cartão de débito;Concluído;Instagram
105710;2026-08-13;11:00;Simone Oliveira;11980000058;São Paulo;SP;Fernanda Costa;Design de sobrancelhas;Sobrancelhas;40.5;Dinheiro;Concluído;WhatsApp
105711;2026-08-13;11:30;Sabrina Souza;11980000286;Diadema;SP;Renata Souza;Corte feminino;Cabelos;80.75;Cartão de crédito;Concluído;Presencial
105712;2026-08-13;15:30;Jéssica Martins;11980000028;Mauá;SP;Camila Rodrigues;Pedicure;Unhas;40.0;Dinheiro;Concluído;Instagram
105713;2026-08-13;16:00;Flávia Mendes;11980000129;Mauá;SP;Mariana Silva;Design + Henna;Sobrancelhas;0.0;Cartão de crédito;Cancelado;Instagram
105714;2026-08-13;17:00;Sabrina Oliveira;11980000034;São Bernardo do Campo;SP;Larissa Santos;Manicure + Pedicure;Unhas;70.0;Cartão de débito;Concluído;WhatsApp
105715;2026-08-13;17:30;Carla Martins;11980000265;Santo André;SP;Bruna Oliveira;Manicure;Unhas;35.0;Dinheiro;Concluído;Instagram
105716;2026-08-13;17:30;Larissa Lima;11980000260;Santo André;SP;Renata Souza;Manicure + Pedicure;Unhas;70.0;Cartão de crédito;Concluído;WhatsApp
105717;2026-08-13;17:30;Sabrina Souza;11980000286;Diadema;SP;Juliana Martins;Alongamento de unhas;Unhas;150.0;Dinheiro;Concluído;WhatsApp
105718;2026-08-14;09:00;Beatriz Ribeiro;11980000244;Diadema;SP;Juliana Martins;Corte feminino;Cabelos;85.0;PIX;Concluído;Presencial
105719;2026-08-14;09:00;Elaine Martins;11980000374;São Paulo;SP;Larissa Santos;Hidratação;Cabelos;95.0;Dinheiro;Concluído;Presencial
105720;2026-08-14;09:30;Fernanda Gomes;11980000191;São Paulo;SP;Bruna Oliveira;Manutenção de alongamento;Unhas;100.0;PIX;Concluído;WhatsApp
105721;2026-08-14;09:30;Paula Silva;11980000169;Diadema;SP;Larissa Santos;Manicure + Pedicure;Unhas;0.0;PIX;Cancelado;Telefone
105722;2026-08-14;10:00;Larissa Almeida;11980000010;Santo André;SP;Fernanda Costa;Corte feminino;Cabelos;80.75;Cartão de crédito;Concluído;Instagram
105723;2026-08-14;10:00;Aline Barbosa;11980000056;São Caetano do Sul;SP;Mariana Silva;Design + Henna;Sobrancelhas;60.0;Dinheiro;Concluído;Instagram
105724;2026-08-14;10:30;Sabrina Oliveira;11980000266;São Paulo;SP;Fernanda Costa;Manutenção de alongamento;Unhas;100.0;Cartão de crédito;Concluído;Presencial
105725;2026-08-14;10:30;Isabela Lima;11980000264;Diadema;SP;Larissa Santos;Manutenção de cílios;Cílios;85.5;PIX;Concluído;Instagram
105726;2026-08-14;11:30;Letícia Gomes;11980000240;Santo André;SP;Fernanda Costa;Extensão de cílios;Cílios;180.0;Dinheiro;Concluído;Presencial
105727;2026-08-14;13:00;Marcela Gomes;11980000080;São Caetano do Sul;SP;Juliana Martins;Spa dos pés;Estética;65.0;Cartão de crédito;Concluído;Telefone
105728;2026-08-14;13:00;Fernanda Santos;11980000425;Diadema;SP;Bruna Oliveira;Pedicure;Unhas;36.0;PIX;Concluído;Telefone
105729;2026-08-14;13:30;Bruna Gomes;11980000336;Mauá;SP;Renata Souza;Escova;Cabelos;70.0;Cartão de crédito;Concluído;Telefone
105730;2026-08-14;14:00;Natália Carvalho;11980000047;São Paulo;SP;Larissa Santos;Corte feminino;Cabelos;85.0;Cartão de débito;Concluído;Telefone
105731;2026-08-14;14:30;Simone Gomes;11980000351;São Paulo;SP;Juliana Martins;Manicure + Pedicure;Unhas;70.0;Cartão de débito;Concluído;WhatsApp
105732;2026-08-14;14:30;Aline Moreira;11980000017;São Caetano do Sul;SP;Mariana Silva;Manicure;Unhas;35.0;PIX;Concluído;Telefone
105733;2026-08-14;14:30;Daniela Ribeiro;11980000182;Diadema;SP;Larissa Santos;Corte feminino;Cabelos;0.0;Dinheiro;Cancelado;Telefone
105734;2026-08-14;15:00;Isabela Silva;11980000238;São Caetano do Sul;SP;Juliana Martins;Manicure;Unhas;35.0;Cartão de crédito;Concluído;WhatsApp
105735;2026-08-14;15:30;Flávia Cardoso;11980000027;Diadema;SP;Larissa Santos;Pedicure;Unhas;40.0;Dinheiro;Concluído;Telefone
105736;2026-08-14;16:00;Carla Oliveira;11980000115;Santo André;SP;Patrícia Alves;Escova;Cabelos;70.0;PIX;Concluído;Presencial
105737;2026-08-14;16:00;Monique Silva;11980000279;São Paulo;SP;Juliana Martins;Manicure;Unhas;35.0;PIX;Concluído;Instagram
105738;2026-08-14;16:00;Ana Santos;11980000054;São Bernardo do Campo;SP;Bruna Oliveira;Corte feminino;Cabelos;0.0;Cartão de crédito;Cancelado;Telefone
105739;2026-08-14;17:00;Tatiane Silva;11980000289;Santo André;SP;Larissa Santos;Manicure + Pedicure;Unhas;70.0;Cartão de débito;Concluído;Presencial
105740;2026-08-14;17:00;Simone Silva;11980000137;São Caetano do Sul;SP;Fernanda Costa;Pedicure;Unhas;40.0;Cartão de débito;Concluído;WhatsApp
105741;2026-08-14;17:00;Monique Barbosa;11980000250;São Paulo;SP;Juliana Martins;Manicure;Unhas;35.0;Cartão de crédito;Concluído;Telefone
105742;2026-08-14;17:30;Rafaela Gomes;11980000006;São Paulo;SP;Bruna Oliveira;Pedicure;Unhas;40.0;Cartão de crédito;Concluído;WhatsApp
105743;2026-08-14;17:30;Luciana Oliveira;11980000302;São Bernardo do Campo;SP;Mariana Silva;Manicure + Pedicure;Unhas;70.0;Cartão de crédito;Concluído;Instagram
105744;2026-08-15;09:00;Débora Barbosa;11980000092;Diadema;SP;Mariana Silva;Escova;Cabelos;70.0;PIX;Concluído;Instagram
105745;2026-08-15;09:00;Tatiane Silva;11980000072;São Paulo;SP;Renata Souza;Manicure;Unhas;35.0;Cartão de crédito;Concluído;WhatsApp
105746;2026-08-15;09:00;Carla Martins;11980000265;Santo André;SP;Fernanda Costa;Manutenção de cílios;Cílios;90.0;PIX;Concluído;Instagram
105747;2026-08-15;09:00;Elaine Souza;11980000111;Santo André;SP;Mariana Silva;Corte feminino;Cabelos;76.5;Cartão de crédito;Concluído;WhatsApp
105748;2026-08-15;09:30;Elaine Silva;11980000261;Mauá;SP;Bruna Oliveira;Manicure + Pedicure;Unhas;70.0;Cartão de débito;Concluído;Telefone
105749;2026-08-15;10:30;Sabrina Ferreira;11980000281;Santo André;SP;Patrícia Alves;Escova;Cabelos;70.0;Dinheiro;Concluído;Presencial
105750;2026-08-15;10:30;Elaine Barbosa;11980000332;São Bernardo do Campo;SP;Camila Rodrigues;Manicure + Pedicure;Unhas;0.0;Cartão de crédito;Não Compareceu;Instagram
105751;2026-08-15;10:30;Jéssica Carvalho;11980000185;Diadema;SP;Larissa Santos;Manutenção de cílios;Cílios;90.0;Cartão de crédito;Concluído;WhatsApp
105752;2026-08-15;11:00;Patrícia Lima;11980000367;São Bernardo do Campo;SP;Patrícia Alves;Pedicure;Unhas;0.0;Cartão de débito;Cancelado;Instagram
105753;2026-08-15;11:30;Jéssica Gomes;11980000263;Santo André;SP;Renata Souza;Corte feminino;Cabelos;85.0;PIX;Concluído;WhatsApp
105754;2026-08-15;11:30;Juliana Ribeiro;11980000282;Diadema;SP;Patrícia Alves;Esmaltação em gel;Unhas;80.0;Cartão de crédito;Concluído;Presencial
105755;2026-08-15;11:30;Raquel Carvalho;11980000168;Santo André;SP;Juliana Martins;Escova;Cabelos;0.0;Cartão de crédito;Cancelado;Telefone
105756;2026-08-15;13:00;Elaine Silva;11980000327;São Caetano do Sul;SP;Bruna Oliveira;Manicure + Pedicure;Unhas;70.0;Dinheiro;Concluído;WhatsApp
105757;2026-08-15;13:00;Luciana Lima;11980000249;São Paulo;SP;Juliana Martins;Escova;Cabelos;70.0;Cartão de débito;Concluído;Instagram
105758;2026-08-15;13:00;Isabela Santos;11980000208;Mauá;SP;Renata Souza;Manicure;Unhas;35.0;Cartão de crédito;Concluído;Telefone
105759;2026-08-15;13:30;Marcela Ferreira;11980000106;Santo André;SP;Juliana Martins;Corte feminino;Cabelos;85.0;Cartão de crédito;Concluído;Presencial
105760;2026-08-15;14:30;Fernanda Lima;11980000003;São Paulo;SP;Renata Souza;Esmaltação em gel;Unhas;76.0;Dinheiro;Concluído;Instagram
105761;2026-08-15;14:30;Priscila Martins;11980000187;Santo André;SP;Juliana Martins;Alongamento de unhas;Unhas;150.0;PIX;Concluído;Presencial
105762;2026-08-15;16:00;Camila Santos;11980000291;São Paulo;SP;Patrícia Alves;Design + Henna;Sobrancelhas;60.0;Cartão de crédito;Concluído;Presencial
105763;2026-08-15;16:00;Luciana Barbosa;11980000204;São Bernardo do Campo;SP;Fernanda Costa;Manutenção de alongamento;Unhas;95.0;Dinheiro;Concluído;Presencial
105764;2026-08-15;16:00;Jéssica Lima;11980000427;Mauá;SP;Fernanda Costa;Manicure;Unhas;0.0;Cartão de crédito;Cancelado;Telefone
105765;2026-08-15;16:30;Daniela Barbosa;11980000253;Mauá;SP;Larissa Santos;Alongamento de unhas;Unhas;150.0;PIX;Concluído;Instagram
105766;2026-08-15;16:30;Juliana Silva;11980000141;São Bernardo do Campo;SP;Fernanda Costa;Esmaltação em gel;Unhas;80.0;PIX;Concluído;Telefone
105767;2026-08-15;16:30;Fernanda Almeida;11980000154;Diadema;SP;Juliana Martins;Hidratação;Cabelos;85.5;Cartão de débito;Concluído;Instagram
105768;2026-08-15;17:00;Cristiane Ferreira;11980000295;Diadema;SP;Fernanda Costa;Manicure;Unhas;35.0;PIX;Concluído;Presencial
105769;2026-08-16;13:00;Luciana Santos;11980000103;São Paulo;SP;Larissa Santos;Spa dos pés;Estética;65.0;PIX;Concluído;Telefone
105770;2026-08-17;09:00;Rafaela Barbosa;11980000381;Santo André;SP;Mariana Silva;Design + Henna;Sobrancelhas;60.0;Dinheiro;Concluído;WhatsApp
105771;2026-08-17;13:30;Fernanda Almeida;11980000154;Diadema;SP;Fernanda Costa;Design + Henna;Sobrancelhas;60.0;Cartão de débito;Concluído;Telefone
105772;2026-08-17;14:30;Renata Ribeiro;11980000228;Diadema;SP;Juliana Martins;Pedicure;Unhas;40.0;Dinheiro;Concluído;Telefone
105773;2026-08-17;15:30;Viviane Lima;11980000198;Mauá;SP;Mariana Silva;Pedicure;Unhas;40.0;Cartão de crédito;Concluído;Telefone
105774;2026-08-17;15:30;Bianca Ferreira;11980000300;São Caetano do Sul;SP;Patrícia Alves;Manutenção de alongamento;Unhas;100.0;Cartão de crédito;Concluído;Presencial
105775;2026-08-17;17:00;Priscila Ribeiro;11980000178;São Paulo;SP;Camila Rodrigues;Manicure + Pedicure;Unhas;70.0;PIX;Concluído;Telefone
105776;2026-08-17;17:00;Letícia Costa;11980000164;Diadema;SP;Camila Rodrigues;Manutenção de cílios;Cílios;90.0;Cartão de débito;Concluído;WhatsApp
105777;2026-08-17;17:30;Elaine Santos;11980000176;São Caetano do Sul;SP;Patrícia Alves;Corte feminino;Cabelos;0.0;Cartão de débito;Cancelado;Presencial
105778;2026-08-18;09:00;Jéssica Souza;11980000086;Mauá;SP;Mariana Silva;Manicure;Unhas;35.0;Cartão de crédito;Concluído;Instagram
105779;2026-08-18;09:30;Beatriz Silva;11980000439;Santo André;SP;Larissa Santos;Manutenção de alongamento;Unhas;100.0;Dinheiro;Concluído;WhatsApp
105780;2026-08-18;09:30;Isabela Lima;11980000264;Diadema;SP;Patrícia Alves;Pedicure;Unhas;40.0;Cartão de crédito;Concluído;WhatsApp
105781;2026-08-18;09:30;Vanessa Lima;11980000342;Mauá;SP;Renata Souza;Esmaltação em gel;Unhas;80.0;PIX;Concluído;Instagram
105782;2026-08-18;09:30;Viviane Mendes;11980000057;São Bernardo do Campo;SP;Mariana Silva;Spa dos pés;Estética;61.75;Cartão de débito;Concluído;Presencial
105783;2026-08-18;09:30;Cristiane Martins;11980000252;Santo André;SP;Juliana Martins;Escova;Cabelos;70.0;Cartão de débito;Concluído;Presencial
105784;2026-08-18;11:30;Carla Santos;11980000060;São Paulo;SP;Mariana Silva;Manicure;Unhas;33.25;Dinheiro;Concluído;WhatsApp
105785;2026-08-18;11:30;Beatriz Santos;11980000007;Mauá;SP;Mariana Silva;Escova;Cabelos;0.0;PIX;Cancelado;Telefone
105786;2026-08-18;13:00;Fernanda Lima;11980000003;São Paulo;SP;Fernanda Costa;Manutenção de cílios;Cílios;90.0;Cartão de débito;Concluído;WhatsApp
105787;2026-08-18;14:00;Gabriela Lima;11980000321;Mauá;SP;Larissa Santos;Pedicure;Unhas;40.0;Cartão de débito;Concluído;WhatsApp
105788;2026-08-18;14:30;Amanda Ribeiro;11980000012;Diadema;SP;Larissa Santos;Spa dos pés;Estética;65.0;PIX;Concluído;Presencial
105789;2026-08-18;15:00;Gabriela Silva;11980000415;São Paulo;SP;Mariana Silva;Design + Henna;Sobrancelhas;60.0;PIX;Concluído;Telefone
105790;2026-08-18;15:30;Renata Souza;11980000128;Mauá;SP;Larissa Santos;Manicure;Unhas;35.0;PIX;Concluído;Instagram
105791;2026-08-18;16:00;Vanessa Rocha;11980000119;Diadema;SP;Mariana Silva;Pedicure;Unhas;40.0;Cartão de débito;Concluído;WhatsApp
105792;2026-08-18;16:30;Fernanda Gomes;11980000191;São Paulo;SP;Mariana Silva;Esmaltação em gel;Unhas;72.0;PIX;Concluído;Telefone
105793;2026-08-18;16:30;Tatiane Silva;11980000289;Santo André;SP;Larissa Santos;Esmaltação em gel;Unhas;80.0;PIX;Concluído;Instagram
105794;2026-08-18;17:00;Bianca Ferreira;11980000225;São Paulo;SP;Larissa Santos;Manicure;Unhas;0.0;PIX;Não Compareceu;WhatsApp
105795;2026-08-18;17:30;Letícia Carvalho;11980000109;Diadema;SP;Camila Rodrigues;Manutenção de cílios;Cílios;90.0;Cartão de crédito;Concluído;WhatsApp
105796;2026-08-18;18:00;Priscila Barbosa;11980000162;São Paulo;SP;Bruna Oliveira;Esmaltação em gel;Unhas;80.0;Cartão de débito;Concluído;Instagram
105797;2026-08-18;18:00;Carla Lima;11980000433;Mauá;SP;Mariana Silva;Escova;Cabelos;70.0;Cartão de crédito;Concluído;Telefone
105798;2026-08-19;09:30;Luciana Mendes;11980000146;São Caetano do Sul;SP;Renata Souza;Alongamento de unhas;Unhas;150.0;Cartão de crédito;Concluído;Telefone
105799;2026-08-19;09:30;Juliana Costa;11980000359;Diadema;SP;Juliana Martins;Design de sobrancelhas;Sobrancelhas;45.0;PIX;Concluído;Presencial
105800;2026-08-19;10:00;Gabriela Gomes;11980000257;São Caetano do Sul;SP;Mariana Silva;Hidratação;Cabelos;0.0;PIX;Não Compareceu;Telefone
105801;2026-08-19;10:30;Carla Lima;11980000433;Mauá;SP;Mariana Silva;Design de sobrancelhas;Sobrancelhas;45.0;Dinheiro;Concluído;Telefone
105802;2026-08-19;14:00;Amanda Mendes;11980000127;São Bernardo do Campo;SP;Patrícia Alves;Pedicure;Unhas;40.0;Dinheiro;Concluído;Telefone
105803;2026-08-19;14:30;Patrícia Martins;11980000274;Santo André;SP;Renata Souza;Manicure;Unhas;35.0;PIX;Concluído;WhatsApp
105804;2026-08-19;18:00;Fernanda Pereira;11980000292;Santo André;SP;Mariana Silva;Manicure;Unhas;35.0;PIX;Concluído;Presencial
105805;2026-08-20;09:00;Fernanda Almeida;11980000363;Diadema;SP;Camila Rodrigues;Manutenção de alongamento;Unhas;100.0;PIX;Concluído;Presencial
105806;2026-08-20;09:00;Monique Ribeiro;11980000227;Santo André;SP;Bruna Oliveira;Manicure + Pedicure;Unhas;70.0;Cartão de débito;Concluído;WhatsApp
105807;2026-08-20;09:30;Luciana Martins;11980000143;Mauá;SP;Camila Rodrigues;Esmaltação em gel;Unhas;80.0;PIX;Concluído;WhatsApp
105808;2026-08-20;10:00;Beatriz Lima;11980000365;São Caetano do Sul;SP;Renata Souza;Design de sobrancelhas;Sobrancelhas;45.0;Dinheiro;Concluído;Telefone
105809;2026-08-20;10:00;Beatriz Barbosa;11980000214;Mauá;SP;Mariana Silva;Alongamento de unhas;Unhas;150.0;Cartão de crédito;Concluído;Instagram
105810;2026-08-20;11:30;Patrícia Ribeiro;11980000044;São Bernardo do Campo;SP;Bruna Oliveira;Manutenção de alongamento;Unhas;100.0;Dinheiro;Concluído;Instagram
105811;2026-08-20;17:00;Bianca Ferreira;11980000132;São Paulo;SP;Renata Souza;Pedicure;Unhas;0.0;PIX;Cancelado;Instagram
105812;2026-08-20;17:30;Natália Rocha;11980000277;Santo André;SP;Bruna Oliveira;Manicure + Pedicure;Unhas;70.0;Cartão de débito;Concluído;Telefone
105813;2026-08-21;09:00;Simone Almeida;11980000184;Santo André;SP;Patrícia Alves;Corte feminino;Cabelos;85.0;Dinheiro;Concluído;Presencial
105814;2026-08-21;09:00;Fernanda Santos;11980000425;Diadema;SP;Fernanda Costa;Manicure;Unhas;35.0;Cartão de débito;Concluído;Presencial
105815;2026-08-21;09:30;Monique Santos;11980000031;Diadema;SP;Juliana Martins;Design de sobrancelhas;Sobrancelhas;45.0;Cartão de crédito;Concluído;WhatsApp
105816;2026-08-21;09:30;Carla Barbosa;11980000053;Mauá;SP;Patrícia Alves;Manicure + Pedicure;Unhas;70.0;Dinheiro;Concluído;Presencial
105817;2026-08-21;09:30;Monique Mendes;11980000419;Santo André;SP;Renata Souza;Escova;Cabelos;70.0;Dinheiro;Concluído;Presencial
105818;2026-08-21;10:00;Raquel Lima;11980000173;Santo André;SP;Larissa Santos;Pedicure;Unhas;40.0;Cartão de débito;Concluído;WhatsApp
105819;2026-08-21;10:30;Jéssica Gomes;11980000049;Diadema;SP;Mariana Silva;Pedicure;Unhas;40.0;Cartão de débito;Concluído;Instagram
105820;2026-08-21;10:30;Patrícia Rocha;11980000085;Mauá;SP;Larissa Santos;Manutenção de alongamento;Unhas;100.0;PIX;Concluído;Presencial
105821;2026-08-21;10:30;Débora Costa;11980000088;São Paulo;SP;Mariana Silva;Manicure;Unhas;35.0;Cartão de crédito;Concluído;Presencial
105822;2026-08-21;11:00;Paula Ferreira;11980000239;São Bernardo do Campo;SP;Camila Rodrigues;Manicure;Unhas;33.25;PIX;Concluído;Telefone
105823;2026-08-21;11:00;Flávia Martins;11980000344;São Paulo;SP;Patrícia Alves;Pedicure;Unhas;40.0;PIX;Concluído;Telefone
105824;2026-08-21;11:00;Amanda Souza;11980000368;São Paulo;SP;Camila Rodrigues;Pedicure;Unhas;40.0;Dinheiro;Concluído;WhatsApp
105825;2026-08-21;11:00;Paula Mendes;11980000032;Santo André;SP;Fernanda Costa;Hidratação;Cabelos;95.0;Cartão de débito;Concluído;Presencial
105826;2026-08-21;11:30;Isabela Silva;11980000238;São Caetano do Sul;SP;Bruna Oliveira;Manicure;Unhas;35.0;PIX;Concluído;WhatsApp
105827;2026-08-21;13:00;Elaine Santos;11980000176;São Caetano do Sul;SP;Mariana Silva;Esmaltação em gel;Unhas;80.0;Dinheiro;Concluído;Telefone
105828;2026-08-21;14:00;Luciana Lima;11980000249;São Paulo;SP;Mariana Silva;Extensão de cílios;Cílios;180.0;Cartão de crédito;Concluído;Instagram
105829;2026-08-21;14:00;Tatiane Oliveira;11980000258;São Paulo;SP;Fernanda Costa;Manicure + Pedicure;Unhas;70.0;Dinheiro;Concluído;WhatsApp
105830;2026-08-21;15:00;Priscila Barbosa;11980000162;São Paulo;SP;Larissa Santos;Manicure;Unhas;35.0;Cartão de débito;Concluído;Presencial
105831;2026-08-21;16:00;Sabrina Ferreira;11980000281;Santo André;SP;Juliana Martins;Manicure;Unhas;0.0;Cartão de crédito;Não Compareceu;Instagram
105832;2026-08-21;16:00;Camila Santos;11980000291;São Paulo;SP;Mariana Silva;Manicure;Unhas;31.5;PIX;Concluído;WhatsApp
105833;2026-08-21;16:00;Rafaela Ribeiro;11980000442;Mauá;SP;Renata Souza;Manicure;Unhas;35.0;Cartão de débito;Concluído;Presencial
105834;2026-08-21;16:30;Vanessa Gomes;11980000075;Santo André;SP;Larissa Santos;Manicure;Unhas;33.25;Cartão de crédito;Concluído;Instagram
105835;2026-08-21;17:00;Bruna Gomes;11980000336;Mauá;SP;Fernanda Costa;Corte feminino;Cabelos;0.0;PIX;Cancelado;WhatsApp
105836;2026-08-21;17:00;Monique Ribeiro;11980000166;Diadema;SP;Bruna Oliveira;Pedicure;Unhas;40.0;PIX;Concluído;Telefone
105837;2026-08-21;17:00;Paula Barbosa;11980000130;Santo André;SP;Mariana Silva;Coloração;Cabelos;160.0;Dinheiro;Concluído;Instagram
105838;2026-08-21;17:30;Ana Santos;11980000054;São Bernardo do Campo;SP;Mariana Silva;Manutenção de alongamento;Unhas;100.0;Cartão de débito;Concluído;WhatsApp
105839;2026-08-22;09:00;Renata Rocha;11980000423;Santo André;SP;Patrícia Alves;Manutenção de cílios;Cílios;90.0;Cartão de crédito;Concluído;Telefone
105840;2026-08-22;09:30;Natália Barbosa;11980000016;Diadema;SP;Fernanda Costa;Alongamento de unhas;Unhas;150.0;Cartão de crédito;Concluído;WhatsApp
105841;2026-08-22;10:00;Elaine Santos;11980000176;São Caetano do Sul;SP;Renata Souza;Design de sobrancelhas;Sobrancelhas;45.0;Cartão de crédito;Concluído;Instagram
105842;2026-08-22;10:00;Beatriz Ferreira;11980000098;São Bernardo do Campo;SP;Renata Souza;Manicure + Pedicure;Unhas;70.0;PIX;Concluído;Telefone
105843;2026-08-22;10:00;Renata Martins;11980000133;São Caetano do Sul;SP;Larissa Santos;Pedicure;Unhas;0.0;Dinheiro;Cancelado;WhatsApp
105844;2026-08-22;10:00;Bianca Ferreira;11980000132;São Paulo;SP;Bruna Oliveira;Pedicure;Unhas;40.0;Cartão de débito;Concluído;Instagram
105845;2026-08-22;11:00;Monique Ribeiro;11980000166;Diadema;SP;Fernanda Costa;Manicure + Pedicure;Unhas;66.5;PIX;Concluído;Presencial
105846;2026-08-22;11:30;Fernanda Lima;11980000003;São Paulo;SP;Camila Rodrigues;Corte feminino;Cabelos;85.0;Cartão de crédito;Concluído;Presencial
105847;2026-08-22;11:30;Viviane Lima;11980000036;Mauá;SP;Mariana Silva;Manicure;Unhas;33.25;PIX;Concluído;Instagram
105848;2026-08-22;13:00;Monique Ribeiro;11980000407;São Paulo;SP;Bruna Oliveira;Manicure + Pedicure;Unhas;70.0;Cartão de crédito;Concluído;WhatsApp
105849;2026-08-22;13:00;Bianca Ribeiro;11980000288;São Paulo;SP;Camila Rodrigues;Pedicure;Unhas;40.0;Dinheiro;Concluído;Presencial
105850;2026-08-22;13:30;Amanda Souza;11980000368;São Paulo;SP;Camila Rodrigues;Manutenção de alongamento;Unhas;100.0;PIX;Concluído;Instagram
105851;2026-08-22;13:30;Natália Oliveira;11980000373;São Paulo;SP;Juliana Martins;Esmaltação em gel;Unhas;80.0;PIX;Concluído;WhatsApp
105852;2026-08-22;14:00;Priscila Ribeiro;11980000178;São Paulo;SP;Juliana Martins;Design + Henna;Sobrancelhas;54.0;Dinheiro;Concluído;Telefone
105853;2026-08-22;14:00;Jéssica Gomes;11980000084;São Paulo;SP;Renata Souza;Design + Henna;Sobrancelhas;60.0;Cartão de débito;Concluído;Telefone
105854;2026-08-22;14:30;Natália Carvalho;11980000047;São Paulo;SP;Bruna Oliveira;Spa dos pés;Estética;65.0;Cartão de crédito;Concluído;Instagram
105855;2026-08-22;15:00;Aline Pereira;11980000319;São Paulo;SP;Fernanda Costa;Esmaltação em gel;Unhas;80.0;Cartão de débito;Concluído;WhatsApp
105856;2026-08-22;15:30;Gabriela Martins;11980000011;Santo André;SP;Renata Souza;Esmaltação em gel;Unhas;80.0;Cartão de crédito;Concluído;Instagram
105857;2026-08-22;15:30;Sabrina Ferreira;11980000042;São Bernardo do Campo;SP;Fernanda Costa;Pedicure;Unhas;40.0;PIX;Concluído;Presencial
105858;2026-08-22;15:30;Elaine Martins;11980000324;Diadema;SP;Larissa Santos;Manicure + Pedicure;Unhas;0.0;Cartão de crédito;Não Compareceu;Instagram
105859;2026-08-22;15:30;Bianca Lopes;11980000023;Diadema;SP;Renata Souza;Manicure + Pedicure;Unhas;70.0;Dinheiro;Concluído;WhatsApp
105860;2026-08-22;16:00;Bianca Costa;11980000226;Mauá;SP;Bruna Oliveira;Escova;Cabelos;70.0;Cartão de crédito;Concluído;Telefone
105861;2026-08-22;16:30;Marcela Ferreira;11980000160;Santo André;SP;Mariana Silva;Escova;Cabelos;70.0;Dinheiro;Concluído;WhatsApp
105862;2026-08-22;17:00;Flávia Lima;11980000089;Diadema;SP;Camila Rodrigues;Escova;Cabelos;70.0;Cartão de crédito;Concluído;Presencial
105863;2026-08-22;17:00;Isabela Ribeiro;11980000377;São Paulo;SP;Mariana Silva;Corte feminino;Cabelos;80.75;Cartão de crédito;Concluído;WhatsApp
105864;2026-08-22;17:00;Natália Oliveira;11980000373;São Paulo;SP;Fernanda Costa;Design + Henna;Sobrancelhas;60.0;PIX;Concluído;Instagram
105865;2026-08-22;17:30;Renata Lima;11980000372;São Caetano do Sul;SP;Camila Rodrigues;Alongamento de unhas;Unhas;150.0;Cartão de débito;Concluído;WhatsApp
105866;2026-08-22;17:30;Simone Silva;11980000137;São Caetano do Sul;SP;Mariana Silva;Design de sobrancelhas;Sobrancelhas;42.75;Dinheiro;Concluído;Presencial
105867;2026-08-23;17:30;Juliana Silva;11980000395;Mauá;SP;Bruna Oliveira;Pedicure;Unhas;0.0;Dinheiro;Cancelado;Instagram
105868;2026-08-24;09:00;Marcela Martins;11980000199;São Paulo;SP;Fernanda Costa;Escova;Cabelos;70.0;Cartão de crédito;Concluído;WhatsApp
105869;2026-08-24;09:00;Renata Silva;11980000149;Santo André;SP;Camila Rodrigues;Design + Henna;Sobrancelhas;60.0;Dinheiro;Concluído;Telefone
105870;2026-08-24;11:00;Daniela Ribeiro;11980000171;Diadema;SP;Camila Rodrigues;Manicure;Unhas;35.0;Cartão de débito;Concluído;Instagram
105871;2026-08-24;11:30;Bruna Carvalho;11980000013;São Paulo;SP;Patrícia Alves;Design + Henna;Sobrancelhas;60.0;PIX;Concluído;Telefone
105872;2026-08-24;11:30;Bruna Barbosa;11980000446;Santo André;SP;Renata Souza;Extensão de cílios;Cílios;180.0;Dinheiro;Concluído;Presencial
105873;2026-08-24;11:30;Elaine Martins;11980000324;Diadema;SP;Mariana Silva;Corte feminino;Cabelos;76.5;Cartão de débito;Concluído;Instagram
105874;2026-08-24;11:30;Paula Martins;11980000323;São Paulo;SP;Juliana Martins;Pedicure;Unhas;40.0;PIX;Concluído;Telefone
105875;2026-08-24;13:00;Rafaela Mendes;11980000114;Santo André;SP;Fernanda Costa;Design + Henna;Sobrancelhas;60.0;Cartão de débito;Concluído;Instagram
105876;2026-08-24;13:00;Viviane Lima;11980000036;Mauá;SP;Fernanda Costa;Pedicure;Unhas;40.0;Cartão de débito;Concluído;Telefone
105877;2026-08-24;13:00;Aline Moreira;11980000017;São Caetano do Sul;SP;Mariana Silva;Pedicure;Unhas;40.0;Dinheiro;Concluído;Telefone
105878;2026-08-24;15:00;Jéssica Gomes;11980000084;São Paulo;SP;Juliana Martins;Alongamento de unhas;Unhas;150.0;Cartão de débito;Concluído;Instagram
105879;2026-08-24;15:00;Viviane Ferreira;11980000073;Mauá;SP;Juliana Martins;Pedicure;Unhas;40.0;PIX;Concluído;Telefone
105880;2026-08-24;15:30;Camila Silva;11980000041;São Paulo;SP;Patrícia Alves;Spa dos pés;Estética;65.0;Cartão de crédito;Concluído;Instagram
105881;2026-08-24;16:30;Viviane Carvalho;11980000354;São Caetano do Sul;SP;Fernanda Costa;Design de sobrancelhas;Sobrancelhas;45.0;Cartão de débito;Concluído;WhatsApp
105882;2026-08-24;16:30;Paula Ribeiro;11980000450;São Caetano do Sul;SP;Juliana Martins;Escova;Cabelos;70.0;Dinheiro;Concluído;Presencial
105883;2026-08-24;17:30;Letícia Silva;11980000411;Santo André;SP;Mariana Silva;Coloração;Cabelos;160.0;Cartão de débito;Concluído;Instagram
105884;2026-08-24;18:00;Monique Lima;11980000449;São Bernardo do Campo;SP;Patrícia Alves;Manicure + Pedicure;Unhas;70.0;Cartão de débito;Concluído;Telefone
105885;2026-08-24;18:00;Fernanda Ribeiro;11980000237;Diadema;SP;Patrícia Alves;Manicure;Unhas;31.5;Cartão de crédito;Concluído;Instagram
105886;2026-08-25;09:00;Aline Gomes;11980000222;São Bernardo do Campo;SP;Renata Souza;Design + Henna;Sobrancelhas;60.0;Cartão de crédito;Concluído;Telefone
105887;2026-08-25;09:30;Juliana Santos;11980000362;São Paulo;SP;Patrícia Alves;Hidratação;Cabelos;95.0;Cartão de débito;Concluído;Telefone
105888;2026-08-25;10:00;Simone Oliveira;11980000416;Mauá;SP;Fernanda Costa;Manutenção de alongamento;Unhas;0.0;Dinheiro;Não Compareceu;Presencial
105889;2026-08-25;10:00;Monique Barbosa;11980000139;São Caetano do Sul;SP;Juliana Martins;Manicure;Unhas;35.0;PIX;Concluído;Presencial
105890;2026-08-25;11:30;Monique Ribeiro;11980000166;Diadema;SP;Bruna Oliveira;Design de sobrancelhas;Sobrancelhas;42.75;PIX;Concluído;Instagram
105891;2026-08-25;11:30;Beatriz Almeida;11980000157;São Caetano do Sul;SP;Juliana Martins;Corte feminino;Cabelos;85.0;Cartão de débito;Concluído;Presencial
105892;2026-08-25;11:30;Sabrina Barbosa;11980000380;Santo André;SP;Mariana Silva;Hidratação;Cabelos;95.0;Cartão de débito;Concluído;Presencial
105893;2026-08-25;13:00;Letícia Lima;11980000209;São Bernardo do Campo;SP;Renata Souza;Manicure + Pedicure;Unhas;70.0;PIX;Concluído;WhatsApp
105894;2026-08-25;13:30;Natália Ribeiro;11980000358;Santo André;SP;Larissa Santos;Escova;Cabelos;70.0;Cartão de débito;Concluído;WhatsApp
105895;2026-08-25;14:00;Gabriela Barbosa;11980000243;São Paulo;SP;Juliana Martins;Manicure;Unhas;33.25;PIX;Concluído;WhatsApp
105896;2026-08-25;14:30;Gabriela Barbosa;11980000268;Santo André;SP;Fernanda Costa;Design de sobrancelhas;Sobrancelhas;45.0;Cartão de débito;Concluído;WhatsApp
105897;2026-08-25;16:00;Juliana Santos;11980000234;São Caetano do Sul;SP;Camila Rodrigues;Design de sobrancelhas;Sobrancelhas;45.0;Cartão de débito;Concluído;Telefone
105898;2026-08-25;16:00;Jéssica Almeida;11980000052;São Caetano do Sul;SP;Bruna Oliveira;Manicure + Pedicure;Unhas;70.0;PIX;Concluído;Presencial
105899;2026-08-25;16:30;Cristiane Martins;11980000252;Santo André;SP;Larissa Santos;Manicure + Pedicure;Unhas;70.0;Dinheiro;Concluído;Presencial
105900;2026-08-25;17:00;Flávia Martins;11980000412;São Bernardo do Campo;SP;Camila Rodrigues;Hidratação;Cabelos;95.0;Cartão de crédito;Concluído;Presencial
105901;2026-08-25;17:00;Isabela Ribeiro;11980000377;São Paulo;SP;Bruna Oliveira;Manutenção de cílios;Cílios;90.0;Dinheiro;Concluído;Presencial
105902;2026-08-25;18:00;Isabela Rocha;11980000014;Santo André;SP;Patrícia Alves;Design + Henna;Sobrancelhas;60.0;PIX;Concluído;WhatsApp
105903;2026-08-25;18:00;Débora Costa;11980000134;São Paulo;SP;Camila Rodrigues;Design + Henna;Sobrancelhas;57.0;Cartão de débito;Concluído;WhatsApp
105904;2026-08-25;18:00;Raquel Pereira;11980000037;São Bernardo do Campo;SP;Larissa Santos;Manicure;Unhas;35.0;Dinheiro;Concluído;Telefone
105905;2026-08-26;09:00;Jéssica Carvalho;11980000185;Diadema;SP;Camila Rodrigues;Esmaltação em gel;Unhas;80.0;Cartão de débito;Concluído;WhatsApp
105906;2026-08-26;09:00;Cristiane Martins;11980000252;Santo André;SP;Patrícia Alves;Alongamento de unhas;Unhas;150.0;Dinheiro;Concluído;Instagram
105907;2026-08-26;09:00;Vanessa Almeida;11980000311;São Paulo;SP;Patrícia Alves;Corte feminino;Cabelos;85.0;Cartão de crédito;Concluído;Instagram
105908;2026-08-26;10:30;Flávia Lima;11980000089;Diadema;SP;Bruna Oliveira;Design de sobrancelhas;Sobrancelhas;45.0;Cartão de débito;Concluído;Presencial
105909;2026-08-26;11:00;Flávia Lima;11980000089;Diadema;SP;Fernanda Costa;Manicure + Pedicure;Unhas;70.0;Dinheiro;Concluído;WhatsApp
105910;2026-08-26;11:00;Juliana Santos;11980000071;São Paulo;SP;Fernanda Costa;Manicure + Pedicure;Unhas;70.0;Cartão de crédito;Concluído;Instagram
105911;2026-08-26;11:30;Carla Oliveira;11980000384;Diadema;SP;Larissa Santos;Manicure;Unhas;35.0;Cartão de débito;Concluído;Instagram
105912;2026-08-26;13:00;Bruna Barbosa;11980000446;Santo André;SP;Fernanda Costa;Hidratação;Cabelos;95.0;PIX;Concluído;WhatsApp
105913;2026-08-26;14:00;Cristiane Lima;11980000338;Mauá;SP;Bruna Oliveira;Design de sobrancelhas;Sobrancelhas;45.0;Cartão de débito;Concluído;Telefone
105914;2026-08-26;14:00;Paula Mendes;11980000414;Diadema;SP;Larissa Santos;Design de sobrancelhas;Sobrancelhas;45.0;Cartão de débito;Concluído;Instagram
105915;2026-08-26;14:00;Camila Carvalho;11980000210;São Bernardo do Campo;SP;Fernanda Costa;Pedicure;Unhas;40.0;Cartão de débito;Concluído;WhatsApp
105916;2026-08-26;14:30;Daniela Rocha;11980000355;São Caetano do Sul;SP;Renata Souza;Pedicure;Unhas;40.0;Cartão de débito;Concluído;Presencial
105917;2026-08-26;18:00;Viviane Martins;11980000068;São Paulo;SP;Renata Souza;Extensão de cílios;Cílios;180.0;PIX;Concluído;Presencial
105918;2026-08-27;09:00;Beatriz Gomes;11980000076;Mauá;SP;Camila Rodrigues;Coloração;Cabelos;160.0;Cartão de crédito;Concluído;WhatsApp
105919;2026-08-27;10:30;Viviane Barbosa;11980000101;São Bernardo do Campo;SP;Patrícia Alves;Corte feminino;Cabelos;85.0;Cartão de crédito;Concluído;Telefone
105920;2026-08-27;11:00;Elaine Ferreira;11980000216;São Paulo;SP;Larissa Santos;Manutenção de cílios;Cílios;90.0;Dinheiro;Concluído;Telefone
105921;2026-08-27;11:30;Letícia Silva;11980000411;Santo André;SP;Fernanda Costa;Manutenção de cílios;Cílios;90.0;Cartão de débito;Concluído;Presencial
105922;2026-08-27;11:30;Beatriz Lima;11980000278;São Bernardo do Campo;SP;Patrícia Alves;Spa dos pés;Estética;65.0;Cartão de crédito;Concluído;Telefone
105923;2026-08-27;13:30;Viviane Silva;11980000402;Diadema;SP;Larissa Santos;Escova;Cabelos;70.0;PIX;Concluído;WhatsApp
105924;2026-08-27;13:30;Simone Gomes;11980000205;Santo André;SP;Camila Rodrigues;Escova;Cabelos;70.0;Dinheiro;Concluído;Presencial
105925;2026-08-27;14:00;Patrícia Lima;11980000367;São Bernardo do Campo;SP;Patrícia Alves;Manicure;Unhas;33.25;Cartão de débito;Concluído;Telefone
105926;2026-08-27;14:00;Luciana Santos;11980000103;São Paulo;SP;Camila Rodrigues;Pedicure;Unhas;40.0;Cartão de débito;Concluído;Instagram
105927;2026-08-27;15:00;Simone Gomes;11980000205;Santo André;SP;Camila Rodrigues;Pedicure;Unhas;40.0;Cartão de crédito;Concluído;Instagram
105928;2026-08-27;17:30;Amanda Souza;11980000368;São Paulo;SP;Patrícia Alves;Pedicure;Unhas;40.0;Cartão de débito;Concluído;Telefone
105929;2026-08-27;18:00;Raquel Pereira;11980000037;São Bernardo do Campo;SP;Bruna Oliveira;Escova;Cabelos;70.0;PIX;Concluído;Telefone
105930;2026-08-28;09:30;Raquel Pereira;11980000379;Mauá;SP;Juliana Martins;Pedicure;Unhas;40.0;Dinheiro;Concluído;WhatsApp
105931;2026-08-28;09:30;Patrícia Pereira;11980000246;São Caetano do Sul;SP;Renata Souza;Manicure + Pedicure;Unhas;70.0;Dinheiro;Concluído;Telefone
105932;2026-08-28;10:30;Rafaela Souza;11980000280;São Caetano do Sul;SP;Mariana Silva;Manicure;Unhas;35.0;Cartão de crédito;Concluído;Instagram
105933;2026-08-28;11:00;Raquel Gomes;11980000432;Santo André;SP;Patrícia Alves;Esmaltação em gel;Unhas;80.0;PIX;Concluído;Instagram
105934;2026-08-28;11:30;Beatriz Oliveira;11980000329;São Caetano do Sul;SP;Larissa Santos;Corte feminino;Cabelos;85.0;Cartão de débito;Concluído;Telefone
105935;2026-08-28;13:00;Fernanda Santos;11980000405;São Bernardo do Campo;SP;Camila Rodrigues;Spa dos pés;Estética;65.0;Cartão de crédito;Concluído;Instagram
105936;2026-08-28;13:00;Patrícia Pereira;11980000220;Diadema;SP;Larissa Santos;Design de sobrancelhas;Sobrancelhas;45.0;Cartão de crédito;Concluído;Presencial
105937;2026-08-28;13:30;Monique Ribeiro;11980000166;Diadema;SP;Mariana Silva;Hidratação;Cabelos;85.5;PIX;Concluído;WhatsApp
105938;2026-08-28;13:30;Natália Oliveira;11980000373;São Paulo;SP;Mariana Silva;Manutenção de alongamento;Unhas;90.0;Cartão de débito;Concluído;Instagram
105939;2026-08-28;14:00;Natália Ribeiro;11980000358;Santo André;SP;Bruna Oliveira;Escova;Cabelos;70.0;Cartão de débito;Concluído;WhatsApp
105940;2026-08-28;14:00;Cristiane Ferreira;11980000295;Diadema;SP;Mariana Silva;Pedicure;Unhas;40.0;Dinheiro;Concluído;WhatsApp
105941;2026-08-28;14:30;Fernanda Ribeiro;11980000256;São Paulo;SP;Camila Rodrigues;Pedicure;Unhas;40.0;PIX;Concluído;Telefone
105942;2026-08-28;15:00;Camila Souza;11980000360;Mauá;SP;Fernanda Costa;Coloração;Cabelos;160.0;Dinheiro;Concluído;WhatsApp
105943;2026-08-28;15:00;Raquel Costa;11980000033;São Caetano do Sul;SP;Juliana Martins;Manutenção de alongamento;Unhas;100.0;Dinheiro;Concluído;Telefone
105944;2026-08-28;15:30;Beatriz Barbosa;11980000214;Mauá;SP;Larissa Santos;Manutenção de alongamento;Unhas;100.0;Dinheiro;Concluído;Presencial
105945;2026-08-28;15:30;Larissa Santos;11980000248;São Bernardo do Campo;SP;Mariana Silva;Coloração;Cabelos;152.0;Dinheiro;Concluído;WhatsApp
105946;2026-08-28;16:00;Bruna Ferreira;11980000148;Santo André;SP;Juliana Martins;Manutenção de cílios;Cílios;0.0;Cartão de crédito;Cancelado;Instagram
105947;2026-08-28;17:00;Bruna Barbosa;11980000446;Santo André;SP;Larissa Santos;Extensão de cílios;Cílios;180.0;PIX;Concluído;WhatsApp
105948;2026-08-28;17:30;Carla Oliveira;11980000115;Santo André;SP;Fernanda Costa;Manicure;Unhas;35.0;PIX;Concluído;Telefone
105949;2026-08-28;17:30;Beatriz Oliveira;11980000329;São Caetano do Sul;SP;Patrícia Alves;Hidratação;Cabelos;90.25;Cartão de crédito;Concluído;Instagram
105950;2026-08-28;17:30;Paula Souza;11980000283;São Paulo;SP;Juliana Martins;Manutenção de cílios;Cílios;90.0;Dinheiro;Concluído;Instagram
105951;2026-08-28;17:30;Débora Costa;11980000134;São Paulo;SP;Camila Rodrigues;Escova;Cabelos;0.0;Dinheiro;Cancelado;Presencial
105952;2026-08-28;18:00;Paula Ferreira;11980000239;São Bernardo do Campo;SP;Juliana Martins;Design + Henna;Sobrancelhas;60.0;Dinheiro;Concluído;Instagram
105953;2026-08-28;18:00;Letícia Ribeiro;11980000270;São Caetano do Sul;SP;Larissa Santos;Manicure;Unhas;35.0;Cartão de crédito;Concluído;Instagram
105954;2026-08-28;18:00;Aline Pereira;11980000322;Mauá;SP;Larissa Santos;Esmaltação em gel;Unhas;80.0;PIX;Concluído;Telefone
105955;2026-08-29;09:00;Fernanda Martins;11980000200;Diadema;SP;Camila Rodrigues;Manicure + Pedicure;Unhas;70.0;PIX;Concluído;WhatsApp
105956;2026-08-29;09:30;Mariana Rocha;11980000107;Diadema;SP;Patrícia Alves;Pedicure;Unhas;40.0;PIX;Concluído;Instagram
105957;2026-08-29;10:00;Sabrina Oliveira;11980000266;São Paulo;SP;Larissa Santos;Design de sobrancelhas;Sobrancelhas;45.0;PIX;Concluído;WhatsApp
105958;2026-08-29;10:30;Aline Almeida;11980000083;Mauá;SP;Bruna Oliveira;Pedicure;Unhas;40.0;Dinheiro;Concluído;Instagram
105959;2026-08-29;10:30;Natália Rocha;11980000277;Santo André;SP;Patrícia Alves;Esmaltação em gel;Unhas;76.0;Dinheiro;Concluído;Presencial
105960;2026-08-29;11:00;Beatriz Ferreira;11980000098;São Bernardo do Campo;SP;Larissa Santos;Alongamento de unhas;Unhas;142.5;Cartão de crédito;Concluído;Presencial
105961;2026-08-29;11:00;Bianca Costa;11980000388;São Bernardo do Campo;SP;Bruna Oliveira;Escova;Cabelos;70.0;Dinheiro;Concluído;Instagram
105962;2026-08-29;11:30;Raquel Rocha;11980000339;Mauá;SP;Patrícia Alves;Hidratação;Cabelos;0.0;Cartão de crédito;Cancelado;Telefone
105963;2026-08-29;11:30;Elaine Ferreira;11980000242;São Caetano do Sul;SP;Mariana Silva;Manicure;Unhas;33.25;Cartão de crédito;Concluído;WhatsApp
105964;2026-08-29;14:00;Simone Silva;11980000035;São Paulo;SP;Patrícia Alves;Manicure;Unhas;0.0;Dinheiro;Não Compareceu;Telefone
105965;2026-08-29;14:00;Cristiane Ferreira;11980000376;São Paulo;SP;Bruna Oliveira;Pedicure;Unhas;40.0;Dinheiro;Concluído;WhatsApp
105966;2026-08-29;14:00;Bianca Santos;11980000251;São Caetano do Sul;SP;Patrícia Alves;Design de sobrancelhas;Sobrancelhas;42.75;Cartão de crédito;Concluído;Presencial
105967;2026-08-29;14:00;Bruna Carvalho;11980000357;Mauá;SP;Patrícia Alves;Manicure;Unhas;35.0;PIX;Concluído;WhatsApp
105968;2026-08-29;14:00;Simone Santos;11980000320;Mauá;SP;Patrícia Alves;Pedicure;Unhas;40.0;Cartão de débito;Concluído;Telefone
105969;2026-08-29;14:00;Renata Souza;11980000128;Mauá;SP;Mariana Silva;Manicure;Unhas;35.0;Dinheiro;Concluído;Telefone
105970;2026-08-29;15:00;Fernanda Martins;11980000200;Diadema;SP;Patrícia Alves;Pedicure;Unhas;40.0;PIX;Concluído;Instagram
105971;2026-08-29;15:00;Juliana Silva;11980000349;Mauá;SP;Camila Rodrigues;Manutenção de alongamento;Unhas;100.0;Cartão de débito;Concluído;Presencial
105972;2026-08-29;16:00;Mariana Barbosa;11980000241;Santo André;SP;Larissa Santos;Manicure;Unhas;35.0;Dinheiro;Concluído;WhatsApp
105973;2026-08-29;16:00;Juliana Santos;11980000234;São Caetano do Sul;SP;Fernanda Costa;Manicure;Unhas;35.0;Dinheiro;Concluído;Telefone
105974;2026-08-29;16:00;Cristiane Santos;11980000378;Mauá;SP;Juliana Martins;Extensão de cílios;Cílios;180.0;PIX;Concluído;Telefone
105975;2026-08-29;16:00;Beatriz Santos;11980000065;Mauá;SP;Camila Rodrigues;Design + Henna;Sobrancelhas;60.0;Dinheiro;Concluído;Instagram
105976;2026-08-29;16:30;Tatiane Martins;11980000406;Santo André;SP;Renata Souza;Pedicure;Unhas;40.0;Dinheiro;Concluído;Telefone
105977;2026-08-29;16:30;Juliana Martins;11980000180;São Caetano do Sul;SP;Juliana Martins;Pedicure;Unhas;40.0;Cartão de débito;Concluído;Telefone
105978;2026-08-29;17:00;Paula Almeida;11980000364;São Paulo;SP;Patrícia Alves;Manicure + Pedicure;Unhas;66.5;Dinheiro;Concluído;WhatsApp
105979;2026-08-29;17:00;Cristiane Lima;11980000338;Mauá;SP;Bruna Oliveira;Manutenção de alongamento;Unhas;100.0;PIX;Concluído;WhatsApp
105980;2026-08-29;17:30;Amanda Ribeiro;11980000012;Diadema;SP;Camila Rodrigues;Manutenção de alongamento;Unhas;90.0;PIX;Concluído;Instagram
105981;2026-08-29;17:30;Renata Lima;11980000372;São Caetano do Sul;SP;Fernanda Costa;Manutenção de cílios;Cílios;0.0;Dinheiro;Cancelado;Presencial
105982;2026-08-29;18:00;Natália Almeida;11980000163;São Caetano do Sul;SP;Bruna Oliveira;Manicure;Unhas;35.0;Cartão de débito;Concluído;Instagram
105983;2026-08-29;18:00;Vanessa Carvalho;11980000409;São Caetano do Sul;SP;Patrícia Alves;Hidratação;Cabelos;90.25;PIX;Concluído;Telefone
105984;2026-08-30;09:00;Letícia Costa;11980000164;Diadema;SP;Juliana Martins;Alongamento de unhas;Unhas;150.0;Cartão de crédito;Concluído;Presencial
105985;2026-08-31;09:00;Fernanda Ribeiro;11980000256;São Paulo;SP;Bruna Oliveira;Manicure + Pedicure;Unhas;70.0;PIX;Concluído;Telefone
105986;2026-08-31;09:30;Ana Santos;11980000054;São Bernardo do Campo;SP;Patrícia Alves;Alongamento de unhas;Unhas;150.0;Dinheiro;Concluído;Telefone
105987;2026-08-31;09:30;Paula Rocha;11980000097;São Bernardo do Campo;SP;Bruna Oliveira;Design de sobrancelhas;Sobrancelhas;45.0;Cartão de débito;Concluído;WhatsApp
105988;2026-08-31;09:30;Priscila Barbosa;11980000219;Mauá;SP;Bruna Oliveira;Esmaltação em gel;Unhas;80.0;Cartão de débito;Concluído;Presencial
105989;2026-08-31;10:00;Sabrina Ferreira;11980000042;São Bernardo do Campo;SP;Larissa Santos;Pedicure;Unhas;40.0;PIX;Concluído;Telefone
105990;2026-08-31;10:00;Gabriela Barbosa;11980000243;São Paulo;SP;Larissa Santos;Manicure;Unhas;0.0;Cartão de débito;Cancelado;Presencial
105991;2026-08-31;10:00;Elaine Oliveira;11980000158;Diadema;SP;Juliana Martins;Spa dos pés;Estética;65.0;Cartão de débito;Concluído;Instagram
105992;2026-08-31;11:30;Rafaela Mendes;11980000156;São Caetano do Sul;SP;Fernanda Costa;Manicure;Unhas;35.0;Cartão de débito;Concluído;WhatsApp
105993;2026-08-31;13:00;Priscila Barbosa;11980000147;Santo André;SP;Fernanda Costa;Extensão de cílios;Cílios;180.0;PIX;Concluído;Presencial
105994;2026-08-31;13:30;Rafaela Ribeiro;11980000442;Mauá;SP;Bruna Oliveira;Manicure + Pedicure;Unhas;0.0;Dinheiro;Cancelado;Telefone
105995;2026-08-31;13:30;Simone Mendes;11980000293;São Caetano do Sul;SP;Patrícia Alves;Escova;Cabelos;70.0;Dinheiro;Concluído;Instagram
105996;2026-08-31;14:00;Gabriela Barbosa;11980000243;São Paulo;SP;Camila Rodrigues;Design + Henna;Sobrancelhas;60.0;PIX;Concluído;Instagram
105997;2026-08-31;15:00;Amanda Ribeiro;11980000012;Diadema;SP;Bruna Oliveira;Manicure;Unhas;35.0;Cartão de crédito;Concluído;Telefone
105998;2026-08-31;17:00;Elaine Silva;11980000261;Mauá;SP;Mariana Silva;Manicure + Pedicure;Unhas;66.5;Dinheiro;Concluído;Presencial
105999;2026-08-31;17:00;Beatriz Santos;11980000007;Mauá;SP;Camila Rodrigues;Manutenção de alongamento;Unhas;100.0;Cartão de crédito;Concluído;WhatsApp
106000;2026-08-31;17:30;Viviane Rocha;11980000259;São Caetano do Sul;SP;Mariana Silva;Pedicure;Unhas;36.0;Dinheiro;Concluído;WhatsApp
